abs_path	label	detail
/Users/jackbowers/Archived - Box Sync/Language_Data/Mixtepec_Mixtec/MIX-Bibliography.xml	UNCLASSIFIABLE	no <u> elements found
/Users/jackbowers/Archived - Box Sync/Language_Data/Mixtepec_Mixtec/MIX-Lexical_Feature_Inventory.xml	UNCLASSIFIABLE	no <u> elements found
/Users/jackbowers/Archived - Box Sync/Language_Data/Mixtepec_Mixtec/MIX-Lexicon-TEI-Dict.xml	UNCLASSIFIABLE	no <u> elements found
/Users/jackbowers/Archived - Box Sync/Language_Data/Mixtepec_Mixtec/MIX-People.xml	UNCLASSIFIABLE	no <u> elements found
/Users/jackbowers/Archived - Box Sync/Language_Data/Mixtepec_Mixtec/MIX-Phonetics-Phonology-Inventory-fsdDecl-TEI.xml	UNCLASSIFIABLE	no <u> elements found
/Users/jackbowers/Archived - Box Sync/Language_Data/Mixtepec_Mixtec/MIX-Places.xml	UNCLASSIFIABLE	no <u> elements found
/Users/jackbowers/Archived - Box Sync/Language_Data/Mixtepec_Mixtec/SIL_docs/Aprendamos-2018/Aprendamos_el_idioma_mixteco_(Mixtepec).xml	UNCLASSIFIABLE	no <u> elements found
/Users/jackbowers/Archived - Box Sync/Language_Data/Mixtepec_Mixtec/SIL_docs/Aprendamos-2018/speech_transcriptions/Leccion_01.xml	sentence	15 <u> elements, consistent structure
/Users/jackbowers/Archived - Box Sync/Language_Data/Mixtepec_Mixtec/SIL_docs/Aprendamos-2018/speech_transcriptions/Leccion_02.xml	mixed	36 <u> elements, mixed structure: ['sentence', 'single-word']
/Users/jackbowers/Archived - Box Sync/Language_Data/Mixtepec_Mixtec/SIL_docs/Aprendamos-2018/speech_transcriptions/Leccion_03.xml	mixed	21 <u> elements, mixed structure: ['sentence', 'single-word']
/Users/jackbowers/Archived - Box Sync/Language_Data/Mixtepec_Mixtec/SIL_docs/Aprendamos-2018/speech_transcriptions/Leccion_04.xml	sentence	9 <u> elements, consistent structure
/Users/jackbowers/Archived - Box Sync/Language_Data/Mixtepec_Mixtec/SIL_docs/Aprendamos-2018/speech_transcriptions/Leccion_05.xml	single-word	33 <u> elements, consistent structure
/Users/jackbowers/Archived - Box Sync/Language_Data/Mixtepec_Mixtec/SIL_docs/Aprendamos-2018/speech_transcriptions/Leccion_07.xml	sentence	9 <u> elements, consistent structure
/Users/jackbowers/Archived - Box Sync/Language_Data/Mixtepec_Mixtec/SIL_docs/Aprendamos-2018/speech_transcriptions/Leccion_08.xml	sentence	8 <u> elements, consistent structure
/Users/jackbowers/Archived - Box Sync/Language_Data/Mixtepec_Mixtec/SIL_docs/Aprendamos-2018/speech_transcriptions/Leccion_09.xml	sentence	6 <u> elements, consistent structure
/Users/jackbowers/Archived - Box Sync/Language_Data/Mixtepec_Mixtec/SIL_docs/Aprendamos-2018/speech_transcriptions/Leccion_10.xml	mixed	10 <u> elements, mixed structure: ['sentence', 'single-word']
/Users/jackbowers/Archived - Box Sync/Language_Data/Mixtepec_Mixtec/SIL_docs/Aprendamos-2018/speech_transcriptions/Leccion_12.xml	mixed	10 <u> elements, mixed structure: ['sentence', 'single-word']
/Users/jackbowers/Archived - Box Sync/Language_Data/Mixtepec_Mixtec/SIL_docs/Aprendamos-2018/speech_transcriptions/_Los_Sonidos_del_mixteco.xml	single-word	41 <u> elements, consistent structure
/Users/jackbowers/Archived - Box Sync/Language_Data/Mixtepec_Mixtec/SIL_docs/Bichos/Bichos-SIL.xml	UNCLASSIFIABLE	no <u> elements found
/Users/jackbowers/Archived - Box Sync/Language_Data/Mixtepec_Mixtec/SIL_docs/L093/L093-tok.xml	UNCLASSIFIABLE	no <u> elements found
/Users/jackbowers/Archived - Box Sync/Language_Data/Mixtepec_Mixtec/SIL_docs/L094/L094-tok.xml	UNCLASSIFIABLE	no <u> elements found
/Users/jackbowers/Archived - Box Sync/Language_Data/Mixtepec_Mixtec/SIL_docs/L095/L095-tok-QA-rspns.xml	UNCLASSIFIABLE	no <u> elements found
/Users/jackbowers/Archived - Box Sync/Language_Data/Mixtepec_Mixtec/SIL_docs/L095/L095-tok.xml	UNCLASSIFIABLE	no <u> elements found
/Users/jackbowers/Archived - Box Sync/Language_Data/Mixtepec_Mixtec/SIL_docs/L097/L097-tok.xml	UNCLASSIFIABLE	no <u> elements found
/Users/jackbowers/Archived - Box Sync/Language_Data/Mixtepec_Mixtec/SIL_docs/L098/L098-tok.xml	UNCLASSIFIABLE	no <u> elements found
/Users/jackbowers/Archived - Box Sync/Language_Data/Mixtepec_Mixtec/SIL_docs/L099/L099-tok.xml	UNCLASSIFIABLE	no <u> elements found
/Users/jackbowers/Archived - Box Sync/Language_Data/Mixtepec_Mixtec/SIL_docs/L100/L100-tok.xml	UNCLASSIFIABLE	no <u> elements found
/Users/jackbowers/Archived - Box Sync/Language_Data/Mixtepec_Mixtec/SIL_docs/L101/L101-tok.xml	UNCLASSIFIABLE	no <u> elements found
/Users/jackbowers/Archived - Box Sync/Language_Data/Mixtepec_Mixtec/SIL_docs/L102/L102-tok.xml	UNCLASSIFIABLE	no <u> elements found
/Users/jackbowers/Archived - Box Sync/Language_Data/Mixtepec_Mixtec/SIL_docs/L103/L103-tok.xml	UNCLASSIFIABLE	no <u> elements found
/Users/jackbowers/Archived - Box Sync/Language_Data/Mixtepec_Mixtec/SIL_docs/L104/L104-tok.xml	UNCLASSIFIABLE	no <u> elements found
/Users/jackbowers/Archived - Box Sync/Language_Data/Mixtepec_Mixtec/SIL_docs/L106/L106-tok.xml	UNCLASSIFIABLE	no <u> elements found
/Users/jackbowers/Archived - Box Sync/Language_Data/Mixtepec_Mixtec/SIL_docs/L106/aunt-N.xml	UNCLASSIFIABLE	no <u> elements found
/Users/jackbowers/Archived - Box Sync/Language_Data/Mixtepec_Mixtec/SIL_docs/L144/L144-tok.xml	UNCLASSIFIABLE	no <u> elements found
/Users/jackbowers/Archived - Box Sync/Language_Data/Mixtepec_Mixtec/SIL_docs/L145/L145-tok.xml	UNCLASSIFIABLE	no <u> elements found
/Users/jackbowers/Archived - Box Sync/Language_Data/Mixtepec_Mixtec/SIL_docs/L146/L146-tok.xml	UNCLASSIFIABLE	no <u> elements found
/Users/jackbowers/Archived - Box Sync/Language_Data/Mixtepec_Mixtec/SIL_docs/L147/L147-tok.xml	UNCLASSIFIABLE	no <u> elements found
/Users/jackbowers/Archived - Box Sync/Language_Data/Mixtepec_Mixtec/SIL_docs/L148/L148-tok.xml	UNCLASSIFIABLE	no <u> elements found
/Users/jackbowers/Archived - Box Sync/Language_Data/Mixtepec_Mixtec/SIL_docs/L149/L149-tok.xml	UNCLASSIFIABLE	no <u> elements found
/Users/jackbowers/Archived - Box Sync/Language_Data/Mixtepec_Mixtec/SIL_docs/L150/L150-tok.xml	UNCLASSIFIABLE	no <u> elements found
/Users/jackbowers/Archived - Box Sync/Language_Data/Mixtepec_Mixtec/SIL_docs/L151/L151-tok.xml	UNCLASSIFIABLE	no <u> elements found
/Users/jackbowers/Archived - Box Sync/Language_Data/Mixtepec_Mixtec/SIL_docs/L152/L152-tok.xml	UNCLASSIFIABLE	no <u> elements found
/Users/jackbowers/Archived - Box Sync/Language_Data/Mixtepec_Mixtec/SIL_docs/L153/L153-tok.xml	UNCLASSIFIABLE	no <u> elements found
/Users/jackbowers/Archived - Box Sync/Language_Data/Mixtepec_Mixtec/SIL_docs/L154/L154-tok.xml	UNCLASSIFIABLE	no <u> elements found
/Users/jackbowers/Archived - Box Sync/Language_Data/Mixtepec_Mixtec/SIL_docs/L155/L155-tok.xml	UNCLASSIFIABLE	no <u> elements found
/Users/jackbowers/Archived - Box Sync/Language_Data/Mixtepec_Mixtec/SIL_docs/L156/L156-tok.xml	UNCLASSIFIABLE	no <u> elements found
/Users/jackbowers/Archived - Box Sync/Language_Data/Mixtepec_Mixtec/SIL_docs/L157/L157-tok.xml	UNCLASSIFIABLE	no <u> elements found
/Users/jackbowers/Archived - Box Sync/Language_Data/Mixtepec_Mixtec/SIL_docs/L158/L158-tok.xml	UNCLASSIFIABLE	no <u> elements found
/Users/jackbowers/Archived - Box Sync/Language_Data/Mixtepec_Mixtec/SIL_docs/L159/L159-tok.xml	UNCLASSIFIABLE	no <u> elements found
/Users/jackbowers/Archived - Box Sync/Language_Data/Mixtepec_Mixtec/SIL_docs/L160/L160-tok.xml	UNCLASSIFIABLE	no <u> elements found
/Users/jackbowers/Archived - Box Sync/Language_Data/Mixtepec_Mixtec/SIL_docs/L161/L161-tok.xml	UNCLASSIFIABLE	no <u> elements found
/Users/jackbowers/Archived - Box Sync/Language_Data/Mixtepec_Mixtec/SIL_docs/L162/L162-tok.xml	UNCLASSIFIABLE	no <u> elements found
/Users/jackbowers/Archived - Box Sync/Language_Data/Mixtepec_Mixtec/SIL_docs/L163/L163-tok.xml	UNCLASSIFIABLE	no <u> elements found
/Users/jackbowers/Archived - Box Sync/Language_Data/Mixtepec_Mixtec/SIL_docs/L331/L331-tok.xml	UNCLASSIFIABLE	no <u> elements found
/Users/jackbowers/Archived - Box Sync/Language_Data/Mixtepec_Mixtec/SIL_docs/Mille/GUIA_ORTOGRAFICA_PRELIMINAR_Short_version.xml	UNCLASSIFIABLE	no <u> elements found
/Users/jackbowers/Archived - Box Sync/Language_Data/Mixtepec_Mixtec/SIL_docs/Mille/Mixtepec Mixtec Pronouns System.xml	UNCLASSIFIABLE	no <u> elements found
/Users/jackbowers/Archived - Box Sync/Language_Data/Mixtepec_Mixtec/SIL_docs/Mille/Puntos a recordar en la escritura del mixteco.xml	UNCLASSIFIABLE	no <u> elements found
/Users/jackbowers/Archived - Box Sync/Language_Data/Mixtepec_Mixtec/SIL_docs/Mille/Tabla de pronombres en mixteco.xml	UNCLASSIFIABLE	no <u> elements found
/Users/jackbowers/Archived - Box Sync/Language_Data/Mixtepec_Mixtec/SIL_docs/Modismos/Modismos-MIX-SIL-TEI.xml	UNCLASSIFIABLE	no <u> elements found
/Users/jackbowers/Archived - Box Sync/Language_Data/Mixtepec_Mixtec/SIL_docs/Parangon/ParangonMixtepec-MNieves-TEI.xml	UNCLASSIFIABLE	no <u> elements found
/Users/jackbowers/Archived - Box Sync/Language_Data/Mixtepec_Mixtec/SIL_docs/aves-2014/Las_aves-mix.xml	UNCLASSIFIABLE	no <u> elements found
/Users/jackbowers/Archived - Box Sync/Language_Data/Mixtepec_Mixtec/SIL_docs/cruxigramas-2014/Cruxigramas-tei.xml	UNCLASSIFIABLE	no <u> elements found
/Users/jackbowers/Archived - Box Sync/Language_Data/Mixtepec_Mixtec/VOCESvocab-tei.xml	UNCLASSIFIABLE	no <u> elements found
/Users/jackbowers/Archived - Box Sync/Language_Data/Mixtepec_Mixtec/exports/BaseX-extractions/couplets-o_u.xml	UNCLASSIFIABLE	PARSE ERROR: Extra content at the end of the document, line 2, column 1 (couplets-o_u.xml, line 2)
/Users/jackbowers/Archived - Box Sync/Language_Data/Mixtepec_Mixtec/media/speech-mix/annotate-later/duplicateTokens/ADJ_difficult_01_spkrTS.xml	single-word	1 <u> elements, consistent structure
/Users/jackbowers/Archived - Box Sync/Language_Data/Mixtepec_Mixtec/media/speech-mix/annotate-later/duplicateTokens/ADJ_difficult_02_spkrTS.xml	single-word	1 <u> elements, consistent structure
/Users/jackbowers/Archived - Box Sync/Language_Data/Mixtepec_Mixtec/media/speech-mix/annotate-later/duplicateTokens/ADJ_fat_02_spkrTS.xml	single-word	1 <u> elements, consistent structure
/Users/jackbowers/Archived - Box Sync/Language_Data/Mixtepec_Mixtec/media/speech-mix/annotate-later/longerFiles/MONO_description_of_baby_goat_video_TS.xml	UNCLASSIFIABLE	no <u> elements found
/Users/jackbowers/Archived - Box Sync/Language_Data/Mixtepec_Mixtec/metadata/190701_0072-plantain-tree-meatadata.xml	UNCLASSIFIABLE	no <u> elements found
/Users/jackbowers/Archived - Box Sync/Language_Data/Mixtepec_Mixtec/metadata/190708_0192-uncle-on-name-skuiia-metdata.xml	UNCLASSIFIABLE	no <u> elements found
/Users/jackbowers/Archived - Box Sync/Language_Data/Mixtepec_Mixtec/metadata/190709_0198-plant-yuku-kini-meatadata.xml	UNCLASSIFIABLE	no <u> elements found
/Users/jackbowers/Archived - Box Sync/Language_Data/Mixtepec_Mixtec/metadata/190710_0268-tickle-meatadata.xml	UNCLASSIFIABLE	no <u> elements found
/Users/jackbowers/Archived - Box Sync/Language_Data/Mixtepec_Mixtec/misc-sources/Conocelos/conocelos-chikui.xml	UNCLASSIFIABLE	no <u> elements found
/Users/jackbowers/Archived - Box Sync/Language_Data/Mixtepec_Mixtec/misc-sources/Conocelos/conocelos-sayo'o.xml	UNCLASSIFIABLE	no <u> elements found
/Users/jackbowers/Archived - Box Sync/Language_Data/Mixtepec_Mixtec/misc-sources/Conocelos/vocab-conocelos-mx-fb.xml	whole-utterance	1 <u> elements, consistent structure
/Users/jackbowers/Archived - Box Sync/Language_Data/Mixtepec_Mixtec/misc-sources/Jerry_Guillem_Mixtec/bees/MYUC-1042.xml	whole-utterance	269 <u> elements, consistent structure
/Users/jackbowers/Archived - Box Sync/Language_Data/Mixtepec_Mixtec/misc-sources/Mexican-gov/258/258-INFOGRAFAENCASODESISMO_ENMIXTECODESANJUANMIXTEPEC_.xml	UNCLASSIFIABLE	no <u> elements found
/Users/jackbowers/Archived - Box Sync/Language_Data/Mixtepec_Mixtec/misc-sources/Mexican-gov/264/264-INFOGRAFACICLNALEJNDOSE_ENMIXTECODESANJUANMIXTEPEC_.xml	UNCLASSIFIABLE	no <u> elements found
/Users/jackbowers/Archived - Box Sync/Language_Data/Mixtepec_Mixtec/misc-sources/Mexican-gov/280/280-INFOGRAFASISMOSENMXICO-BRECHADEGUERRERO_ENMIXTECODESANJUANMIXTEPEC_.xml	UNCLASSIFIABLE	no <u> elements found
/Users/jackbowers/Archived - Box Sync/Language_Data/Mixtepec_Mixtec/misc-sources/Mexican-gov/281/281-INFOGRAFALADERASINESTABLES_ENMIXTECODESANJUANMIXTEPEC_.xml	UNCLASSIFIABLE	no <u> elements found
/Users/jackbowers/Archived - Box Sync/Language_Data/Mixtepec_Mixtec/misc-sources/Mexican-gov/308/308-INFOGRAFAINUNDACIONESSBITAS_ENMIXTECODESANJUANMIXTEPEC_.xml	UNCLASSIFIABLE	no <u> elements found
/Users/jackbowers/Archived - Box Sync/Language_Data/Mixtepec_Mixtec/misc-sources/NeededMixtecVocab2-20170807-TS.xml	UNCLASSIFIABLE	no <u> elements found
/Users/jackbowers/Archived - Box Sync/Language_Data/Mixtepec_Mixtec/misc-sources/NeededMixtecVocabulary20170806-TS.xml	UNCLASSIFIABLE	no <u> elements found
/Users/jackbowers/Archived - Box Sync/Language_Data/Mixtepec_Mixtec/misc-sources/Tisu-Vienna-Diary-201711.xml	UNCLASSIFIABLE	no <u> elements found
/Users/jackbowers/Archived - Box Sync/Language_Data/Mixtepec_Mixtec/misc-sources/corresp/correspDesc-MNieves-20170708.xml	UNCLASSIFIABLE	no <u> elements found
/Users/jackbowers/Archived - Box Sync/Language_Data/Mixtepec_Mixtec/misc-sources/corresp/correspDesc-MNieves-20170714-01.xml	UNCLASSIFIABLE	PARSE ERROR: ID MN already defined, line 37, column 37 (correspDesc-MNieves-20170714-01.xml, line 37)
/Users/jackbowers/Archived - Box Sync/Language_Data/Mixtepec_Mixtec/misc-sources/corresp/correspDesc-MNieves-20170714.xml	UNCLASSIFIABLE	no <u> elements found
/Users/jackbowers/Archived - Box Sync/Language_Data/Mixtepec_Mixtec/misc-sources/corresp/correspDesc-MNieves-20170724.xml	UNCLASSIFIABLE	no <u> elements found
/Users/jackbowers/Archived - Box Sync/Language_Data/Mixtepec_Mixtec/misc-sources/corresp/correspDesc-MNieves-20170727.xml	UNCLASSIFIABLE	no <u> elements found
/Users/jackbowers/Archived - Box Sync/Language_Data/Mixtepec_Mixtec/misc-sources/corresp/correspDesc-MNieves-20170728.xml	UNCLASSIFIABLE	no <u> elements found
/Users/jackbowers/Archived - Box Sync/Language_Data/Mixtepec_Mixtec/misc-sources/corresp/correspDesc-MNieves-20170801.xml	UNCLASSIFIABLE	no <u> elements found
/Users/jackbowers/Archived - Box Sync/Language_Data/Mixtepec_Mixtec/misc-sources/corresp/correspDesc-MNieves-201708010.xml	UNCLASSIFIABLE	no <u> elements found
/Users/jackbowers/Archived - Box Sync/Language_Data/Mixtepec_Mixtec/misc-sources/corresp/correspDesc-MNieves-201708019.xml	UNCLASSIFIABLE	no <u> elements found
/Users/jackbowers/Archived - Box Sync/Language_Data/Mixtepec_Mixtec/misc-sources/corresp/correspDesc-MNieves-20170805.xml	UNCLASSIFIABLE	no <u> elements found
/Users/jackbowers/Archived - Box Sync/Language_Data/Mixtepec_Mixtec/misc-sources/corresp/correspDesc-Tisu-MNieves-201708011.xml	UNCLASSIFIABLE	no <u> elements found
/Users/jackbowers/Archived - Box Sync/Language_Data/Mixtepec_Mixtec/misc-sources/vocab-20180914-Tisu.xml	whole-utterance	33 <u> elements, consistent structure
/Users/jackbowers/Archived - Box Sync/Language_Data/Mixtepec_Mixtec/paradigms/Untitled3.xml	UNCLASSIFIABLE	no <u> elements found
/Users/jackbowers/Archived - Box Sync/Language_Data/Mixtepec_Mixtec/paradigms/Untitled9.xml	UNCLASSIFIABLE	no <u> elements found
/Users/jackbowers/Archived - Box Sync/Language_Data/Mixtepec_Mixtec/paradigms/agreement-V.xml	UNCLASSIFIABLE	no <u> elements found
/Users/jackbowers/Archived - Box Sync/Language_Data/Mixtepec_Mixtec/paradigms/all-PRON.xml	UNCLASSIFIABLE	no <u> elements found
/Users/jackbowers/Archived - Box Sync/Language_Data/Mixtepec_Mixtec/paradigms/be-sad-hurt-V.xml	UNCLASSIFIABLE	no <u> elements found
/Users/jackbowers/Archived - Box Sync/Language_Data/Mixtepec_Mixtec/paradigms/be-scared-V.xml	UNCLASSIFIABLE	no <u> elements found
/Users/jackbowers/Archived - Box Sync/Language_Data/Mixtepec_Mixtec/paradigms/be_happy-V.xml	UNCLASSIFIABLE	no <u> elements found
/Users/jackbowers/Archived - Box Sync/Language_Data/Mixtepec_Mixtec/paradigms/be_sad-V.xml	UNCLASSIFIABLE	no <u> elements found
/Users/jackbowers/Archived - Box Sync/Language_Data/Mixtepec_Mixtec/paradigms/break-V.xml	UNCLASSIFIABLE	no <u> elements found
/Users/jackbowers/Archived - Box Sync/Language_Data/Mixtepec_Mixtec/paradigms/brother_in_law-N.xml	UNCLASSIFIABLE	no <u> elements found
/Users/jackbowers/Archived - Box Sync/Language_Data/Mixtepec_Mixtec/paradigms/build-V.xml	UNCLASSIFIABLE	no <u> elements found
/Users/jackbowers/Archived - Box Sync/Language_Data/Mixtepec_Mixtec/paradigms/close-V.xml	UNCLASSIFIABLE	no <u> elements found
/Users/jackbowers/Archived - Box Sync/Language_Data/Mixtepec_Mixtec/paradigms/collarbone-N.xml	UNCLASSIFIABLE	no <u> elements found
/Users/jackbowers/Archived - Box Sync/Language_Data/Mixtepec_Mixtec/paradigms/comb-N.xml	UNCLASSIFIABLE	no <u> elements found
/Users/jackbowers/Archived - Box Sync/Language_Data/Mixtepec_Mixtec/paradigms/cough-V.xml	UNCLASSIFIABLE	no <u> elements found
/Users/jackbowers/Archived - Box Sync/Language_Data/Mixtepec_Mixtec/paradigms/dream-V.xml	UNCLASSIFIABLE	no <u> elements found
/Users/jackbowers/Archived - Box Sync/Language_Data/Mixtepec_Mixtec/paradigms/drink-V.xml	UNCLASSIFIABLE	no <u> elements found
/Users/jackbowers/Archived - Box Sync/Language_Data/Mixtepec_Mixtec/paradigms/drop-V.xml	UNCLASSIFIABLE	no <u> elements found
/Users/jackbowers/Archived - Box Sync/Language_Data/Mixtepec_Mixtec/paradigms/enter-V.xml	UNCLASSIFIABLE	no <u> elements found
/Users/jackbowers/Archived - Box Sync/Language_Data/Mixtepec_Mixtec/paradigms/enter-interrupt-V.xml	UNCLASSIFIABLE	no <u> elements found
/Users/jackbowers/Archived - Box Sync/Language_Data/Mixtepec_Mixtec/paradigms/get-drunk-V.xml	UNCLASSIFIABLE	no <u> elements found
/Users/jackbowers/Archived - Box Sync/Language_Data/Mixtepec_Mixtec/paradigms/gravy-N.xml	UNCLASSIFIABLE	no <u> elements found
/Users/jackbowers/Archived - Box Sync/Language_Data/Mixtepec_Mixtec/paradigms/know-see-V.xml	UNCLASSIFIABLE	no <u> elements found
/Users/jackbowers/Archived - Box Sync/Language_Data/Mixtepec_Mixtec/paradigms/kuna-V.xml	UNCLASSIFIABLE	no <u> elements found
/Users/jackbowers/Archived - Box Sync/Language_Data/Mixtepec_Mixtec/paradigms/like-V.xml	UNCLASSIFIABLE	no <u> elements found
/Users/jackbowers/Archived - Box Sync/Language_Data/Mixtepec_Mixtec/paradigms/live-yee-V.xml	UNCLASSIFIABLE	no <u> elements found
/Users/jackbowers/Archived - Box Sync/Language_Data/Mixtepec_Mixtec/paradigms/metal-N.xml	UNCLASSIFIABLE	no <u> elements found
/Users/jackbowers/Archived - Box Sync/Language_Data/Mixtepec_Mixtec/paradigms/mucus-N.xml	UNCLASSIFIABLE	no <u> elements found
/Users/jackbowers/Archived - Box Sync/Language_Data/Mixtepec_Mixtec/paradigms/offspring-Nxml.xml	UNCLASSIFIABLE	no <u> elements found
/Users/jackbowers/Archived - Box Sync/Language_Data/Mixtepec_Mixtec/paradigms/onion-N.xml	UNCLASSIFIABLE	no <u> elements found
/Users/jackbowers/Archived - Box Sync/Language_Data/Mixtepec_Mixtec/paradigms/paradigm-table-text.xml	UNCLASSIFIABLE	no <u> elements found
/Users/jackbowers/Archived - Box Sync/Language_Data/Mixtepec_Mixtec/paradigms/realize-V.xml	UNCLASSIFIABLE	no <u> elements found
/Users/jackbowers/Archived - Box Sync/Language_Data/Mixtepec_Mixtec/paradigms/scratch-V.xml	UNCLASSIFIABLE	no <u> elements found
/Users/jackbowers/Archived - Box Sync/Language_Data/Mixtepec_Mixtec/paradigms/selfish-V.xml	UNCLASSIFIABLE	no <u> elements found
/Users/jackbowers/Archived - Box Sync/Language_Data/Mixtepec_Mixtec/paradigms/shower-V.xml	UNCLASSIFIABLE	no <u> elements found
/Users/jackbowers/Archived - Box Sync/Language_Data/Mixtepec_Mixtec/paradigms/sleep-V.xml	UNCLASSIFIABLE	no <u> elements found
/Users/jackbowers/Archived - Box Sync/Language_Data/Mixtepec_Mixtec/paradigms/sneeze-V.xml	UNCLASSIFIABLE	no <u> elements found
/Users/jackbowers/Archived - Box Sync/Language_Data/Mixtepec_Mixtec/paradigms/spit-V.xml	UNCLASSIFIABLE	no <u> elements found
/Users/jackbowers/Archived - Box Sync/Language_Data/Mixtepec_Mixtec/paradigms/stingy-V.xml	UNCLASSIFIABLE	no <u> elements found
/Users/jackbowers/Archived - Box Sync/Language_Data/Mixtepec_Mixtec/paradigms/stomach-ache-V.xml	UNCLASSIFIABLE	no <u> elements found
/Users/jackbowers/Archived - Box Sync/Language_Data/Mixtepec_Mixtec/paradigms/tell-lies-V.xml	UNCLASSIFIABLE	no <u> elements found
/Users/jackbowers/Archived - Box Sync/Language_Data/Mixtepec_Mixtec/paradigms/tell-truth-V.xml	UNCLASSIFIABLE	no <u> elements found
/Users/jackbowers/Archived - Box Sync/Language_Data/Mixtepec_Mixtec/paradigms/toast-V.xml	UNCLASSIFIABLE	no <u> elements found
/Users/jackbowers/Archived - Box Sync/Language_Data/Mixtepec_Mixtec/paradigms/turkey-N.xml	UNCLASSIFIABLE	no <u> elements found
/Users/jackbowers/Archived - Box Sync/Language_Data/Mixtepec_Mixtec/paradigms/watch-V.xml	UNCLASSIFIABLE	no <u> elements found
/Users/jackbowers/Archived - Box Sync/Language_Data/Mixtepec_Mixtec/paradigms/with-CONJ.xml	UNCLASSIFIABLE	no <u> elements found
/Users/jackbowers/Archived - Box Sync/Language_Data/Mixtepec_Mixtec/paradigms/woodpecker-N.xml	UNCLASSIFIABLE	no <u> elements found
/Users/jackbowers/Archived - Box Sync/Language_Data/Mixtepec_Mixtec/project-bibl/Academia-Lengua-Mixteca/Pronunciamiento-AcademiaLenguaMixteca_2011-TEI.xml	UNCLASSIFIABLE	no <u> elements found
/Users/jackbowers/Archived - Box Sync/Language_Data/Mixtepec_Mixtec/project-bibl/Pastor-Azcona/Paster-MIX-YM_Tone_Rules-2005.xml	UNCLASSIFIABLE	no <u> elements found
/Users/jackbowers/Archived - Box Sync/Language_Data/Mixtepec_Mixtec/stylesheets-scripts/schemas/ODD-MIX-dict.xml	UNCLASSIFIABLE	no <u> elements found
/Users/jackbowers/Archived - Box Sync/Language_Data/Mixtepec_Mixtec/stylesheets-scripts/schemas/ODD-MIX-text-docs.xml	UNCLASSIFIABLE	no <u> elements found
/Users/jackbowers/Archived - Box Sync/Language_Data/Mixtepec_Mixtec/stylesheets-scripts/templates/metadata-record-template.xml	UNCLASSIFIABLE	no <u> elements found
/Users/jackbowers/Archived - Box Sync/Language_Data/Mixtepec_Mixtec/stylesheets-scripts/templates/mixtec-noun-paradigm-template.xml	UNCLASSIFIABLE	no <u> elements found
/Users/jackbowers/Archived - Box Sync/Language_Data/Mixtepec_Mixtec/stylesheets-scripts/templates/mixtec-utterance-template.xml	whole-utterance	1 <u> elements, consistent structure
/Users/jackbowers/Archived - Box Sync/Language_Data/Mixtepec_Mixtec/stylesheets-scripts/templates/mixtec-verb-paradigm-template.xml	UNCLASSIFIABLE	no <u> elements found
/Users/jackbowers/Archived - Box Sync/Language_Data/Mixtepec_Mixtec/stylesheets-scripts/xslt/test/EntriesTest/Bichos-SIL.xml	UNCLASSIFIABLE	no <u> elements found
/Users/jackbowers/Archived - Box Sync/Language_Data/Mixtepec_Mixtec/stylesheets-scripts/xslt/test/EntriesTest/L098-tok-result.xml	UNCLASSIFIABLE	no <u> elements found
/Users/jackbowers/Archived - Box Sync/Language_Data/Mixtepec_Mixtec/stylesheets-scripts/xslt/test/EntriesTest/L099-tok-result.xml	UNCLASSIFIABLE	no <u> elements found
/Users/jackbowers/Archived - Box Sync/Language_Data/Mixtepec_Mixtec/stylesheets-scripts/xslt/test/EntriesTest/L101-tok-result.xml	UNCLASSIFIABLE	no <u> elements found
/Users/jackbowers/Archived - Box Sync/Language_Data/Mixtepec_Mixtec/stylesheets-scripts/xslt/test/EntriesTest/L102-tok-result.xml	UNCLASSIFIABLE	no <u> elements found
/Users/jackbowers/Archived - Box Sync/Language_Data/Mixtepec_Mixtec/stylesheets-scripts/xslt/test/EntriesTest/L103-tok-result.xml	UNCLASSIFIABLE	no <u> elements found
/Users/jackbowers/Archived - Box Sync/Language_Data/Mixtepec_Mixtec/stylesheets-scripts/xslt/test/EntriesTest/L104-tok-result.xml	UNCLASSIFIABLE	no <u> elements found
/Users/jackbowers/Archived - Box Sync/Language_Data/Mixtepec_Mixtec/stylesheets-scripts/xslt/test/EntriesTest/L106-tok-result.xml	UNCLASSIFIABLE	no <u> elements found
/Users/jackbowers/Archived - Box Sync/Language_Data/Mixtepec_Mixtec/stylesheets-scripts/xslt/test/EntriesTest/L144-tok-result.xml	UNCLASSIFIABLE	no <u> elements found
/Users/jackbowers/Archived - Box Sync/Language_Data/Mixtepec_Mixtec/stylesheets-scripts/xslt/test/EntriesTest/L145-tok-result.xml	UNCLASSIFIABLE	no <u> elements found
/Users/jackbowers/Archived - Box Sync/Language_Data/Mixtepec_Mixtec/stylesheets-scripts/xslt/test/EntriesTest/L146-tok-result.xml	UNCLASSIFIABLE	no <u> elements found
/Users/jackbowers/Archived - Box Sync/Language_Data/Mixtepec_Mixtec/stylesheets-scripts/xslt/test/EntriesTest/L147-tok-result.xml	UNCLASSIFIABLE	no <u> elements found
/Users/jackbowers/Archived - Box Sync/Language_Data/Mixtepec_Mixtec/stylesheets-scripts/xslt/test/EntriesTest/L148-tok.xml-result.xml	UNCLASSIFIABLE	no <u> elements found
/Users/jackbowers/Archived - Box Sync/Language_Data/Mixtepec_Mixtec/stylesheets-scripts/xslt/test/EntriesTest/L149-tok.xml-result.xml	UNCLASSIFIABLE	no <u> elements found
/Users/jackbowers/Archived - Box Sync/Language_Data/Mixtepec_Mixtec/stylesheets-scripts/xslt/test/EntriesTest/L150-tok.xml-result.xml	UNCLASSIFIABLE	no <u> elements found
/Users/jackbowers/Archived - Box Sync/Language_Data/Mixtepec_Mixtec/stylesheets-scripts/xslt/test/EntriesTest/L151-tok.xml-result.xml	UNCLASSIFIABLE	no <u> elements found
/Users/jackbowers/Archived - Box Sync/Language_Data/Mixtepec_Mixtec/stylesheets-scripts/xslt/test/EntriesTest/L152-tok.xml-result.xml	UNCLASSIFIABLE	no <u> elements found
/Users/jackbowers/Archived - Box Sync/Language_Data/Mixtepec_Mixtec/stylesheets-scripts/xslt/test/EntriesTest/L153-tok.xml-result.xml	UNCLASSIFIABLE	no <u> elements found
/Users/jackbowers/Archived - Box Sync/Language_Data/Mixtepec_Mixtec/stylesheets-scripts/xslt/test/EntriesTest/L154-tok.xml-result.xml	UNCLASSIFIABLE	no <u> elements found
/Users/jackbowers/Archived - Box Sync/Language_Data/Mixtepec_Mixtec/stylesheets-scripts/xslt/test/EntriesTest/L155-tok.xml-result.xml	UNCLASSIFIABLE	no <u> elements found
/Users/jackbowers/Archived - Box Sync/Language_Data/Mixtepec_Mixtec/stylesheets-scripts/xslt/test/EntriesTest/L156-tok.xml-result.xml	UNCLASSIFIABLE	no <u> elements found
/Users/jackbowers/Archived - Box Sync/Language_Data/Mixtepec_Mixtec/stylesheets-scripts/xslt/test/EntriesTest/L157-tok-result.xml	UNCLASSIFIABLE	no <u> elements found
/Users/jackbowers/Archived - Box Sync/Language_Data/Mixtepec_Mixtec/stylesheets-scripts/xslt/test/EntriesTest/L157-tok.xml	UNCLASSIFIABLE	no <u> elements found
/Users/jackbowers/Archived - Box Sync/Language_Data/Mixtepec_Mixtec/stylesheets-scripts/xslt/test/EntriesTest/L158-tok-result.xml	UNCLASSIFIABLE	no <u> elements found
/Users/jackbowers/Archived - Box Sync/Language_Data/Mixtepec_Mixtec/stylesheets-scripts/xslt/test/EntriesTest/L158-tok.xml	UNCLASSIFIABLE	no <u> elements found
/Users/jackbowers/Archived - Box Sync/Language_Data/Mixtepec_Mixtec/stylesheets-scripts/xslt/test/EntriesTest/L159-tok-result.xml	UNCLASSIFIABLE	no <u> elements found
/Users/jackbowers/Archived - Box Sync/Language_Data/Mixtepec_Mixtec/stylesheets-scripts/xslt/test/EntriesTest/L159-tok.xml	UNCLASSIFIABLE	no <u> elements found
/Users/jackbowers/Archived - Box Sync/Language_Data/Mixtepec_Mixtec/stylesheets-scripts/xslt/test/EntriesTest/L160-tok-result.xml	UNCLASSIFIABLE	no <u> elements found
/Users/jackbowers/Archived - Box Sync/Language_Data/Mixtepec_Mixtec/stylesheets-scripts/xslt/test/EntriesTest/L160-tok.xml	UNCLASSIFIABLE	no <u> elements found
/Users/jackbowers/Archived - Box Sync/Language_Data/Mixtepec_Mixtec/stylesheets-scripts/xslt/test/EntriesTest/L161-tok-result.xml	UNCLASSIFIABLE	no <u> elements found
/Users/jackbowers/Archived - Box Sync/Language_Data/Mixtepec_Mixtec/stylesheets-scripts/xslt/test/EntriesTest/L161-tok.xml	UNCLASSIFIABLE	no <u> elements found
/Users/jackbowers/Archived - Box Sync/Language_Data/Mixtepec_Mixtec/stylesheets-scripts/xslt/test/EntriesTest/L163-tok-result.xml	UNCLASSIFIABLE	no <u> elements found
/Users/jackbowers/Archived - Box Sync/Language_Data/Mixtepec_Mixtec/stylesheets-scripts/xslt/test/EntriesTest/L163-tok.xml	UNCLASSIFIABLE	no <u> elements found
/Users/jackbowers/Archived - Box Sync/Language_Data/Mixtepec_Mixtec/stylesheets-scripts/xslt/test/EntriesTest/Las_aves-mix.xml	UNCLASSIFIABLE	no <u> elements found
/Users/jackbowers/Archived - Box Sync/Language_Data/Mixtepec_Mixtec/stylesheets-scripts/xslt/test/EntriesTest/NeededMixtecVocab2-20170807-TS-result.xml	UNCLASSIFIABLE	no <u> elements found
/Users/jackbowers/Archived - Box Sync/Language_Data/Mixtepec_Mixtec/stylesheets-scripts/xslt/test/EntriesTest/NeededMixtecVocab2-20170807-TS.xml	UNCLASSIFIABLE	no <u> elements found
/Users/jackbowers/Archived - Box Sync/Language_Data/Mixtepec_Mixtec/stylesheets-scripts/xslt/test/EntriesTest/NeededMixtecVocabulary20170806-TS-result.xml	UNCLASSIFIABLE	no <u> elements found
/Users/jackbowers/Archived - Box Sync/Language_Data/Mixtepec_Mixtec/stylesheets-scripts/xslt/test/EntriesTest/NeededMixtecVocabulary20170806-TS.xml	UNCLASSIFIABLE	no <u> elements found
/Users/jackbowers/Archived - Box Sync/Language_Data/Mixtepec_Mixtec/stylesheets-scripts/xslt/test/EntriesTest/result-corpus2TeiDict-Las_aves-mix.xml	UNCLASSIFIABLE	no <u> elements found
/Users/jackbowers/Archived - Box Sync/Language_Data/Mixtepec_Mixtec/stylesheets-scripts/xslt/test/EntriesTest/speech-20170528-JS-TTS-result.xml	UNCLASSIFIABLE	no <u> elements found
/Users/jackbowers/Archived - Box Sync/Language_Data/Mixtepec_Mixtec/stylesheets-scripts/xslt/test/EntriesTest/speech-20170528-JS-TTS.xml	UNCLASSIFIABLE	no <u> elements found
/Users/jackbowers/Archived - Box Sync/Language_Data/Mixtepec_Mixtec/stylesheets-scripts/xslt/test/EntriesTest/test-linkGrp-result.xml	UNCLASSIFIABLE	no <u> elements found
/Users/jackbowers/Archived - Box Sync/Language_Data/Mixtepec_Mixtec/stylesheets-scripts/xslt/test/EntriesTest/test-linkGrp.xml	UNCLASSIFIABLE	no <u> elements found
/Users/jackbowers/Archived - Box Sync/Language_Data/Mixtepec_Mixtec/stylesheets-scripts/xslt/test/EntriesTest/vocab-20180914-Tisu-result.xml	UNCLASSIFIABLE	no <u> elements found
/Users/jackbowers/Archived - Box Sync/Language_Data/Mixtepec_Mixtec/stylesheets-scripts/xslt/test/EntriesTest/vocab-20180914-Tisu.xml	UNCLASSIFIABLE	no <u> elements found
/Users/jackbowers/Archived - Box Sync/Language_Data/Mixtepec_Mixtec/test/Leccion_04.xml	sentence	9 <u> elements, consistent structure
/Users/jackbowers/Archived - Box Sync/Language_Data/Mixtepec_Mixtec/transcriptions-xml/190710_0244-tenate-adobo_TS.xml	mixed	4 <u> elements, mixed structure: ['sentence', 'single-word']
/Users/jackbowers/Archived - Box Sync/Language_Data/Mixtepec_Mixtec/transcriptions-xml/190710_0260.xml	single-word	4 <u> elements, consistent structure
/Users/jackbowers/Archived - Box Sync/Language_Data/Mixtepec_Mixtec/transcriptions-xml/ADJ_beautiful_anim_01_JS.xml	single-word	1 <u> elements, consistent structure
/Users/jackbowers/Archived - Box Sync/Language_Data/Mixtepec_Mixtec/transcriptions-xml/ADJ_beautiful_inan_01_JS.xml	single-word	1 <u> elements, consistent structure
/Users/jackbowers/Archived - Box Sync/Language_Data/Mixtepec_Mixtec/transcriptions-xml/ADJ_big_01_02_03_JS.xml	single-word	3 <u> elements, consistent structure
/Users/jackbowers/Archived - Box Sync/Language_Data/Mixtepec_Mixtec/transcriptions-xml/ADJ_dangerous_01_JS.xml	single-word	1 <u> elements, consistent structure
/Users/jackbowers/Archived - Box Sync/Language_Data/Mixtepec_Mixtec/transcriptions-xml/ADJ_dangerous_02_JS.xml	single-word	1 <u> elements, consistent structure
/Users/jackbowers/Archived - Box Sync/Language_Data/Mixtepec_Mixtec/transcriptions-xml/ADJ_difficult_01_02_spkrTS.xml	single-word	2 <u> elements, consistent structure
/Users/jackbowers/Archived - Box Sync/Language_Data/Mixtepec_Mixtec/transcriptions-xml/ADJ_fat_01_02_spkrTS.xml	single-word	2 <u> elements, consistent structure
/Users/jackbowers/Archived - Box Sync/Language_Data/Mixtepec_Mixtec/transcriptions-xml/ADJ_heavy_01_02_03_JS.xml	single-word	3 <u> elements, consistent structure
/Users/jackbowers/Archived - Box Sync/Language_Data/Mixtepec_Mixtec/transcriptions-xml/ADJ_long_DIST_01_02_03_JS.xml	single-word	3 <u> elements, consistent structure
/Users/jackbowers/Archived - Box Sync/Language_Data/Mixtepec_Mixtec/transcriptions-xml/ADJ_long_SHAPE_01_02_03_TS.xml	single-word	3 <u> elements, consistent structure
/Users/jackbowers/Archived - Box Sync/Language_Data/Mixtepec_Mixtec/transcriptions-xml/ADJ_new_01_spkrJS.xml	single-word	1 <u> elements, consistent structure
/Users/jackbowers/Archived - Box Sync/Language_Data/Mixtepec_Mixtec/transcriptions-xml/ADJ_new_01_spkrTS.xml	single-word	1 <u> elements, consistent structure
/Users/jackbowers/Archived - Box Sync/Language_Data/Mixtepec_Mixtec/transcriptions-xml/ADJ_new_02_spkrJS.xml	single-word	1 <u> elements, consistent structure
/Users/jackbowers/Archived - Box Sync/Language_Data/Mixtepec_Mixtec/transcriptions-xml/ADJ_new_02_spkrTS.xml	single-word	1 <u> elements, consistent structure
/Users/jackbowers/Archived - Box Sync/Language_Data/Mixtepec_Mixtec/transcriptions-xml/ADJ_not-difficult_01_02_03_spkrTS.xml	single-word	3 <u> elements, consistent structure
/Users/jackbowers/Archived - Box Sync/Language_Data/Mixtepec_Mixtec/transcriptions-xml/ADJ_sacred_01_02_03_04_JS.xml	single-word	3 <u> elements, consistent structure
/Users/jackbowers/Archived - Box Sync/Language_Data/Mixtepec_Mixtec/transcriptions-xml/ADJ_short_01_02_03_JS.xml	single-word	3 <u> elements, consistent structure
/Users/jackbowers/Archived - Box Sync/Language_Data/Mixtepec_Mixtec/transcriptions-xml/ADJ_skinny_01_02_03_spkrJS.xml	single-word	3 <u> elements, consistent structure
/Users/jackbowers/Archived - Box Sync/Language_Data/Mixtepec_Mixtec/transcriptions-xml/ADJ_small_01_spkrJS.xml	single-word	1 <u> elements, consistent structure
/Users/jackbowers/Archived - Box Sync/Language_Data/Mixtepec_Mixtec/transcriptions-xml/ADJ_smelly_01_02_03_spkrTS.xml	single-word	3 <u> elements, consistent structure
/Users/jackbowers/Archived - Box Sync/Language_Data/Mixtepec_Mixtec/transcriptions-xml/ADJ_tall_1st_pl_01_JS.xml	sentence	1 <u> elements, consistent structure
/Users/jackbowers/Archived - Box Sync/Language_Data/Mixtepec_Mixtec/transcriptions-xml/ADJ_tall_1st_sg_01_JS.xml	sentence	1 <u> elements, consistent structure
/Users/jackbowers/Archived - Box Sync/Language_Data/Mixtepec_Mixtec/transcriptions-xml/ADJ_tall_2nd_sg_form_01_JS.xml	sentence	1 <u> elements, consistent structure
/Users/jackbowers/Archived - Box Sync/Language_Data/Mixtepec_Mixtec/transcriptions-xml/ADJ_tall_2nd_sg_inf_01_JS.xml	sentence	1 <u> elements, consistent structure
/Users/jackbowers/Archived - Box Sync/Language_Data/Mixtepec_Mixtec/transcriptions-xml/ADJ_thick_OBJ_01_02_03_JS.xml	single-word	3 <u> elements, consistent structure
/Users/jackbowers/Archived - Box Sync/Language_Data/Mixtepec_Mixtec/transcriptions-xml/ADJ_thin-narrow_OBJ_01_02_03_JS.xml	single-word	3 <u> elements, consistent structure
/Users/jackbowers/Archived - Box Sync/Language_Data/Mixtepec_Mixtec/transcriptions-xml/ADJ_wide_01_02_03_JS.xml	single-word	3 <u> elements, consistent structure
/Users/jackbowers/Archived - Box Sync/Language_Data/Mixtepec_Mixtec/transcriptions-xml/ADPOS-CONFG_above-over-north_01_02_03_spkrTS.xml	sentence	3 <u> elements, consistent structure
/Users/jackbowers/Archived - Box Sync/Language_Data/Mixtepec_Mixtec/transcriptions-xml/ADPOS-CONFG_below-under-south_01_02_spkrTS.xml	sentence	2 <u> elements, consistent structure
/Users/jackbowers/Archived - Box Sync/Language_Data/Mixtepec_Mixtec/transcriptions-xml/ADV_NEG_not_01_02_spkrJS.xml	single-word	2 <u> elements, consistent structure
/Users/jackbowers/Archived - Box Sync/Language_Data/Mixtepec_Mixtec/transcriptions-xml/ADV_TEMP_early_01_02_03_spkrTS.xml	single-word	3 <u> elements, consistent structure
/Users/jackbowers/Archived - Box Sync/Language_Data/Mixtepec_Mixtec/transcriptions-xml/ADV_again_01_JS.xml	single-word	1 <u> elements, consistent structure
/Users/jackbowers/Archived - Box Sync/Language_Data/Mixtepec_Mixtec/transcriptions-xml/ADV_again_02_JS.xml	single-word	1 <u> elements, consistent structure
/Users/jackbowers/Archived - Box Sync/Language_Data/Mixtepec_Mixtec/transcriptions-xml/ADV_no_01_02_spkrTS.xml	single-word	2 <u> elements, consistent structure
/Users/jackbowers/Archived - Box Sync/Language_Data/Mixtepec_Mixtec/transcriptions-xml/ADV_no_01_spkrJS.xml	single-word	1 <u> elements, consistent structure
/Users/jackbowers/Archived - Box Sync/Language_Data/Mixtepec_Mixtec/transcriptions-xml/ADV_no_01_spkrTS.xml	single-word	1 <u> elements, consistent structure
/Users/jackbowers/Archived - Box Sync/Language_Data/Mixtepec_Mixtec/transcriptions-xml/ADV_no_02_spkrJS.xml	single-word	1 <u> elements, consistent structure
/Users/jackbowers/Archived - Box Sync/Language_Data/Mixtepec_Mixtec/transcriptions-xml/ADV_no_02_spkrTS.xml	single-word	1 <u> elements, consistent structure
/Users/jackbowers/Archived - Box Sync/Language_Data/Mixtepec_Mixtec/transcriptions-xml/ADV_not_02_spkrJS.xml	single-word	1 <u> elements, consistent structure
/Users/jackbowers/Archived - Box Sync/Language_Data/Mixtepec_Mixtec/transcriptions-xml/ADV_only_01_spkrTS.xml	single-word	1 <u> elements, consistent structure
/Users/jackbowers/Archived - Box Sync/Language_Data/Mixtepec_Mixtec/transcriptions-xml/ADV_the_other_day_01_spkrTS.xml	single-word	1 <u> elements, consistent structure
/Users/jackbowers/Archived - Box Sync/Language_Data/Mixtepec_Mixtec/transcriptions-xml/ADV_yes_01_02_spkrTS.xml	single-word	2 <u> elements, consistent structure
/Users/jackbowers/Archived - Box Sync/Language_Data/Mixtepec_Mixtec/transcriptions-xml/ADV_yes_01_spkrJS.xml	single-word	1 <u> elements, consistent structure
/Users/jackbowers/Archived - Box Sync/Language_Data/Mixtepec_Mixtec/transcriptions-xml/ADV_yes_01_spkrTS.xml	single-word	1 <u> elements, consistent structure
/Users/jackbowers/Archived - Box Sync/Language_Data/Mixtepec_Mixtec/transcriptions-xml/ADV_yes_02_spkrJS.xml	single-word	1 <u> elements, consistent structure
/Users/jackbowers/Archived - Box Sync/Language_Data/Mixtepec_Mixtec/transcriptions-xml/ADV_yes_02_spkrTS.xml	single-word	1 <u> elements, consistent structure
/Users/jackbowers/Archived - Box Sync/Language_Data/Mixtepec_Mixtec/transcriptions-xml/ADV_yes_v2_01_02_spkrTS.xml	single-word	2 <u> elements, consistent structure
/Users/jackbowers/Archived - Box Sync/Language_Data/Mixtepec_Mixtec/transcriptions-xml/ADV_yesterday_01_spkrTS.xml	single-word	1 <u> elements, consistent structure
/Users/jackbowers/Archived - Box Sync/Language_Data/Mixtepec_Mixtec/transcriptions-xml/BPT_arm_01_02_03_spkrTS.xml	single-word	3 <u> elements, consistent structure
/Users/jackbowers/Archived - Box Sync/Language_Data/Mixtepec_Mixtec/transcriptions-xml/BPT_belly_button_01_02_03_spkrTS.xml	single-word	3 <u> elements, consistent structure
/Users/jackbowers/Archived - Box Sync/Language_Data/Mixtepec_Mixtec/transcriptions-xml/BPT_body_01_02_03_spkrTS.xml	single-word	3 <u> elements, consistent structure
/Users/jackbowers/Archived - Box Sync/Language_Data/Mixtepec_Mixtec/transcriptions-xml/BPT_face_01_TS.xml	single-word	1 <u> elements, consistent structure
/Users/jackbowers/Archived - Box Sync/Language_Data/Mixtepec_Mixtec/transcriptions-xml/CLR_blue_01_02_TS.xml	single-word	2 <u> elements, consistent structure
/Users/jackbowers/Archived - Box Sync/Language_Data/Mixtepec_Mixtec/transcriptions-xml/CLR_dark_grey_01_02_TS.xml	single-word	2 <u> elements, consistent structure
/Users/jackbowers/Archived - Box Sync/Language_Data/Mixtepec_Mixtec/transcriptions-xml/CLR_green_01_spkrJS.xml	single-word	1 <u> elements, consistent structure
/Users/jackbowers/Archived - Box Sync/Language_Data/Mixtepec_Mixtec/transcriptions-xml/CLR_white_01_spkrJS.xml	single-word	1 <u> elements, consistent structure
/Users/jackbowers/Archived - Box Sync/Language_Data/Mixtepec_Mixtec/transcriptions-xml/CLR_white_02_spkrJS.xml	single-word	1 <u> elements, consistent structure
/Users/jackbowers/Archived - Box Sync/Language_Data/Mixtepec_Mixtec/transcriptions-xml/CLR_yellow_01_02_TS.xml	single-word	2 <u> elements, consistent structure
/Users/jackbowers/Archived - Box Sync/Language_Data/Mixtepec_Mixtec/transcriptions-xml/CMND_come_DEIXS_LOC_1st_sg_01_02_03_spkrTS.xml	sentence	3 <u> elements, consistent structure
/Users/jackbowers/Archived - Box Sync/Language_Data/Mixtepec_Mixtec/transcriptions-xml/CMND_come_down_01_02_03_TS.xml	sentence	3 <u> elements, consistent structure
/Users/jackbowers/Archived - Box Sync/Language_Data/Mixtepec_Mixtec/transcriptions-xml/CONFIG-body_parts-back_butt_01_02_03_TS.xml	sentence	2 <u> elements, consistent structure
/Users/jackbowers/Archived - Box Sync/Language_Data/Mixtepec_Mixtec/transcriptions-xml/CONFIG-body_parts-ears_head_01_02_TS.xml	sentence	2 <u> elements, consistent structure
/Users/jackbowers/Archived - Box Sync/Language_Data/Mixtepec_Mixtec/transcriptions-xml/CONFIG-body_parts-ears_head_3form-all_01_02_TS.xml	sentence	2 <u> elements, consistent structure
/Users/jackbowers/Archived - Box Sync/Language_Data/Mixtepec_Mixtec/transcriptions-xml/CONFIG-body_parts-face_head_01_02_TS.xml	sentence	2 <u> elements, consistent structure
/Users/jackbowers/Archived - Box Sync/Language_Data/Mixtepec_Mixtec/transcriptions-xml/CONFIG-body_parts-face_head_3s-inf_01_02_TS.xml	sentence	2 <u> elements, consistent structure
/Users/jackbowers/Archived - Box Sync/Language_Data/Mixtepec_Mixtec/transcriptions-xml/CONFIG-body_parts-head_chest_01_02_TS.xml	sentence	2 <u> elements, consistent structure
/Users/jackbowers/Archived - Box Sync/Language_Data/Mixtepec_Mixtec/transcriptions-xml/CONFIG-body_parts-head_foot_01_02_TS.xml	sentence	2 <u> elements, consistent structure
/Users/jackbowers/Archived - Box Sync/Language_Data/Mixtepec_Mixtec/transcriptions-xml/CONFIG-body_parts-nose_eyes_face_3form-all_01_02_TS.xml	sentence	2 <u> elements, consistent structure
/Users/jackbowers/Archived - Box Sync/Language_Data/Mixtepec_Mixtec/transcriptions-xml/CORP_bone_01_02_03_spkrTS.xml	single-word	3 <u> elements, consistent structure
/Users/jackbowers/Archived - Box Sync/Language_Data/Mixtepec_Mixtec/transcriptions-xml/CORP_butt_01_02_03_spkrTS.xml	single-word	3 <u> elements, consistent structure
/Users/jackbowers/Archived - Box Sync/Language_Data/Mixtepec_Mixtec/transcriptions-xml/CORP_ears_01_02_03_spkrTS.xml	single-word	3 <u> elements, consistent structure
/Users/jackbowers/Archived - Box Sync/Language_Data/Mixtepec_Mixtec/transcriptions-xml/CORP_eyes_01_02_03_spkrTS.xml	single-word	3 <u> elements, consistent structure
/Users/jackbowers/Archived - Box Sync/Language_Data/Mixtepec_Mixtec/transcriptions-xml/CORP_face_01_02_03_spkrTS.xml	single-word	3 <u> elements, consistent structure
/Users/jackbowers/Archived - Box Sync/Language_Data/Mixtepec_Mixtec/transcriptions-xml/CORP_head_01_02_03_spkrTS.xml	single-word	3 <u> elements, consistent structure
/Users/jackbowers/Archived - Box Sync/Language_Data/Mixtepec_Mixtec/transcriptions-xml/CORP_leg-1s_01_02_03_TS.xml	single-word	3 <u> elements, consistent structure
/Users/jackbowers/Archived - Box Sync/Language_Data/Mixtepec_Mixtec/transcriptions-xml/CORP_leg-3s-inf_01_02_03_TS.xml	single-word	4 <u> elements, consistent structure
/Users/jackbowers/Archived - Box Sync/Language_Data/Mixtepec_Mixtec/transcriptions-xml/CORP_mouth_01_02_spkrTS.xml	single-word	2 <u> elements, consistent structure
/Users/jackbowers/Archived - Box Sync/Language_Data/Mixtepec_Mixtec/transcriptions-xml/CORP_ribs_01_02_03_spkrTS.xml	single-word	3 <u> elements, consistent structure
/Users/jackbowers/Archived - Box Sync/Language_Data/Mixtepec_Mixtec/transcriptions-xml/CORP_ribs_1st_sg_01_02_03_spkrTS.xml	single-word	3 <u> elements, consistent structure
/Users/jackbowers/Archived - Box Sync/Language_Data/Mixtepec_Mixtec/transcriptions-xml/CORP_skin_03_05_06_spkrJS.xml	single-word	3 <u> elements, consistent structure
/Users/jackbowers/Archived - Box Sync/Language_Data/Mixtepec_Mixtec/transcriptions-xml/DEM-LOC-PROX_here_01_02_spkrJS.xml	single-word	2 <u> elements, consistent structure
/Users/jackbowers/Archived - Box Sync/Language_Data/Mixtepec_Mixtec/transcriptions-xml/DEM-LOC_DIST_01_02_spkrJS.xml	single-word	2 <u> elements, consistent structure
/Users/jackbowers/Archived - Box Sync/Language_Data/Mixtepec_Mixtec/transcriptions-xml/DEM_DIST_there_01_02_spkrJS.xml	single-word	2 <u> elements, consistent structure
/Users/jackbowers/Archived - Box Sync/Language_Data/Mixtepec_Mixtec/transcriptions-xml/DEM_PROX_this_01_02_spkrJS.xml	single-word	2 <u> elements, consistent structure
/Users/jackbowers/Archived - Box Sync/Language_Data/Mixtepec_Mixtec/transcriptions-xml/DGTS_1-10_01_spkrTS.xml	single-word	10 <u> elements, consistent structure
/Users/jackbowers/Archived - Box Sync/Language_Data/Mixtepec_Mixtec/transcriptions-xml/DGTS_191919191919_01_spkrTS.xml	sentence	1 <u> elements, consistent structure
/Users/jackbowers/Archived - Box Sync/Language_Data/Mixtepec_Mixtec/transcriptions-xml/DGTS_415-251-1554_01_spkrTS.xml	sentence	1 <u> elements, consistent structure
/Users/jackbowers/Archived - Box Sync/Language_Data/Mixtepec_Mixtec/transcriptions-xml/GRT_RESP-hello-how_are_you_inf_01_02_03_TS.xml	sentence	3 <u> elements, consistent structure
/Users/jackbowers/Archived - Box Sync/Language_Data/Mixtepec_Mixtec/transcriptions-xml/GRT_hello-how_are_you-form_01_spkrTS.xml	sentence	1 <u> elements, consistent structure
/Users/jackbowers/Archived - Box Sync/Language_Data/Mixtepec_Mixtec/transcriptions-xml/GRT_hello-how_are_you_inf_02_spkrTS.xml	single-word	1 <u> elements, consistent structure
/Users/jackbowers/Archived - Box Sync/Language_Data/Mixtepec_Mixtec/transcriptions-xml/N-LOC_Yucunany_01_TS.xml	single-word	1 <u> elements, consistent structure
/Users/jackbowers/Archived - Box Sync/Language_Data/Mixtepec_Mixtec/transcriptions-xml/N-V_pain-hurt-JS-TTS.xml	whole-utterance	1 <u> elements, consistent structure
/Users/jackbowers/Archived - Box Sync/Language_Data/Mixtepec_Mixtec/transcriptions-xml/NP-ADJ_short_man_01_02_JS.xml	sentence	2 <u> elements, consistent structure
/Users/jackbowers/Archived - Box Sync/Language_Data/Mixtepec_Mixtec/transcriptions-xml/NP-ADJ_tall_woman_01_02_03_JS.xml	sentence	2 <u> elements, consistent structure
/Users/jackbowers/Archived - Box Sync/Language_Data/Mixtepec_Mixtec/transcriptions-xml/NP_LOC_river-lake_bed_01_02_03_spkrTS.xml	sentence	3 <u> elements, consistent structure
/Users/jackbowers/Archived - Box Sync/Language_Data/Mixtepec_Mixtec/transcriptions-xml/NP_a_fat_baby_01_spkrTS.xml	sentence	1 <u> elements, consistent structure
/Users/jackbowers/Archived - Box Sync/Language_Data/Mixtepec_Mixtec/transcriptions-xml/NP_a_fat_baby_02_spkrTS.xml	sentence	1 <u> elements, consistent structure
/Users/jackbowers/Archived - Box Sync/Language_Data/Mixtepec_Mixtec/transcriptions-xml/NP_new_bird_01_spkrJS.xml	sentence	1 <u> elements, consistent structure
/Users/jackbowers/Archived - Box Sync/Language_Data/Mixtepec_Mixtec/transcriptions-xml/NP_new_bird_02_spkrJS.xml	sentence	1 <u> elements, consistent structure
/Users/jackbowers/Archived - Box Sync/Language_Data/Mixtepec_Mixtec/transcriptions-xml/NP_opening_of_two_mountains_01_02_03_spkrTS.xml	sentence	3 <u> elements, consistent structure
/Users/jackbowers/Archived - Box Sync/Language_Data/Mixtepec_Mixtec/transcriptions-xml/NUM_five_01_spkrJS.xml	single-word	1 <u> elements, consistent structure
/Users/jackbowers/Archived - Box Sync/Language_Data/Mixtepec_Mixtec/transcriptions-xml/NUM_five_02_spkrJS.xml	single-word	1 <u> elements, consistent structure
/Users/jackbowers/Archived - Box Sync/Language_Data/Mixtepec_Mixtec/transcriptions-xml/NUM_nine_01_spkrJS.xml	single-word	1 <u> elements, consistent structure
/Users/jackbowers/Archived - Box Sync/Language_Data/Mixtepec_Mixtec/transcriptions-xml/NUM_nine_02_spkrJS.xml	single-word	1 <u> elements, consistent structure
/Users/jackbowers/Archived - Box Sync/Language_Data/Mixtepec_Mixtec/transcriptions-xml/NUM_nine_04_spkrJS.xml	single-word	1 <u> elements, consistent structure
/Users/jackbowers/Archived - Box Sync/Language_Data/Mixtepec_Mixtec/transcriptions-xml/NUM_nine_05_spkrJS.xml	single-word	1 <u> elements, consistent structure
/Users/jackbowers/Archived - Box Sync/Language_Data/Mixtepec_Mixtec/transcriptions-xml/NUM_one_01_spkrJS.xml	single-word	1 <u> elements, consistent structure
/Users/jackbowers/Archived - Box Sync/Language_Data/Mixtepec_Mixtec/transcriptions-xml/NUM_one_01_spkrTS.xml	single-word	1 <u> elements, consistent structure
/Users/jackbowers/Archived - Box Sync/Language_Data/Mixtepec_Mixtec/transcriptions-xml/NUM_one_02_spkrJS.xml	single-word	1 <u> elements, consistent structure
/Users/jackbowers/Archived - Box Sync/Language_Data/Mixtepec_Mixtec/transcriptions-xml/NUM_one_05_spkrJS.xml	single-word	1 <u> elements, consistent structure
/Users/jackbowers/Archived - Box Sync/Language_Data/Mixtepec_Mixtec/transcriptions-xml/NUM_one_06_spkrJS.xml	single-word	1 <u> elements, consistent structure
/Users/jackbowers/Archived - Box Sync/Language_Data/Mixtepec_Mixtec/transcriptions-xml/NUM_three_01_spkrTS.xml	single-word	1 <u> elements, consistent structure
/Users/jackbowers/Archived - Box Sync/Language_Data/Mixtepec_Mixtec/transcriptions-xml/NUM_twenty_twentyone_01_spkrTS.xml	mixed	2 <u> elements, mixed structure: ['sentence', 'single-word']
/Users/jackbowers/Archived - Box Sync/Language_Data/Mixtepec_Mixtec/transcriptions-xml/NUM_two_01_spkrTS.xml	single-word	1 <u> elements, consistent structure
/Users/jackbowers/Archived - Box Sync/Language_Data/Mixtepec_Mixtec/transcriptions-xml/NUM_two_02_spkrJS.xml	single-word	1 <u> elements, consistent structure
/Users/jackbowers/Archived - Box Sync/Language_Data/Mixtepec_Mixtec/transcriptions-xml/NUM_two_03_spkrJS.xml	single-word	1 <u> elements, consistent structure
/Users/jackbowers/Archived - Box Sync/Language_Data/Mixtepec_Mixtec/transcriptions-xml/NUM_two_04_spkrJS.xml	sentence	1 <u> elements, consistent structure
/Users/jackbowers/Archived - Box Sync/Language_Data/Mixtepec_Mixtec/transcriptions-xml/N_ADJ_green_fish_01_02_03_JS.xml	sentence	3 <u> elements, consistent structure
/Users/jackbowers/Archived - Box Sync/Language_Data/Mixtepec_Mixtec/transcriptions-xml/N_ADJ_red_flower_01_02_03_JS.xml	sentence	3 <u> elements, consistent structure
/Users/jackbowers/Archived - Box Sync/Language_Data/Mixtepec_Mixtec/transcriptions-xml/N_LANG_ESP_fancy-language_01_02_03_TS.xml	mixed	3 <u> elements, mixed structure: ['sentence', 'single-word']
/Users/jackbowers/Archived - Box Sync/Language_Data/Mixtepec_Mixtec/transcriptions-xml/N_LANG_MIX_poor-language_01_02_03_TS.xml	mixed	3 <u> elements, mixed structure: ['sentence', 'single-word']
/Users/jackbowers/Archived - Box Sync/Language_Data/Mixtepec_Mixtec/transcriptions-xml/N_LOC_Mixtepec_01_spkrJS.xml	single-word	1 <u> elements, consistent structure
/Users/jackbowers/Archived - Box Sync/Language_Data/Mixtepec_Mixtec/transcriptions-xml/N_LOC_Mixtepec_02_spkrJS.xml	single-word	1 <u> elements, consistent structure
/Users/jackbowers/Archived - Box Sync/Language_Data/Mixtepec_Mixtec/transcriptions-xml/N_animal_01_02_JS.xml	single-word	2 <u> elements, consistent structure
/Users/jackbowers/Archived - Box Sync/Language_Data/Mixtepec_Mixtec/transcriptions-xml/N_animal_horse_01_spkrJS.xml	single-word	1 <u> elements, consistent structure
/Users/jackbowers/Archived - Box Sync/Language_Data/Mixtepec_Mixtec/transcriptions-xml/N_animal_horse_02_spkrJS.xml	single-word	1 <u> elements, consistent structure
/Users/jackbowers/Archived - Box Sync/Language_Data/Mixtepec_Mixtec/transcriptions-xml/N_animal_horse_1st_pl_01_spkrJS.xml	sentence	1 <u> elements, consistent structure
/Users/jackbowers/Archived - Box Sync/Language_Data/Mixtepec_Mixtec/transcriptions-xml/N_animal_horse_1st_sg_02_spkrJS.xml	single-word	1 <u> elements, consistent structure
/Users/jackbowers/Archived - Box Sync/Language_Data/Mixtepec_Mixtec/transcriptions-xml/N_animal_horse_POSS_1st_sg_02_spkrJS.xml	single-word	1 <u> elements, consistent structure
/Users/jackbowers/Archived - Box Sync/Language_Data/Mixtepec_Mixtec/transcriptions-xml/N_bird_01_spkrTS.xml	single-word	1 <u> elements, consistent structure
/Users/jackbowers/Archived - Box Sync/Language_Data/Mixtepec_Mixtec/transcriptions-xml/N_bird_02_spkrTS.xml	single-word	1 <u> elements, consistent structure
/Users/jackbowers/Archived - Box Sync/Language_Data/Mixtepec_Mixtec/transcriptions-xml/N_black_bird_01_TS.xml	sentence	1 <u> elements, consistent structure
/Users/jackbowers/Archived - Box Sync/Language_Data/Mixtepec_Mixtec/transcriptions-xml/N_blood_01_spkrJS.xml	single-word	1 <u> elements, consistent structure
/Users/jackbowers/Archived - Box Sync/Language_Data/Mixtepec_Mixtec/transcriptions-xml/N_blood_02_spkrJS.xml	single-word	1 <u> elements, consistent structure
/Users/jackbowers/Archived - Box Sync/Language_Data/Mixtepec_Mixtec/transcriptions-xml/N_booger_03_spkrJS.xml	single-word	1 <u> elements, consistent structure
/Users/jackbowers/Archived - Box Sync/Language_Data/Mixtepec_Mixtec/transcriptions-xml/N_booger_04_spkrJS.xml	single-word	1 <u> elements, consistent structure
/Users/jackbowers/Archived - Box Sync/Language_Data/Mixtepec_Mixtec/transcriptions-xml/N_bull_01_02_JS.xml	single-word	2 <u> elements, consistent structure
/Users/jackbowers/Archived - Box Sync/Language_Data/Mixtepec_Mixtec/transcriptions-xml/N_cactus-javi_01_02_03_JS.xml	single-word	3 <u> elements, consistent structure
/Users/jackbowers/Archived - Box Sync/Language_Data/Mixtepec_Mixtec/transcriptions-xml/N_cat_04_JS.xml	single-word	1 <u> elements, consistent structure
/Users/jackbowers/Archived - Box Sync/Language_Data/Mixtepec_Mixtec/transcriptions-xml/N_chicken_01_02_spkrTS.xml	single-word	2 <u> elements, consistent structure
/Users/jackbowers/Archived - Box Sync/Language_Data/Mixtepec_Mixtec/transcriptions-xml/N_chicken_01_TS.xml	single-word	1 <u> elements, consistent structure
/Users/jackbowers/Archived - Box Sync/Language_Data/Mixtepec_Mixtec/transcriptions-xml/N_chicken_1st_pl_02_spkrJS.xml	sentence	1 <u> elements, consistent structure
/Users/jackbowers/Archived - Box Sync/Language_Data/Mixtepec_Mixtec/transcriptions-xml/N_child_01_02_03_JS.xml	single-word	3 <u> elements, consistent structure
/Users/jackbowers/Archived - Box Sync/Language_Data/Mixtepec_Mixtec/transcriptions-xml/N_child_baby_01_spkrTS.xml	single-word	1 <u> elements, consistent structure
/Users/jackbowers/Archived - Box Sync/Language_Data/Mixtepec_Mixtec/transcriptions-xml/N_child_baby_02_spkrTS.xml	single-word	1 <u> elements, consistent structure
/Users/jackbowers/Archived - Box Sync/Language_Data/Mixtepec_Mixtec/transcriptions-xml/N_cloud_01_spkrJS.xml	single-word	1 <u> elements, consistent structure
/Users/jackbowers/Archived - Box Sync/Language_Data/Mixtepec_Mixtec/transcriptions-xml/N_cloud_02_spkrJS.xml	single-word	1 <u> elements, consistent structure
/Users/jackbowers/Archived - Box Sync/Language_Data/Mixtepec_Mixtec/transcriptions-xml/N_coffee_01_02_TS.xml	single-word	2 <u> elements, consistent structure
/Users/jackbowers/Archived - Box Sync/Language_Data/Mixtepec_Mixtec/transcriptions-xml/N_corn_uncooked_01_spkrJS.xml	single-word	1 <u> elements, consistent structure
/Users/jackbowers/Archived - Box Sync/Language_Data/Mixtepec_Mixtec/transcriptions-xml/N_corn_uncooked_02_spkrJS.xml	sentence	1 <u> elements, consistent structure
/Users/jackbowers/Archived - Box Sync/Language_Data/Mixtepec_Mixtec/transcriptions-xml/N_crow_01_TS.xml	single-word	1 <u> elements, consistent structure
/Users/jackbowers/Archived - Box Sync/Language_Data/Mixtepec_Mixtec/transcriptions-xml/N_day_01_02_spkrJS.xml	single-word	2 <u> elements, consistent structure
/Users/jackbowers/Archived - Box Sync/Language_Data/Mixtepec_Mixtec/transcriptions-xml/N_day_01_spkrTS.xml	single-word	1 <u> elements, consistent structure
/Users/jackbowers/Archived - Box Sync/Language_Data/Mixtepec_Mixtec/transcriptions-xml/N_day_02_spkrTS.xml	single-word	1 <u> elements, consistent structure
/Users/jackbowers/Archived - Box Sync/Language_Data/Mixtepec_Mixtec/transcriptions-xml/N_door_01_02_03_spkrTS.xml	single-word	3 <u> elements, consistent structure
/Users/jackbowers/Archived - Box Sync/Language_Data/Mixtepec_Mixtec/transcriptions-xml/N_dust_dirt_01_02_03_spkrTS.xml	single-word	3 <u> elements, consistent structure
/Users/jackbowers/Archived - Box Sync/Language_Data/Mixtepec_Mixtec/transcriptions-xml/N_fire_01_spkrJS.xml	single-word	1 <u> elements, consistent structure
/Users/jackbowers/Archived - Box Sync/Language_Data/Mixtepec_Mixtec/transcriptions-xml/N_fruit_01_spkrJS.xml	single-word	1 <u> elements, consistent structure
/Users/jackbowers/Archived - Box Sync/Language_Data/Mixtepec_Mixtec/transcriptions-xml/N_fruit_1pl_01_JS.xml	sentence	1 <u> elements, consistent structure
/Users/jackbowers/Archived - Box Sync/Language_Data/Mixtepec_Mixtec/transcriptions-xml/N_fruit_1st_sg_01_spkrJS.xml	single-word	1 <u> elements, consistent structure
/Users/jackbowers/Archived - Box Sync/Language_Data/Mixtepec_Mixtec/transcriptions-xml/N_fruit_1st_sg_02_spkrJS.xml	single-word	1 <u> elements, consistent structure
/Users/jackbowers/Archived - Box Sync/Language_Data/Mixtepec_Mixtec/transcriptions-xml/N_hail_01_spkrJS.xml	single-word	1 <u> elements, consistent structure
/Users/jackbowers/Archived - Box Sync/Language_Data/Mixtepec_Mixtec/transcriptions-xml/N_hawk_01_TS.xml	single-word	1 <u> elements, consistent structure
/Users/jackbowers/Archived - Box Sync/Language_Data/Mixtepec_Mixtec/transcriptions-xml/N_heart_01_spkrTS.xml	single-word	1 <u> elements, consistent structure
/Users/jackbowers/Archived - Box Sync/Language_Data/Mixtepec_Mixtec/transcriptions-xml/N_heart_02_spkrTS.xml	single-word	1 <u> elements, consistent structure
/Users/jackbowers/Archived - Box Sync/Language_Data/Mixtepec_Mixtec/transcriptions-xml/N_holy_water_01_spkrTS.xml	sentence	1 <u> elements, consistent structure
/Users/jackbowers/Archived - Box Sync/Language_Data/Mixtepec_Mixtec/transcriptions-xml/N_holy_water_02_spkrTS.xml	sentence	1 <u> elements, consistent structure
/Users/jackbowers/Archived - Box Sync/Language_Data/Mixtepec_Mixtec/transcriptions-xml/N_honey_01_02_03_TS.xml	single-word	3 <u> elements, consistent structure
/Users/jackbowers/Archived - Box Sync/Language_Data/Mixtepec_Mixtec/transcriptions-xml/N_husband_02_spkrJS.xml	single-word	1 <u> elements, consistent structure
/Users/jackbowers/Archived - Box Sync/Language_Data/Mixtepec_Mixtec/transcriptions-xml/N_husband_03_spkrJS.xml	single-word	1 <u> elements, consistent structure
/Users/jackbowers/Archived - Box Sync/Language_Data/Mixtepec_Mixtec/transcriptions-xml/N_husband_05_spkrJS.xml	single-word	1 <u> elements, consistent structure
/Users/jackbowers/Archived - Box Sync/Language_Data/Mixtepec_Mixtec/transcriptions-xml/N_husband_06_spkrJS.xml	single-word	1 <u> elements, consistent structure
/Users/jackbowers/Archived - Box Sync/Language_Data/Mixtepec_Mixtec/transcriptions-xml/N_husband_pl_01_spkrJS.xml	sentence	1 <u> elements, consistent structure
/Users/jackbowers/Archived - Box Sync/Language_Data/Mixtepec_Mixtec/transcriptions-xml/N_mint-herb_01_02_03_TS.xml	sentence	3 <u> elements, consistent structure
/Users/jackbowers/Archived - Box Sync/Language_Data/Mixtepec_Mixtec/transcriptions-xml/N_mixtec_people_01_02_03_TS.xml	sentence	3 <u> elements, consistent structure
/Users/jackbowers/Archived - Box Sync/Language_Data/Mixtepec_Mixtec/transcriptions-xml/N_mother_01_spkrJS.xml	single-word	1 <u> elements, consistent structure
/Users/jackbowers/Archived - Box Sync/Language_Data/Mixtepec_Mixtec/transcriptions-xml/N_mother_02_spkrTS.xml	single-word	1 <u> elements, consistent structure
/Users/jackbowers/Archived - Box Sync/Language_Data/Mixtepec_Mixtec/transcriptions-xml/N_mother_03_spkrTS.xml	single-word	1 <u> elements, consistent structure
/Users/jackbowers/Archived - Box Sync/Language_Data/Mixtepec_Mixtec/transcriptions-xml/N_mother_1st_sg_01_spkrTS.xml	sentence	1 <u> elements, consistent structure
/Users/jackbowers/Archived - Box Sync/Language_Data/Mixtepec_Mixtec/transcriptions-xml/N_mother_1st_sg_02_spkrTS.xml	sentence	1 <u> elements, consistent structure
/Users/jackbowers/Archived - Box Sync/Language_Data/Mixtepec_Mixtec/transcriptions-xml/N_mother_POSS_2nd_sg_form_01_02.xml	sentence	2 <u> elements, consistent structure
/Users/jackbowers/Archived - Box Sync/Language_Data/Mixtepec_Mixtec/transcriptions-xml/N_mother_POSS_2nd_sg_inf_01_02.xml	sentence	2 <u> elements, consistent structure
/Users/jackbowers/Archived - Box Sync/Language_Data/Mixtepec_Mixtec/transcriptions-xml/N_mourning_dove_01_TS.xml	single-word	1 <u> elements, consistent structure
/Users/jackbowers/Archived - Box Sync/Language_Data/Mixtepec_Mixtec/transcriptions-xml/N_mud_01_02_03_spkrTS.xml	single-word	3 <u> elements, consistent structure
/Users/jackbowers/Archived - Box Sync/Language_Data/Mixtepec_Mixtec/transcriptions-xml/N_nothing_01_spkrTS.xml	sentence	1 <u> elements, consistent structure
/Users/jackbowers/Archived - Box Sync/Language_Data/Mixtepec_Mixtec/transcriptions-xml/N_owl_01_TS.xml	single-word	1 <u> elements, consistent structure
/Users/jackbowers/Archived - Box Sync/Language_Data/Mixtepec_Mixtec/transcriptions-xml/N_parrot_01_02_TS.xml	single-word	2 <u> elements, consistent structure
/Users/jackbowers/Archived - Box Sync/Language_Data/Mixtepec_Mixtec/transcriptions-xml/N_peach_02_spkrJS.xml	single-word	1 <u> elements, consistent structure
/Users/jackbowers/Archived - Box Sync/Language_Data/Mixtepec_Mixtec/transcriptions-xml/N_people_children_offspring_01_02_TS.xml	single-word	2 <u> elements, consistent structure
/Users/jackbowers/Archived - Box Sync/Language_Data/Mixtepec_Mixtec/transcriptions-xml/N_rabbit_1pl_01_JS.xml	sentence	1 <u> elements, consistent structure
/Users/jackbowers/Archived - Box Sync/Language_Data/Mixtepec_Mixtec/transcriptions-xml/N_rooster_01_TS.xml	single-word	1 <u> elements, consistent structure
/Users/jackbowers/Archived - Box Sync/Language_Data/Mixtepec_Mixtec/transcriptions-xml/N_saa_savi_01_spkrFS.xml	sentence	1 <u> elements, consistent structure
/Users/jackbowers/Archived - Box Sync/Language_Data/Mixtepec_Mixtec/transcriptions-xml/N_salt_01_02_03_05_06_JS.xml	single-word	5 <u> elements, consistent structure
/Users/jackbowers/Archived - Box Sync/Language_Data/Mixtepec_Mixtec/transcriptions-xml/N_scrub_jay_01_TS.xml	single-word	1 <u> elements, consistent structure
/Users/jackbowers/Archived - Box Sync/Language_Data/Mixtepec_Mixtec/transcriptions-xml/N_sister_01_02_JS.xml	single-word	2 <u> elements, consistent structure
/Users/jackbowers/Archived - Box Sync/Language_Data/Mixtepec_Mixtec/transcriptions-xml/N_skin_05_JS.xml	single-word	1 <u> elements, consistent structure
/Users/jackbowers/Archived - Box Sync/Language_Data/Mixtepec_Mixtec/transcriptions-xml/N_star_01_02_TS.xml	single-word	2 <u> elements, consistent structure
/Users/jackbowers/Archived - Box Sync/Language_Data/Mixtepec_Mixtec/transcriptions-xml/N_sun_02_JS.xml	single-word	1 <u> elements, consistent structure
/Users/jackbowers/Archived - Box Sync/Language_Data/Mixtepec_Mixtec/transcriptions-xml/N_sun_02_spkrJS.xml	single-word	1 <u> elements, consistent structure
/Users/jackbowers/Archived - Box Sync/Language_Data/Mixtepec_Mixtec/transcriptions-xml/N_swallow_01_TS.xml	single-word	1 <u> elements, consistent structure
/Users/jackbowers/Archived - Box Sync/Language_Data/Mixtepec_Mixtec/transcriptions-xml/N_tail_feather_01_02_spkrJS.xml	sentence	2 <u> elements, consistent structure
/Users/jackbowers/Archived - Box Sync/Language_Data/Mixtepec_Mixtec/transcriptions-xml/N_tongue_01_spkrJS.xml	single-word	1 <u> elements, consistent structure
/Users/jackbowers/Archived - Box Sync/Language_Data/Mixtepec_Mixtec/transcriptions-xml/N_tongue_02_spkrJS.xml	single-word	1 <u> elements, consistent structure
/Users/jackbowers/Archived - Box Sync/Language_Data/Mixtepec_Mixtec/transcriptions-xml/N_turkey_f_01_TS.xml	single-word	1 <u> elements, consistent structure
/Users/jackbowers/Archived - Box Sync/Language_Data/Mixtepec_Mixtec/transcriptions-xml/N_turkey_m_01_TS.xml	single-word	1 <u> elements, consistent structure
/Users/jackbowers/Archived - Box Sync/Language_Data/Mixtepec_Mixtec/transcriptions-xml/N_vulcher_01_TS.xml	single-word	1 <u> elements, consistent structure
/Users/jackbowers/Archived - Box Sync/Language_Data/Mixtepec_Mixtec/transcriptions-xml/N_woodpecker_01_TS.xml	single-word	1 <u> elements, consistent structure
/Users/jackbowers/Archived - Box Sync/Language_Data/Mixtepec_Mixtec/transcriptions-xml/PRON_1pl_excl_01_02_JS.xml	single-word	2 <u> elements, consistent structure
/Users/jackbowers/Archived - Box Sync/Language_Data/Mixtepec_Mixtec/transcriptions-xml/PRON_1pl_incl_JS.xml	single-word	1 <u> elements, consistent structure
/Users/jackbowers/Archived - Box Sync/Language_Data/Mixtepec_Mixtec/transcriptions-xml/PRON_1s_01_JS.xml	single-word	1 <u> elements, consistent structure
/Users/jackbowers/Archived - Box Sync/Language_Data/Mixtepec_Mixtec/transcriptions-xml/PRON_2pl_all_01_02_JS.xml	single-word	2 <u> elements, consistent structure
/Users/jackbowers/Archived - Box Sync/Language_Data/Mixtepec_Mixtec/transcriptions-xml/PRON_2s_form_01_JS.xml	single-word	1 <u> elements, consistent structure
/Users/jackbowers/Archived - Box Sync/Language_Data/Mixtepec_Mixtec/transcriptions-xml/PRON_2s_inf_02_JS.xml	single-word	1 <u> elements, consistent structure
/Users/jackbowers/Archived - Box Sync/Language_Data/Mixtepec_Mixtec/transcriptions-xml/PRON_3pl_form_01_02_JS.xml	single-word	2 <u> elements, consistent structure
/Users/jackbowers/Archived - Box Sync/Language_Data/Mixtepec_Mixtec/transcriptions-xml/PRON_3s_f_inf_01_02_JS.xml	single-word	2 <u> elements, consistent structure
/Users/jackbowers/Archived - Box Sync/Language_Data/Mixtepec_Mixtec/transcriptions-xml/PRON_3s_m_inf_01_02_JS.xml	single-word	2 <u> elements, consistent structure
/Users/jackbowers/Archived - Box Sync/Language_Data/Mixtepec_Mixtec/transcriptions-xml/PRP_across_01_spkrJS.xml	sentence	1 <u> elements, consistent structure
/Users/jackbowers/Archived - Box Sync/Language_Data/Mixtepec_Mixtec/transcriptions-xml/PRP_across_02_spkrJS.xml	sentence	1 <u> elements, consistent structure
/Users/jackbowers/Archived - Box Sync/Language_Data/Mixtepec_Mixtec/transcriptions-xml/PRP_across_03_spkrJS.xml	sentence	1 <u> elements, consistent structure
/Users/jackbowers/Archived - Box Sync/Language_Data/Mixtepec_Mixtec/transcriptions-xml/P_five_chicken_eggs_01_spkrJS.xml	sentence	1 <u> elements, consistent structure
/Users/jackbowers/Archived - Box Sync/Language_Data/Mixtepec_Mixtec/transcriptions-xml/P_new_heart_01_spkrTS.xml	sentence	1 <u> elements, consistent structure
/Users/jackbowers/Archived - Box Sync/Language_Data/Mixtepec_Mixtec/transcriptions-xml/P_nine_husbands_01_spkrJS.xml	sentence	1 <u> elements, consistent structure
/Users/jackbowers/Archived - Box Sync/Language_Data/Mixtepec_Mixtec/transcriptions-xml/P_nine_husbands_02_spkrJS.xml	sentence	1 <u> elements, consistent structure
/Users/jackbowers/Archived - Box Sync/Language_Data/Mixtepec_Mixtec/transcriptions-xml/P_that_thin_green_fruit_01_spkrJS.xml	sentence	1 <u> elements, consistent structure
/Users/jackbowers/Archived - Box Sync/Language_Data/Mixtepec_Mixtec/transcriptions-xml/P_that_thin_green_fruit_02_spkrJS.xml	sentence	1 <u> elements, consistent structure
/Users/jackbowers/Archived - Box Sync/Language_Data/Mixtepec_Mixtec/transcriptions-xml/P_thin_green_fruit_1st_sg_01_spkrJS.xml	sentence	1 <u> elements, consistent structure
/Users/jackbowers/Archived - Box Sync/Language_Data/Mixtepec_Mixtec/transcriptions-xml/P_thin_green_fruit_1st_sg_02_spkrJS.xml	sentence	1 <u> elements, consistent structure
/Users/jackbowers/Archived - Box Sync/Language_Data/Mixtepec_Mixtec/transcriptions-xml/QNTY_all_everything_01_02_03_spkrTS.xml	single-word	3 <u> elements, consistent structure
/Users/jackbowers/Archived - Box Sync/Language_Data/Mixtepec_Mixtec/transcriptions-xml/QNTY_everyone_01_02_03_spkrTS.xml	sentence	3 <u> elements, consistent structure
/Users/jackbowers/Archived - Box Sync/Language_Data/Mixtepec_Mixtec/transcriptions-xml/QNTY_few_01_02_03_TS.xml	single-word	3 <u> elements, consistent structure
/Users/jackbowers/Archived - Box Sync/Language_Data/Mixtepec_Mixtec/transcriptions-xml/QNTY_nobody_01_02_03_spkrTS.xml	sentence	3 <u> elements, consistent structure
/Users/jackbowers/Archived - Box Sync/Language_Data/Mixtepec_Mixtec/transcriptions-xml/QNTY_none-nothing_01_02_03_spkrTS.xml	single-word	3 <u> elements, consistent structure
/Users/jackbowers/Archived - Box Sync/Language_Data/Mixtepec_Mixtec/transcriptions-xml/Q_do_you_inf_see_me_RESP_yes_I_see_you_inf_01_02_spkrTS.xml	sentence	2 <u> elements, consistent structure
/Users/jackbowers/Archived - Box Sync/Language_Data/Mixtepec_Mixtec/transcriptions-xml/SET_days_of_the_week_01_02_TS.xml	single-word	14 <u> elements, consistent structure
/Users/jackbowers/Archived - Box Sync/Language_Data/Mixtepec_Mixtec/transcriptions-xml/SOC_good_bye_01_02_03_spkrTS.xml	sentence	3 <u> elements, consistent structure
/Users/jackbowers/Archived - Box Sync/Language_Data/Mixtepec_Mixtec/transcriptions-xml/SOC_thank_you_form_01_02_spkrTS.xml	sentence	2 <u> elements, consistent structure
/Users/jackbowers/Archived - Box Sync/Language_Data/Mixtepec_Mixtec/transcriptions-xml/SOC_thank_you_inf_01_02_spkrTS.xml	single-word	2 <u> elements, consistent structure
/Users/jackbowers/Archived - Box Sync/Language_Data/Mixtepec_Mixtec/transcriptions-xml/S_ARVL-HM_my_brothers_are_coming_home_01_02_03_04_TS.xml	sentence	3 <u> elements, consistent structure
/Users/jackbowers/Archived - Box Sync/Language_Data/Mixtepec_Mixtec/transcriptions-xml/S_ARVL_approaching_fast_3s_inf_01_02_03_TS.xml	sentence	3 <u> elements, consistent structure
/Users/jackbowers/Archived - Box Sync/Language_Data/Mixtepec_Mixtec/transcriptions-xml/S_ARVL_approaching_very_slowly_01_02_03_TS.xml	sentence	1 <u> elements, consistent structure
/Users/jackbowers/Archived - Box Sync/Language_Data/Mixtepec_Mixtec/transcriptions-xml/S_ATRB_be_siblings_Pablo_Maria_1st_sg_02_spkrTS.xml	sentence	1 <u> elements, consistent structure
/Users/jackbowers/Archived - Box Sync/Language_Data/Mixtepec_Mixtec/transcriptions-xml/S_ATRB_mother_1st_pl_excl_name_Herminia_01_spkrTS.xml	sentence	1 <u> elements, consistent structure
/Users/jackbowers/Archived - Box Sync/Language_Data/Mixtepec_Mixtec/transcriptions-xml/S_ATRB_that_man_be_PRS_bad_01_spkrTS.xml	sentence	1 <u> elements, consistent structure
/Users/jackbowers/Archived - Box Sync/Language_Data/Mixtepec_Mixtec/transcriptions-xml/S_ATTRB_1s_teacher_also_01_02_03_TS.xml	mixed	3 <u> elements, mixed structure: ['sentence', 'whole-utterance']
/Users/jackbowers/Archived - Box Sync/Language_Data/Mixtepec_Mixtec/transcriptions-xml/S_ATTRB_Pablo_and_Maria_are_teachers_01_TS.xml	sentence	1 <u> elements, consistent structure
/Users/jackbowers/Archived - Box Sync/Language_Data/Mixtepec_Mixtec/transcriptions-xml/S_ATTRB_grampas_hat_is_nice_01_02_TS.xml	sentence	2 <u> elements, consistent structure
/Users/jackbowers/Archived - Box Sync/Language_Data/Mixtepec_Mixtec/transcriptions-xml/S_ATTRB_now_she-grandmother_is_old_01_02_TS.xml	sentence	2 <u> elements, consistent structure
/Users/jackbowers/Archived - Box Sync/Language_Data/Mixtepec_Mixtec/transcriptions-xml/S_ATTRB_pants_1s_are_blue_01_02_TS.xml	sentence	2 <u> elements, consistent structure
/Users/jackbowers/Archived - Box Sync/Language_Data/Mixtepec_Mixtec/transcriptions-xml/S_ATTRB_shirt_2nd_sg_inf_be_PRS_black_01_spkrTS.xml	sentence	1 <u> elements, consistent structure
/Users/jackbowers/Archived - Box Sync/Language_Data/Mixtepec_Mixtec/transcriptions-xml/S_ATTRB_sibling_pl_1st_sg_be_PRS_older_than_1st_sg_02_spkrTS.xml	sentence	1 <u> elements, consistent structure
/Users/jackbowers/Archived - Box Sync/Language_Data/Mixtepec_Mixtec/transcriptions-xml/S_ATTRB_siblings_1s_are_teachers_01_02_TS.xml	sentence	2 <u> elements, consistent structure
/Users/jackbowers/Archived - Box Sync/Language_Data/Mixtepec_Mixtec/transcriptions-xml/S_ATTRB_siblings_1s_are_teachers_now_01_02_TS.xml	sentence	2 <u> elements, consistent structure
/Users/jackbowers/Archived - Box Sync/Language_Data/Mixtepec_Mixtec/transcriptions-xml/S_CLS1_they_got_maried_and_CLS2_have_3rd_pl_kids_01_spkrTS.xml	sentence	1 <u> elements, consistent structure
/Users/jackbowers/Archived - Box Sync/Language_Data/Mixtepec_Mixtec/transcriptions-xml/S_CMND_come_home_with_me_01_02_03_spkrTS.xml	sentence	3 <u> elements, consistent structure
/Users/jackbowers/Archived - Box Sync/Language_Data/Mixtepec_Mixtec/transcriptions-xml/S_CMND_come_to_work_with_me_01_02_03_spkrTS.xml	sentence	3 <u> elements, consistent structure
/Users/jackbowers/Archived - Box Sync/Language_Data/Mixtepec_Mixtec/transcriptions-xml/S_CMND_eat_this_tortilla_then_go_01_02_spkrTS.xml	sentence	2 <u> elements, consistent structure
/Users/jackbowers/Archived - Box Sync/Language_Data/Mixtepec_Mixtec/transcriptions-xml/S_CMND_go_home_with_Pedro_01_02_03_spkrTS.xml	sentence	3 <u> elements, consistent structure
/Users/jackbowers/Archived - Box Sync/Language_Data/Mixtepec_Mixtec/transcriptions-xml/S_CMND_go_to_work_with_Pedro_01_02_03_spkrTS.xml	sentence	3 <u> elements, consistent structure
/Users/jackbowers/Archived - Box Sync/Language_Data/Mixtepec_Mixtec/transcriptions-xml/S_CMND_look_at_Maria_01_02_03_TS.xml	sentence	3 <u> elements, consistent structure
/Users/jackbowers/Archived - Box Sync/Language_Data/Mixtepec_Mixtec/transcriptions-xml/S_CMND_look_at_Maria_she_works_very_hard_01_02_03_TS.xml	sentence	3 <u> elements, consistent structure
/Users/jackbowers/Archived - Box Sync/Language_Data/Mixtepec_Mixtec/transcriptions-xml/S_CMND_look_at_Marias_face-look_at_Maria_01_02_03_TS.xml	UNCLASSIFIABLE	PARSE ERROR: ID d1e208 already defined, line 217, column 55 (S_CMND_look_at_Marias_face-look_at_Maria_01_02_03_TS.xml, line 217)
/Users/jackbowers/Archived - Box Sync/Language_Data/Mixtepec_Mixtec/transcriptions-xml/S_CMND_look_into_my_eyes_01_02_03_TS.xml	sentence	3 <u> elements, consistent structure
/Users/jackbowers/Archived - Box Sync/Language_Data/Mixtepec_Mixtec/transcriptions-xml/S_CMND_take_DET_PROX_moon_01_spkrJS.xml	sentence	1 <u> elements, consistent structure
/Users/jackbowers/Archived - Box Sync/Language_Data/Mixtepec_Mixtec/transcriptions-xml/S_CMND_take_the_lamb_from_the_water_because_hes_drowning_01_02_TS.xml	sentence	2 <u> elements, consistent structure
/Users/jackbowers/Archived - Box Sync/Language_Data/Mixtepec_Mixtec/transcriptions-xml/S_CMND_walk_backwards_01_02_03_TS.xml	sentence	3 <u> elements, consistent structure
/Users/jackbowers/Archived - Box Sync/Language_Data/Mixtepec_Mixtec/transcriptions-xml/S_DEC_rain_COMPL_last_night_03_spkrTS.xml	sentence	1 <u> elements, consistent structure
/Users/jackbowers/Archived - Box Sync/Language_Data/Mixtepec_Mixtec/transcriptions-xml/S_DEC_rain_FUT_tomorrow_03_spkrTS.xml	sentence	1 <u> elements, consistent structure
/Users/jackbowers/Archived - Box Sync/Language_Data/Mixtepec_Mixtec/transcriptions-xml/S_EQTV_be_teachers_1st_pl_incl_sister_1st_sg_brother_1st_sg_1st_01_sg_spkrTS.xml	sentence	1 <u> elements, consistent structure
/Users/jackbowers/Archived - Box Sync/Language_Data/Mixtepec_Mixtec/transcriptions-xml/S_I_am_happy_01_02_TS.xml	sentence	2 <u> elements, consistent structure
/Users/jackbowers/Archived - Box Sync/Language_Data/Mixtepec_Mixtec/transcriptions-xml/S_I_am_not_eating_breakfast_right_now_Im_reading_a_book_01_spkrTS.xml	sentence	1 <u> elements, consistent structure
/Users/jackbowers/Archived - Box Sync/Language_Data/Mixtepec_Mixtec/transcriptions-xml/S_I_ate_bread_and_cheese_for_breakfast_this_morning_01_spkrTS.xml	sentence	1 <u> elements, consistent structure
/Users/jackbowers/Archived - Box Sync/Language_Data/Mixtepec_Mixtec/transcriptions-xml/S_I_eat_food_every_morning_01_02_03_TS.xml	sentence	3 <u> elements, consistent structure
/Users/jackbowers/Archived - Box Sync/Language_Data/Mixtepec_Mixtec/transcriptions-xml/S_I_left_before_my_sister-my_sister_left_after_I_left_01_02_TS.xml	sentence	1 <u> elements, consistent structure
/Users/jackbowers/Archived - Box Sync/Language_Data/Mixtepec_Mixtec/transcriptions-xml/S_I_stepped_on_a_scorpion_01_02_TS.xml	sentence	1 <u> elements, consistent structure
/Users/jackbowers/Archived - Box Sync/Language_Data/Mixtepec_Mixtec/transcriptions-xml/S_I_want_to_wear_his_shoes_01_02_TS.xml	sentence	1 <u> elements, consistent structure
/Users/jackbowers/Archived - Box Sync/Language_Data/Mixtepec_Mixtec/transcriptions-xml/S_I_was_going_to_school_yesterday_when_I_fell_down_01_spkrTS.xml	sentence	1 <u> elements, consistent structure
/Users/jackbowers/Archived - Box Sync/Language_Data/Mixtepec_Mixtec/transcriptions-xml/S_I_will_give_money_01_JS.xml	sentence	1 <u> elements, consistent structure
/Users/jackbowers/Archived - Box Sync/Language_Data/Mixtepec_Mixtec/transcriptions-xml/S_I_will_give_money_to_Jack_01_JS.xml	sentence	1 <u> elements, consistent structure
/Users/jackbowers/Archived - Box Sync/Language_Data/Mixtepec_Mixtec/transcriptions-xml/S_I_will_not_give_money_01_JS.xml	sentence	1 <u> elements, consistent structure
/Users/jackbowers/Archived - Box Sync/Language_Data/Mixtepec_Mixtec/transcriptions-xml/S_I_will_not_give_money_02_JS.xml	sentence	1 <u> elements, consistent structure
/Users/jackbowers/Archived - Box Sync/Language_Data/Mixtepec_Mixtec/transcriptions-xml/S_I_will_not_give_money_to_Jack_02_JS.xml	sentence	1 <u> elements, consistent structure
/Users/jackbowers/Archived - Box Sync/Language_Data/Mixtepec_Mixtec/transcriptions-xml/S_LOC_I_am_in_the_wilderness_01_02_TS.xml	sentence	2 <u> elements, consistent structure
/Users/jackbowers/Archived - Box Sync/Language_Data/Mixtepec_Mixtec/transcriptions-xml/S_LOC_friend_1s_inside_01_02_03_TS.xml	sentence	1 <u> elements, consistent structure
/Users/jackbowers/Archived - Box Sync/Language_Data/Mixtepec_Mixtec/transcriptions-xml/S_LOC_the_clouds_are_high-up_01_02_03_TS.xml	sentence	1 <u> elements, consistent structure
/Users/jackbowers/Archived - Box Sync/Language_Data/Mixtepec_Mixtec/transcriptions-xml/S_MTN-ARVL_2s_inf_is_coming_01_02_03_TS.xml	single-word	1 <u> elements, consistent structure
/Users/jackbowers/Archived - Box Sync/Language_Data/Mixtepec_Mixtec/transcriptions-xml/S_MTN-HM_1_pl_exl_are_going_home_01_02_03_TS.xml	sentence	1 <u> elements, consistent structure
/Users/jackbowers/Archived - Box Sync/Language_Data/Mixtepec_Mixtec/transcriptions-xml/S_MTN-HM_3sg_inf_arrive_at_home_here_01_02_03_TS.xml	sentence	1 <u> elements, consistent structure
/Users/jackbowers/Archived - Box Sync/Language_Data/Mixtepec_Mixtec/transcriptions-xml/S_MTN_3rd_sg_inf_is_going_to_work_01_02_TS.xml	sentence	1 <u> elements, consistent structure
/Users/jackbowers/Archived - Box Sync/Language_Data/Mixtepec_Mixtec/transcriptions-xml/S_MTN_3s_inf_was_in_Yucanani_then_went_to_Mixtepec_01_02_03_TS.xml	sentence	1 <u> elements, consistent structure
/Users/jackbowers/Archived - Box Sync/Language_Data/Mixtepec_Mixtec/transcriptions-xml/S_MTN_I_am_walking_through_the_forest_01_02_03_TS.xml	sentence	1 <u> elements, consistent structure
/Users/jackbowers/Archived - Box Sync/Language_Data/Mixtepec_Mixtec/transcriptions-xml/S_MTN_I_passed_over_the_bridge_01_02_03_TS.xml	mixed	3 <u> elements, mixed structure: ['sentence', 'whole-utterance']
/Users/jackbowers/Archived - Box Sync/Language_Data/Mixtepec_Mixtec/transcriptions-xml/S_MTN_dog_walk_towards_children_01_02_TS.xml	sentence	2 <u> elements, consistent structure
/Users/jackbowers/Archived - Box Sync/Language_Data/Mixtepec_Mixtec/transcriptions-xml/S_MTN_dogs_walk_PROG_away-from_eachother_01_02_03_TS.xml	sentence	1 <u> elements, consistent structure
/Users/jackbowers/Archived - Box Sync/Language_Data/Mixtepec_Mixtec/transcriptions-xml/S_MTN_the_elders_are_coming_01_02_03_TS.xml	sentence	1 <u> elements, consistent structure
/Users/jackbowers/Archived - Box Sync/Language_Data/Mixtepec_Mixtec/transcriptions-xml/S_MTN_the_elders_are_returning_01_02_03_TS.xml	sentence	1 <u> elements, consistent structure
/Users/jackbowers/Archived - Box Sync/Language_Data/Mixtepec_Mixtec/transcriptions-xml/S_MTN_the_elders_come_here_03_04_TS.xml	sentence	1 <u> elements, consistent structure
/Users/jackbowers/Archived - Box Sync/Language_Data/Mixtepec_Mixtec/transcriptions-xml/S_MTN_the_goat_jumped_over_the_armadillo_01_02_03_TS.xml	sentence	1 <u> elements, consistent structure
/Users/jackbowers/Archived - Box Sync/Language_Data/Mixtepec_Mixtec/transcriptions-xml/S_MTN_walk_then_go_left_then_go_right_01_02_03_TS.xml	sentence	1 <u> elements, consistent structure
/Users/jackbowers/Archived - Box Sync/Language_Data/Mixtepec_Mixtec/transcriptions-xml/S_QNTY_few_people_ate_01_02_03_TS.xml	sentence	2 <u> elements, consistent structure
/Users/jackbowers/Archived - Box Sync/Language_Data/Mixtepec_Mixtec/transcriptions-xml/S_QNTY_nobody_went_3rd_sg_form_home_01_spkrTS.xml	sentence	1 <u> elements, consistent structure
/Users/jackbowers/Archived - Box Sync/Language_Data/Mixtepec_Mixtec/transcriptions-xml/S_Q_I_heard_your_car_broke_down_ANS_yes_it_did_01_JS.xml	sentence	1 <u> elements, consistent structure
/Users/jackbowers/Archived - Box Sync/Language_Data/Mixtepec_Mixtec/transcriptions-xml/S_Q_I_heard_your_car_broke_down_ANS_yes_it_did_02_JS.xml	sentence	1 <u> elements, consistent structure
/Users/jackbowers/Archived - Box Sync/Language_Data/Mixtepec_Mixtec/transcriptions-xml/S_Q_WH-what_happened_to_your_car_2s_inf_02_JS.xml	sentence	1 <u> elements, consistent structure
/Users/jackbowers/Archived - Box Sync/Language_Data/Mixtepec_Mixtec/transcriptions-xml/S_Q_WH_TEMP_what_time_want_2nd_sg_V_eat_01_02_03_TS.xml	sentence	1 <u> elements, consistent structure
/Users/jackbowers/Archived - Box Sync/Language_Data/Mixtepec_Mixtec/transcriptions-xml/S_Q_WH_who_read_a_book_COMPL_01_JS.xml	sentence	1 <u> elements, consistent structure
/Users/jackbowers/Archived - Box Sync/Language_Data/Mixtepec_Mixtec/transcriptions-xml/S_Q_Y-N_is_it_raining_01_spkrTS.xml	sentence	1 <u> elements, consistent structure
/Users/jackbowers/Archived - Box Sync/Language_Data/Mixtepec_Mixtec/transcriptions-xml/S_Q_Y-N_is_it_raining_02_spkrTS.xml	sentence	1 <u> elements, consistent structure
/Users/jackbowers/Archived - Box Sync/Language_Data/Mixtepec_Mixtec/transcriptions-xml/S_Q_Y-N_speak_2nd_sg_inf2_saa_savi_ANS_AFRM_speak_1st_sg_saa_savi_01_spkrTS.xml	sentence	1 <u> elements, consistent structure
/Users/jackbowers/Archived - Box Sync/Language_Data/Mixtepec_Mixtec/transcriptions-xml/S_Q_do_you_inf_see_me_01_02_spkrTS.xml	sentence	2 <u> elements, consistent structure
/Users/jackbowers/Archived - Box Sync/Language_Data/Mixtepec_Mixtec/transcriptions-xml/S_Q_do_you_inf_see_yourself_ANS_NEG_no_I_dont_see_myself_01_02_spkrTS.xml	sentence	1 <u> elements, consistent structure
/Users/jackbowers/Archived - Box Sync/Language_Data/Mixtepec_Mixtec/transcriptions-xml/S_Q_do_you_inf_see_yourself_ANS_yes_I_see_myself_01_02_spkrTS.xml	sentence	1 <u> elements, consistent structure
/Users/jackbowers/Archived - Box Sync/Language_Data/Mixtepec_Mixtec/transcriptions-xml/S_Q_do_you_speak_saa_savi_01_02_spkrTS.xml	sentence	2 <u> elements, consistent structure
/Users/jackbowers/Archived - Box Sync/Language_Data/Mixtepec_Mixtec/transcriptions-xml/S_Q_do_you_speak_saa_savi_ANS_NEG2_I_dont_speak_saa_savi_01_02_spkrTS.xml	sentence	1 <u> elements, consistent structure
/Users/jackbowers/Archived - Box Sync/Language_Data/Mixtepec_Mixtec/transcriptions-xml/S_Q_do_you_speak_saa_savi_ANS_NEG_I_dont_speak_saa_savi_01_02_spkrTS.xml	sentence	1 <u> elements, consistent structure
/Users/jackbowers/Archived - Box Sync/Language_Data/Mixtepec_Mixtec/transcriptions-xml/S_Q_do_you_speak_saa_savi_ANS_yes_I_speak_saa_savi_01_02_spkrTS.xml	sentence	1 <u> elements, consistent structure
/Users/jackbowers/Archived - Box Sync/Language_Data/Mixtepec_Mixtec/transcriptions-xml/S_Q_is_it_sunny_today_02_TS.xml	sentence	1 <u> elements, consistent structure
/Users/jackbowers/Archived - Box Sync/Language_Data/Mixtepec_Mixtec/transcriptions-xml/S_Q_what_did_the_boys_eat_01_spkrTS.xml	sentence	1 <u> elements, consistent structure
/Users/jackbowers/Archived - Box Sync/Language_Data/Mixtepec_Mixtec/transcriptions-xml/S_Q_what_happened_02_spkrTS.xml	sentence	1 <u> elements, consistent structure
/Users/jackbowers/Archived - Box Sync/Language_Data/Mixtepec_Mixtec/transcriptions-xml/S_Q_where_did_Claudia_eat_02_spkrTS.xml	sentence	1 <u> elements, consistent structure
/Users/jackbowers/Archived - Box Sync/Language_Data/Mixtepec_Mixtec/transcriptions-xml/S_Q_who_killed_who_01_spkrTS.xml	sentence	1 <u> elements, consistent structure
/Users/jackbowers/Archived - Box Sync/Language_Data/Mixtepec_Mixtec/transcriptions-xml/S_Q_who_killed_who_02_spkrTS.xml	sentence	1 <u> elements, consistent structure
/Users/jackbowers/Archived - Box Sync/Language_Data/Mixtepec_Mixtec/transcriptions-xml/S_Q_who_read_a_book_02_spkrJS.xml	sentence	1 <u> elements, consistent structure
/Users/jackbowers/Archived - Box Sync/Language_Data/Mixtepec_Mixtec/transcriptions-xml/S_STV_there_is_nothing_01_02_03_TS.xml	sentence	1 <u> elements, consistent structure
/Users/jackbowers/Archived - Box Sync/Language_Data/Mixtepec_Mixtec/transcriptions-xml/S_TEMP_2nd_sg_inf_arrive_early_01_02_03_spkrTS.xml	sentence	1 <u> elements, consistent structure
/Users/jackbowers/Archived - Box Sync/Language_Data/Mixtepec_Mixtec/transcriptions-xml/S_TEMP_SML_arrive_1st_pl_01_02_03_spkrTS.xml	sentence	1 <u> elements, consistent structure
/Users/jackbowers/Archived - Box Sync/Language_Data/Mixtepec_Mixtec/transcriptions-xml/S_TEMP_leave_1st_sg_now_01_02_spkrTS.xml	sentence	1 <u> elements, consistent structure
/Users/jackbowers/Archived - Box Sync/Language_Data/Mixtepec_Mixtec/transcriptions-xml/S_be-unhappy_worried_1s_01_02_TS.xml	sentence	2 <u> elements, consistent structure
/Users/jackbowers/Archived - Box Sync/Language_Data/Mixtepec_Mixtec/transcriptions-xml/S_boil_3pl_form_f_the_meat_01_02_TS.xml	sentence	1 <u> elements, consistent structure
/Users/jackbowers/Archived - Box Sync/Language_Data/Mixtepec_Mixtec/transcriptions-xml/S_chop_1s_yams_today_01_02_JS.xml	sentence	2 <u> elements, consistent structure
/Users/jackbowers/Archived - Box Sync/Language_Data/Mixtepec_Mixtec/transcriptions-xml/S_chop_1st_sg_Fut_yams_01_spkrJS.xml	sentence	1 <u> elements, consistent structure
/Users/jackbowers/Archived - Box Sync/Language_Data/Mixtepec_Mixtec/transcriptions-xml/S_climb_CMPL_the_little_kid_LOC_on_the_rock_01_02_03_TS.xml	sentence	3 <u> elements, consistent structure
/Users/jackbowers/Archived - Box Sync/Language_Data/Mixtepec_Mixtec/transcriptions-xml/S_cockroach_beLOC_under_the_table_01_02_03_TS.xml	sentence	3 <u> elements, consistent structure
/Users/jackbowers/Archived - Box Sync/Language_Data/Mixtepec_Mixtec/transcriptions-xml/S_cross-3sinf_the_river_tomorrow_01_02_03_TS.xml	sentence	1 <u> elements, consistent structure
/Users/jackbowers/Archived - Box Sync/Language_Data/Mixtepec_Mixtec/transcriptions-xml/S_cross-3sinf_the_river_yesterday_01_02_03_TS.xml	sentence	1 <u> elements, consistent structure
/Users/jackbowers/Archived - Box Sync/Language_Data/Mixtepec_Mixtec/transcriptions-xml/S_cross_3s_inf_the_river_everyday_01_02_TS.xml	sentence	1 <u> elements, consistent structure
/Users/jackbowers/Archived - Box Sync/Language_Data/Mixtepec_Mixtec/transcriptions-xml/S_eat_1s_FUT_beans_tomorrow_01_02_03_TS.xml	sentence	1 <u> elements, consistent structure
/Users/jackbowers/Archived - Box Sync/Language_Data/Mixtepec_Mixtec/transcriptions-xml/S_eat_1s_tortillas_COMPL_01_JS.xml	sentence	1 <u> elements, consistent structure
/Users/jackbowers/Archived - Box Sync/Language_Data/Mixtepec_Mixtec/transcriptions-xml/S_eat_1s_tortillas_IMP_01_02_JS.xml	sentence	1 <u> elements, consistent structure
/Users/jackbowers/Archived - Box Sync/Language_Data/Mixtepec_Mixtec/transcriptions-xml/S_eat_1st_sg_FUT_NEG_breakfast_ADV_sunday_02_spkrTS.xml	sentence	1 <u> elements, consistent structure
/Users/jackbowers/Archived - Box Sync/Language_Data/Mixtepec_Mixtec/transcriptions-xml/S_eat_3s_inf_IMP_when_the_phone_rang_01_TS.xml	sentence	1 <u> elements, consistent structure
/Users/jackbowers/Archived - Box Sync/Language_Data/Mixtepec_Mixtec/transcriptions-xml/S_eat_3s_inf_salt_02_JS.xml	sentence	1 <u> elements, consistent structure
/Users/jackbowers/Archived - Box Sync/Language_Data/Mixtepec_Mixtec/transcriptions-xml/S_eat_CMPL_1s_this_tortilla_not_that_one_01_02_03_TS.xml	sentence	1 <u> elements, consistent structure
/Users/jackbowers/Archived - Box Sync/Language_Data/Mixtepec_Mixtec/transcriptions-xml/S_eat_breakfast_1pl_excl_everyday_01_02_03_TS.xml	sentence	1 <u> elements, consistent structure
/Users/jackbowers/Archived - Box Sync/Language_Data/Mixtepec_Mixtec/transcriptions-xml/S_eat_breakfast_1pl_incl_everyday_01_02_TS.xml	sentence	1 <u> elements, consistent structure
/Users/jackbowers/Archived - Box Sync/Language_Data/Mixtepec_Mixtec/transcriptions-xml/S_eat_breakfast_1s_everyday_01_02_TS.xml	sentence	1 <u> elements, consistent structure
/Users/jackbowers/Archived - Box Sync/Language_Data/Mixtepec_Mixtec/transcriptions-xml/S_eat_breakfast_2s_form_everyday_TS_01_02.xml	sentence	1 <u> elements, consistent structure
/Users/jackbowers/Archived - Box Sync/Language_Data/Mixtepec_Mixtec/transcriptions-xml/S_eat_breakfast_2s_inf_everyday_TS_01_02.xml	sentence	1 <u> elements, consistent structure
/Users/jackbowers/Archived - Box Sync/Language_Data/Mixtepec_Mixtec/transcriptions-xml/S_eat_breakfast_3pl_f_all_everyday_01_TS.xml	sentence	1 <u> elements, consistent structure
/Users/jackbowers/Archived - Box Sync/Language_Data/Mixtepec_Mixtec/transcriptions-xml/S_eat_breakfast_3pl_inf_everyday_01_TS.xml	sentence	1 <u> elements, consistent structure
/Users/jackbowers/Archived - Box Sync/Language_Data/Mixtepec_Mixtec/transcriptions-xml/S_eat_breakfast_3s_inf_everyday_TS_01_02.xml	sentence	1 <u> elements, consistent structure
/Users/jackbowers/Archived - Box Sync/Language_Data/Mixtepec_Mixtec/transcriptions-xml/S_everyone_went_3rd_pl_form_home_01_02_03_spkrTS.xml	sentence	1 <u> elements, consistent structure
/Users/jackbowers/Archived - Box Sync/Language_Data/Mixtepec_Mixtec/transcriptions-xml/S_fish_swim_PRES_in_water_01_02_TS.xml	sentence	2 <u> elements, consistent structure
/Users/jackbowers/Archived - Box Sync/Language_Data/Mixtepec_Mixtec/transcriptions-xml/S_fly_beLOC_table_01_02_03_TS.xml	sentence	3 <u> elements, consistent structure
/Users/jackbowers/Archived - Box Sync/Language_Data/Mixtepec_Mixtec/transcriptions-xml/S_friend_1st_sg_LOC_outside_01_02_03_spkrTS.xml	sentence	1 <u> elements, consistent structure
/Users/jackbowers/Archived - Box Sync/Language_Data/Mixtepec_Mixtec/transcriptions-xml/S_frog_LOC_bottom_of_the_basket_01_02_TS.xml	sentence	2 <u> elements, consistent structure
/Users/jackbowers/Archived - Box Sync/Language_Data/Mixtepec_Mixtec/transcriptions-xml/S_frog_LOC_middle_of_the_basket_01_02_TS.xml	sentence	2 <u> elements, consistent structure
/Users/jackbowers/Archived - Box Sync/Language_Data/Mixtepec_Mixtec/transcriptions-xml/S_frog_LOC_top_of_the_basket_01_02_TS.xml	sentence	2 <u> elements, consistent structure
/Users/jackbowers/Archived - Box Sync/Language_Data/Mixtepec_Mixtec/transcriptions-xml/S_give_2s_inf_FUT_02_JS.xml	sentence	1 <u> elements, consistent structure
/Users/jackbowers/Archived - Box Sync/Language_Data/Mixtepec_Mixtec/transcriptions-xml/S_grandmother-1s_loves_grandfather-1s_very_much_01_02_TS.xml	sentence	1 <u> elements, consistent structure
/Users/jackbowers/Archived - Box Sync/Language_Data/Mixtepec_Mixtec/transcriptions-xml/S_house_LOC_middle_of_the_hill_01_spkrTS.xml	sentence	1 <u> elements, consistent structure
/Users/jackbowers/Archived - Box Sync/Language_Data/Mixtepec_Mixtec/transcriptions-xml/S_house_LOC_top_of_the_hill_01_02_TS.xml	sentence	2 <u> elements, consistent structure
/Users/jackbowers/Archived - Box Sync/Language_Data/Mixtepec_Mixtec/transcriptions-xml/S_it_is_hailing_01_02_JS.xml	sentence	2 <u> elements, consistent structure
/Users/jackbowers/Archived - Box Sync/Language_Data/Mixtepec_Mixtec/transcriptions-xml/S_it_rained_yesterday_01_spkrTS.xml	sentence	1 <u> elements, consistent structure
/Users/jackbowers/Archived - Box Sync/Language_Data/Mixtepec_Mixtec/transcriptions-xml/S_jump_1st_sg_COMPL_on_the_bed_01_spkrTS.xml	sentence	1 <u> elements, consistent structure
/Users/jackbowers/Archived - Box Sync/Language_Data/Mixtepec_Mixtec/transcriptions-xml/S_jump_1st_sg_FUT_DIR_over_there-CONJ_then_V_pee_1st_sg_FUT_02_spkrJS.xml	sentence	1 <u> elements, consistent structure
/Users/jackbowers/Archived - Box Sync/Language_Data/Mixtepec_Mixtec/transcriptions-xml/S_jump_1st_sg_FUT_on_the_bed_02_spkrTS.xml	sentence	1 <u> elements, consistent structure
/Users/jackbowers/Archived - Box Sync/Language_Data/Mixtepec_Mixtec/transcriptions-xml/S_jump_1st_sg_on_the_bed_01_spkrTS.xml	sentence	1 <u> elements, consistent structure
/Users/jackbowers/Archived - Box Sync/Language_Data/Mixtepec_Mixtec/transcriptions-xml/S_lion_eats_squirrel_01_spkrJS.xml	sentence	1 <u> elements, consistent structure
/Users/jackbowers/Archived - Box Sync/Language_Data/Mixtepec_Mixtec/transcriptions-xml/S_live_1s_at_home_still_01_02_TS.xml	sentence	2 <u> elements, consistent structure
/Users/jackbowers/Archived - Box Sync/Language_Data/Mixtepec_Mixtec/transcriptions-xml/S_live_at_home_1s_FUT_until_married_1s_01_02_TS.xml	sentence	1 <u> elements, consistent structure
/Users/jackbowers/Archived - Box Sync/Language_Data/Mixtepec_Mixtec/transcriptions-xml/S_load_2nd_sg_inf_wood_LOC_on_the_donkey_01_02_03_TS.xml	sentence	3 <u> elements, consistent structure
/Users/jackbowers/Archived - Box Sync/Language_Data/Mixtepec_Mixtec/transcriptions-xml/S_look_into_my_eyes_01_02_03_TS.xml	sentence	3 <u> elements, consistent structure
/Users/jackbowers/Archived - Box Sync/Language_Data/Mixtepec_Mixtec/transcriptions-xml/S_mother_1pl_name_is_Herminia_01_TS.xml	sentence	1 <u> elements, consistent structure
/Users/jackbowers/Archived - Box Sync/Language_Data/Mixtepec_Mixtec/transcriptions-xml/S_mother_aunts_1s_sew_clothes_01_02_TS.xml	sentence	1 <u> elements, consistent structure
/Users/jackbowers/Archived - Box Sync/Language_Data/Mixtepec_Mixtec/transcriptions-xml/S_my_car_broke_down_01_spkrJS.xml	sentence	1 <u> elements, consistent structure
/Users/jackbowers/Archived - Box Sync/Language_Data/Mixtepec_Mixtec/transcriptions-xml/S_my_car_broke_down_03_spkrJS.xml	sentence	1 <u> elements, consistent structure
/Users/jackbowers/Archived - Box Sync/Language_Data/Mixtepec_Mixtec/transcriptions-xml/S_my_siblings_are_older_than_I_02_TS.xml	sentence	1 <u> elements, consistent structure
/Users/jackbowers/Archived - Box Sync/Language_Data/Mixtepec_Mixtec/transcriptions-xml/S_my_siblings_do_not_live_at_home_02_spkrTS.xml	sentence	1 <u> elements, consistent structure
/Users/jackbowers/Archived - Box Sync/Language_Data/Mixtepec_Mixtec/transcriptions-xml/S_nine_husbands_eat_salt_05_spkrJS.xml	sentence	1 <u> elements, consistent structure
/Users/jackbowers/Archived - Box Sync/Language_Data/Mixtepec_Mixtec/transcriptions-xml/S_run_1s_CMPL_yesterday_01_02_TS.xml	sentence	2 <u> elements, consistent structure
/Users/jackbowers/Archived - Box Sync/Language_Data/Mixtepec_Mixtec/transcriptions-xml/S_run_1s_HAB_everyday_01_02_03_TS.xml	sentence	3 <u> elements, consistent structure
/Users/jackbowers/Archived - Box Sync/Language_Data/Mixtepec_Mixtec/transcriptions-xml/S_see_1s_you_2s-inf_01_02_TS.xml	sentence	1 <u> elements, consistent structure
/Users/jackbowers/Archived - Box Sync/Language_Data/Mixtepec_Mixtec/transcriptions-xml/S_she-grandmother_is_still_beautifull_01_02_TS.xml	sentence	1 <u> elements, consistent structure
/Users/jackbowers/Archived - Box Sync/Language_Data/Mixtepec_Mixtec/transcriptions-xml/S_siblings_1s_are_older_and_they_dont_live_at_home_01_02_03_TS.xml	sentence	1 <u> elements, consistent structure
/Users/jackbowers/Archived - Box Sync/Language_Data/Mixtepec_Mixtec/transcriptions-xml/S_someone_told_me_your_2s_inf_car_broke_down_01_JS.xml	sentence	1 <u> elements, consistent structure
/Users/jackbowers/Archived - Box Sync/Language_Data/Mixtepec_Mixtec/transcriptions-xml/S_someone_told_you_2s_inf_your_2s_inf_car_broke_down_JS.xml	sentence	1 <u> elements, consistent structure
/Users/jackbowers/Archived - Box Sync/Language_Data/Mixtepec_Mixtec/transcriptions-xml/S_someone_told_you_3pl_inf_your_2s_inf_car_broke_down_JS.xml	sentence	1 <u> elements, consistent structure
/Users/jackbowers/Archived - Box Sync/Language_Data/Mixtepec_Mixtec/transcriptions-xml/S_speak_1s_on_behalf_of_Pedro_01_02_03_TS.xml	sentence	3 <u> elements, consistent structure
/Users/jackbowers/Archived - Box Sync/Language_Data/Mixtepec_Mixtec/transcriptions-xml/S_stand_in_back_of_the_house_01_02_TS.xml	sentence	2 <u> elements, consistent structure
/Users/jackbowers/Archived - Box Sync/Language_Data/Mixtepec_Mixtec/transcriptions-xml/S_stand_in_front_of_the_house_01_02_03_TS.xml	sentence	2 <u> elements, consistent structure
/Users/jackbowers/Archived - Box Sync/Language_Data/Mixtepec_Mixtec/transcriptions-xml/S_stand_on_the_side_of_the_house_02_TS.xml	sentence	1 <u> elements, consistent structure
/Users/jackbowers/Archived - Box Sync/Language_Data/Mixtepec_Mixtec/transcriptions-xml/S_stay_at_FUT_home_tomorrow_1s_01_02_03_TS.xml	sentence	1 <u> elements, consistent structure
/Users/jackbowers/Archived - Box Sync/Language_Data/Mixtepec_Mixtec/transcriptions-xml/S_stay_at_FUT_home_tomorrow_3s_inf_01_02_03_TS.xml	sentence	1 <u> elements, consistent structure
/Users/jackbowers/Archived - Box Sync/Language_Data/Mixtepec_Mixtec/transcriptions-xml/S_stay_at_PRES_home_today_1s_01_02_03_TS.xml	sentence	1 <u> elements, consistent structure
/Users/jackbowers/Archived - Box Sync/Language_Data/Mixtepec_Mixtec/transcriptions-xml/S_stay_at_PST_home_the_other_day_1s_01_02_03_TS.xml	sentence	1 <u> elements, consistent structure
/Users/jackbowers/Archived - Box Sync/Language_Data/Mixtepec_Mixtec/transcriptions-xml/S_stay_at_PST_the_other_day_3s_inf_01_02_03_TS.xml	sentence	1 <u> elements, consistent structure
/Users/jackbowers/Archived - Box Sync/Language_Data/Mixtepec_Mixtec/transcriptions-xml/S_that_beautiful_woman_eats_chicken_1st_pl_01_spkrJS.xml	sentence	1 <u> elements, consistent structure
/Users/jackbowers/Archived - Box Sync/Language_Data/Mixtepec_Mixtec/transcriptions-xml/S_that_beautiful_woman_eats_chicken_1st_sg_01_spkrJS.xml	sentence	1 <u> elements, consistent structure
/Users/jackbowers/Archived - Box Sync/Language_Data/Mixtepec_Mixtec/transcriptions-xml/S_that_beautiful_woman_eats_the_chicken_02_JS.xml	sentence	1 <u> elements, consistent structure
/Users/jackbowers/Archived - Box Sync/Language_Data/Mixtepec_Mixtec/transcriptions-xml/S_the-that_priest_hit_1st_sg_01_JS.xml	sentence	1 <u> elements, consistent structure
/Users/jackbowers/Archived - Box Sync/Language_Data/Mixtepec_Mixtec/transcriptions-xml/S_the_bat_fly_COMPL_get_up_out_of_COMPL_the_cave_01_02_TS.xml	sentence	1 <u> elements, consistent structure
/Users/jackbowers/Archived - Box Sync/Language_Data/Mixtepec_Mixtec/transcriptions-xml/S_the_bat_fly_COMPL_to_the_cave_enter_COMPL_02_03_TS.xml	sentence	1 <u> elements, consistent structure
/Users/jackbowers/Archived - Box Sync/Language_Data/Mixtepec_Mixtec/transcriptions-xml/S_the_bat_fly_FUT_into_the_cave_01_02_03_TS.xml	sentence	1 <u> elements, consistent structure
/Users/jackbowers/Archived - Box Sync/Language_Data/Mixtepec_Mixtec/transcriptions-xml/S_the_bat_fly_FUT_out_of_the_cave_01_02_TS.xml	sentence	1 <u> elements, consistent structure
/Users/jackbowers/Archived - Box Sync/Language_Data/Mixtepec_Mixtec/transcriptions-xml/S_the_bee_is_flying_around_the_tree_01_02_03_TS.xml	sentence	3 <u> elements, consistent structure
/Users/jackbowers/Archived - Box Sync/Language_Data/Mixtepec_Mixtec/transcriptions-xml/S_the_crow_is_flying_high_01_02_03_TS.xml	sentence	1 <u> elements, consistent structure
/Users/jackbowers/Archived - Box Sync/Language_Data/Mixtepec_Mixtec/transcriptions-xml/S_the_dog_is_walking_towards_the_kids_01_02_spkrTS.xml	sentence	2 <u> elements, consistent structure
/Users/jackbowers/Archived - Box Sync/Language_Data/Mixtepec_Mixtec/transcriptions-xml/S_the_dogs_are_walking_away_from_eachother_01_02_03_spkrTS.xml	sentence	1 <u> elements, consistent structure
/Users/jackbowers/Archived - Box Sync/Language_Data/Mixtepec_Mixtec/transcriptions-xml/S_the_hawk_fly_COMPL_in_front_of_1s_01_02_03_TS.xml	mixed	3 <u> elements, mixed structure: ['sentence', 'whole-utterance']
/Users/jackbowers/Archived - Box Sync/Language_Data/Mixtepec_Mixtec/transcriptions-xml/S_the_hawk_fly_COMPL_infront_of_3s_inf_01_02_03_TS.xml	sentence	3 <u> elements, consistent structure
/Users/jackbowers/Archived - Box Sync/Language_Data/Mixtepec_Mixtec/transcriptions-xml/S_the_house_is_on_the_bottom_of_the_hill_01_02.xml	sentence	2 <u> elements, consistent structure
/Users/jackbowers/Archived - Box Sync/Language_Data/Mixtepec_Mixtec/transcriptions-xml/S_the_little_kid_put_the_cat_up_in_the_tree_01_02_spkrTS.xml	sentence	2 <u> elements, consistent structure
/Users/jackbowers/Archived - Box Sync/Language_Data/Mixtepec_Mixtec/transcriptions-xml/S_the_lizard_beLOC_in_the_boys_hand_01_02_03_TS.xml	sentence	3 <u> elements, consistent structure
/Users/jackbowers/Archived - Box Sync/Language_Data/Mixtepec_Mixtec/transcriptions-xml/S_the_owl_fly_COMPL_into_the_tree_01_02_03_TS.xml	sentence	1 <u> elements, consistent structure
/Users/jackbowers/Archived - Box Sync/Language_Data/Mixtepec_Mixtec/transcriptions-xml/S_the_red_and_yellow_bird_sings_01_spkrJS.xml	sentence	1 <u> elements, consistent structure
/Users/jackbowers/Archived - Box Sync/Language_Data/Mixtepec_Mixtec/transcriptions-xml/S_the_squirrel_eats_the_lion_02_spkrJS.xml	sentence	1 <u> elements, consistent structure
/Users/jackbowers/Archived - Box Sync/Language_Data/Mixtepec_Mixtec/transcriptions-xml/S_the_sun_shines_today_01_02_JS.xml	sentence	2 <u> elements, consistent structure
/Users/jackbowers/Archived - Box Sync/Language_Data/Mixtepec_Mixtec/transcriptions-xml/S_the_swallow_fly_away_COMPL_because_he_saw_a_vulcher_01_02_03_TS.xml	sentence	1 <u> elements, consistent structure
/Users/jackbowers/Archived - Box Sync/Language_Data/Mixtepec_Mixtec/transcriptions-xml/S_the_tree_LOC_DIST_01_02_spkrTS.xml	mixed	2 <u> elements, mixed structure: ['sentence', 'whole-utterance']
/Users/jackbowers/Archived - Box Sync/Language_Data/Mixtepec_Mixtec/transcriptions-xml/S_the_tree_LOC_DIST_from_me_01_02_03_spkrTS.xml	sentence	1 <u> elements, consistent structure
/Users/jackbowers/Archived - Box Sync/Language_Data/Mixtepec_Mixtec/transcriptions-xml/S_the_tree_LOC_PROX_01_02_03_spkrTS.xml	sentence	3 <u> elements, consistent structure
/Users/jackbowers/Archived - Box Sync/Language_Data/Mixtepec_Mixtec/transcriptions-xml/S_the_tree_LOC_PROX_me_01_02_03_spkrTS.xml	sentence	3 <u> elements, consistent structure
/Users/jackbowers/Archived - Box Sync/Language_Data/Mixtepec_Mixtec/transcriptions-xml/S_the_vase_has_some_water_01_TS.xml	sentence	1 <u> elements, consistent structure
/Users/jackbowers/Archived - Box Sync/Language_Data/Mixtepec_Mixtec/transcriptions-xml/S_the_vase_is_empty_01_02_TS.xml	sentence	1 <u> elements, consistent structure
/Users/jackbowers/Archived - Box Sync/Language_Data/Mixtepec_Mixtec/transcriptions-xml/S_the_woodpecker_fly_COMPL_in_front_of_3s_01_02_03_TS.xml	sentence	3 <u> elements, consistent structure
/Users/jackbowers/Archived - Box Sync/Language_Data/Mixtepec_Mixtec/transcriptions-xml/S_the_woodpecker_fly_COMPL_over_1s_01_02_03_TS.xml	sentence	3 <u> elements, consistent structure
/Users/jackbowers/Archived - Box Sync/Language_Data/Mixtepec_Mixtec/transcriptions-xml/S_the_woodpecker_fly_COMPL_over_the_field_01_02_03_04_TS.xml	sentence	4 <u> elements, consistent structure
/Users/jackbowers/Archived - Box Sync/Language_Data/Mixtepec_Mixtec/transcriptions-xml/S_there_is_an_ant_beLOC_on_my_leg_03_TS.xml	sentence	1 <u> elements, consistent structure
/Users/jackbowers/Archived - Box Sync/Language_Data/Mixtepec_Mixtec/transcriptions-xml/S_they_both_got_3rd_pl_inf_home_at_the_same_time_01_02_03spkrTS.xml	sentence	1 <u> elements, consistent structure
/Users/jackbowers/Archived - Box Sync/Language_Data/Mixtepec_Mixtec/transcriptions-xml/S_they_f_sew_clothes_very_well_01_spkrTS.xml	sentence	1 <u> elements, consistent structure
/Users/jackbowers/Archived - Box Sync/Language_Data/Mixtepec_Mixtec/transcriptions-xml/S_throw_3s_form_m_IMP_ball_DIR_1s_01_02_TS.xml	sentence	2 <u> elements, consistent structure
/Users/jackbowers/Archived - Box Sync/Language_Data/Mixtepec_Mixtec/transcriptions-xml/S_tree_LOC_PROX_01_02_03_TS.xml	sentence	3 <u> elements, consistent structure
/Users/jackbowers/Archived - Box Sync/Language_Data/Mixtepec_Mixtec/transcriptions-xml/S_want_1st_sg_it_to_rain_tomorrow_03_spkrTS.xml	sentence	1 <u> elements, consistent structure
/Users/jackbowers/Archived - Box Sync/Language_Data/Mixtepec_Mixtec/transcriptions-xml/S_wash_1st_sg_FUT_NEG_dog_1st_sg_01_02_TS.xml	sentence	1 <u> elements, consistent structure
/Users/jackbowers/Archived - Box Sync/Language_Data/Mixtepec_Mixtec/transcriptions-xml/S_wash_1st_sg_FUT_dog_1st_sg_01_02_TS.xml	sentence	1 <u> elements, consistent structure
/Users/jackbowers/Archived - Box Sync/Language_Data/Mixtepec_Mixtec/transcriptions-xml/S_we_ate_rice_and_beans_for_breakfast_last_saturday_01_02_TS.xml	sentence	1 <u> elements, consistent structure
/Users/jackbowers/Archived - Box Sync/Language_Data/Mixtepec_Mixtec/transcriptions-xml/S_we_studied_alot_01_02_TS.xml	sentence	1 <u> elements, consistent structure
/Users/jackbowers/Archived - Box Sync/Language_Data/Mixtepec_Mixtec/transcriptions-xml/S_who_wants_to_blow_01_JS.xml	sentence	1 <u> elements, consistent structure
/Users/jackbowers/Archived - Box Sync/Language_Data/Mixtepec_Mixtec/transcriptions-xml/S_woman-COP-beautiful_01_02_03_JS.xml	sentence	3 <u> elements, consistent structure
/Users/jackbowers/Archived - Box Sync/Language_Data/Mixtepec_Mixtec/transcriptions-xml/S_work_1st_sg_instead_of_Maria_01_02_03_TS.xml	sentence	3 <u> elements, consistent structure
/Users/jackbowers/Archived - Box Sync/Language_Data/Mixtepec_Mixtec/transcriptions-xml/S_you_2s_inf_smell_bad_01_02_03_spkrTS.xml	sentence	1 <u> elements, consistent structure
/Users/jackbowers/Archived - Box Sync/Language_Data/Mixtepec_Mixtec/transcriptions-xml/S_you_2s_inf_smell_good_01_02_03_spkrTS.xml	sentence	1 <u> elements, consistent structure
/Users/jackbowers/Archived - Box Sync/Language_Data/Mixtepec_Mixtec/transcriptions-xml/V_CMND_lay_down_01_02_03_TS.xml	single-word	3 <u> elements, consistent structure
/Users/jackbowers/Archived - Box Sync/Language_Data/Mixtepec_Mixtec/transcriptions-xml/V_CMND_sit_down_01_02_03_spkrTS.xml	single-word	3 <u> elements, consistent structure
/Users/jackbowers/Archived - Box Sync/Language_Data/Mixtepec_Mixtec/transcriptions-xml/V_CMND_sit_down_in_back_of_me_01_02_03_spkrTS.xml	sentence	3 <u> elements, consistent structure
/Users/jackbowers/Archived - Box Sync/Language_Data/Mixtepec_Mixtec/transcriptions-xml/V_CMND_sit_down_in_front_of_me_01_02_03_spkrTS.xml	sentence	3 <u> elements, consistent structure
/Users/jackbowers/Archived - Box Sync/Language_Data/Mixtepec_Mixtec/transcriptions-xml/V_CMND_sit_down_next_to_me_01_02_spkrTS.xml	sentence	2 <u> elements, consistent structure
/Users/jackbowers/Archived - Box Sync/Language_Data/Mixtepec_Mixtec/transcriptions-xml/V_CMND_stand_up_01_02_03_spkrTS.xml	sentence	3 <u> elements, consistent structure
/Users/jackbowers/Archived - Box Sync/Language_Data/Mixtepec_Mixtec/transcriptions-xml/V_MTN_flee_02_spkrTS.xml	single-word	1 <u> elements, consistent structure
/Users/jackbowers/Archived - Box Sync/Language_Data/Mixtepec_Mixtec/transcriptions-xml/V_be_hungry-be_dying_of_hunger_02_JS.xml	sentence	1 <u> elements, consistent structure
/Users/jackbowers/Archived - Box Sync/Language_Data/Mixtepec_Mixtec/transcriptions-xml/V_boil_01_02_JS.xml	single-word	2 <u> elements, consistent structure
/Users/jackbowers/Archived - Box Sync/Language_Data/Mixtepec_Mixtec/transcriptions-xml/V_bring-down_01_02_TS.xml	single-word	2 <u> elements, consistent structure
/Users/jackbowers/Archived - Box Sync/Language_Data/Mixtepec_Mixtec/transcriptions-xml/V_cut_01_JS.xml	single-word	1 <u> elements, consistent structure
/Users/jackbowers/Archived - Box Sync/Language_Data/Mixtepec_Mixtec/transcriptions-xml/V_cut_1s_01_JS.xml	single-word	1 <u> elements, consistent structure
/Users/jackbowers/Archived - Box Sync/Language_Data/Mixtepec_Mixtec/transcriptions-xml/V_cut_1s_02_JS.xml	single-word	1 <u> elements, consistent structure
/Users/jackbowers/Archived - Box Sync/Language_Data/Mixtepec_Mixtec/transcriptions-xml/V_draw_01_spkrJS.xml	single-word	1 <u> elements, consistent structure
/Users/jackbowers/Archived - Box Sync/Language_Data/Mixtepec_Mixtec/transcriptions-xml/V_draw_02_spkrJS.xml	single-word	1 <u> elements, consistent structure
/Users/jackbowers/Archived - Box Sync/Language_Data/Mixtepec_Mixtec/transcriptions-xml/V_drink_1s_01_02_TS.xml	single-word	2 <u> elements, consistent structure
/Users/jackbowers/Archived - Box Sync/Language_Data/Mixtepec_Mixtec/transcriptions-xml/V_eat_1s_FUT_03_TS.xml	single-word	1 <u> elements, consistent structure
/Users/jackbowers/Archived - Box Sync/Language_Data/Mixtepec_Mixtec/transcriptions-xml/V_eat_dinner_04_JS.xml	single-word	1 <u> elements, consistent structure
/Users/jackbowers/Archived - Box Sync/Language_Data/Mixtepec_Mixtec/transcriptions-xml/V_eat_lunch_01_JS.xml	single-word	1 <u> elements, consistent structure
/Users/jackbowers/Archived - Box Sync/Language_Data/Mixtepec_Mixtec/transcriptions-xml/V_fart_01_02_03_spkrTS.xml	single-word	3 <u> elements, consistent structure
/Users/jackbowers/Archived - Box Sync/Language_Data/Mixtepec_Mixtec/transcriptions-xml/V_give_02_spkrJS.xml	single-word	1 <u> elements, consistent structure
/Users/jackbowers/Archived - Box Sync/Language_Data/Mixtepec_Mixtec/transcriptions-xml/V_give_03_spkrJS.xml	single-word	1 <u> elements, consistent structure
/Users/jackbowers/Archived - Box Sync/Language_Data/Mixtepec_Mixtec/transcriptions-xml/V_give_1st_sg_FUT_01_02_spkrJS.xml	single-word	2 <u> elements, consistent structure
/Users/jackbowers/Archived - Box Sync/Language_Data/Mixtepec_Mixtec/transcriptions-xml/V_give_2nd_sg_inf_FUT_02_spkrJS.xml	sentence	1 <u> elements, consistent structure
/Users/jackbowers/Archived - Box Sync/Language_Data/Mixtepec_Mixtec/transcriptions-xml/V_go_2nd_pl_form_01_02_spkrJS.xml	sentence	1 <u> elements, consistent structure
/Users/jackbowers/Archived - Box Sync/Language_Data/Mixtepec_Mixtec/transcriptions-xml/V_go_2nd_pl_inf_01_02_spkrJS.xml	sentence	1 <u> elements, consistent structure
/Users/jackbowers/Archived - Box Sync/Language_Data/Mixtepec_Mixtec/transcriptions-xml/V_go_2nd_sg_form_01_02_spkrJS.xml	sentence	1 <u> elements, consistent structure
/Users/jackbowers/Archived - Box Sync/Language_Data/Mixtepec_Mixtec/transcriptions-xml/V_go_2nd_sg_inf_02_spkrJS.xml	single-word	1 <u> elements, consistent structure
/Users/jackbowers/Archived - Box Sync/Language_Data/Mixtepec_Mixtec/transcriptions-xml/V_go_2nd_sg_inf_FUT_02_spkrJS.xml	sentence	1 <u> elements, consistent structure
/Users/jackbowers/Archived - Box Sync/Language_Data/Mixtepec_Mixtec/transcriptions-xml/V_go_3rd_pl_form_all_03_04_JS.xml	sentence	2 <u> elements, consistent structure
/Users/jackbowers/Archived - Box Sync/Language_Data/Mixtepec_Mixtec/transcriptions-xml/V_go_3rd_pl_form_all_FUT_02_spkrJS.xml	sentence	1 <u> elements, consistent structure
/Users/jackbowers/Archived - Box Sync/Language_Data/Mixtepec_Mixtec/transcriptions-xml/V_go_3rd_pl_inf_01_spkrJS.xml	sentence	1 <u> elements, consistent structure
/Users/jackbowers/Archived - Box Sync/Language_Data/Mixtepec_Mixtec/transcriptions-xml/V_go_3rd_sg_form_f_FUT_01_spkrJS.xml	sentence	1 <u> elements, consistent structure
/Users/jackbowers/Archived - Box Sync/Language_Data/Mixtepec_Mixtec/transcriptions-xml/V_go_3s_form_m_FUT_01_02_JS.xml	sentence	1 <u> elements, consistent structure
/Users/jackbowers/Archived - Box Sync/Language_Data/Mixtepec_Mixtec/transcriptions-xml/V_jump_1st_sg_FUT_01_spkrTS.xml	single-word	1 <u> elements, consistent structure
/Users/jackbowers/Archived - Box Sync/Language_Data/Mixtepec_Mixtec/transcriptions-xml/V_jump_3rd_sg_inf_01_spkrJS.xml	single-word	1 <u> elements, consistent structure
/Users/jackbowers/Archived - Box Sync/Language_Data/Mixtepec_Mixtec/transcriptions-xml/V_jump_3rd_sg_inf_FUT_03_spkrJS.xml	sentence	1 <u> elements, consistent structure
/Users/jackbowers/Archived - Box Sync/Language_Data/Mixtepec_Mixtec/transcriptions-xml/V_kill_01_spkrJS.xml	single-word	1 <u> elements, consistent structure
/Users/jackbowers/Archived - Box Sync/Language_Data/Mixtepec_Mixtec/transcriptions-xml/V_kill_02_spkrJS.xml	single-word	1 <u> elements, consistent structure
/Users/jackbowers/Archived - Box Sync/Language_Data/Mixtepec_Mixtec/transcriptions-xml/V_read_01_spkrJS.xml	single-word	1 <u> elements, consistent structure
/Users/jackbowers/Archived - Box Sync/Language_Data/Mixtepec_Mixtec/transcriptions-xml/V_read_02_spkrJS.xml	single-word	1 <u> elements, consistent structure
/Users/jackbowers/Archived - Box Sync/Language_Data/Mixtepec_Mixtec/transcriptions-xml/V_run_01_JS.xml	single-word	1 <u> elements, consistent structure
/Users/jackbowers/Archived - Box Sync/Language_Data/Mixtepec_Mixtec/transcriptions-xml/V_run_02_spkrJS.xml	single-word	1 <u> elements, consistent structure
/Users/jackbowers/Archived - Box Sync/Language_Data/Mixtepec_Mixtec/transcriptions-xml/V_run_1st_pl_01_02_spkrJS.xml	sentence	2 <u> elements, consistent structure
/Users/jackbowers/Archived - Box Sync/Language_Data/Mixtepec_Mixtec/transcriptions-xml/V_run_1st_sg_01_spkrJS.xml	single-word	1 <u> elements, consistent structure
/Users/jackbowers/Archived - Box Sync/Language_Data/Mixtepec_Mixtec/transcriptions-xml/V_run_1st_sg_02_spkrJS.xml	single-word	1 <u> elements, consistent structure
/Users/jackbowers/Archived - Box Sync/Language_Data/Mixtepec_Mixtec/transcriptions-xml/V_run_2nd_pl_form_01_02_spkrJS.xml	sentence	2 <u> elements, consistent structure
/Users/jackbowers/Archived - Box Sync/Language_Data/Mixtepec_Mixtec/transcriptions-xml/V_run_2nd_pl_inf_01_spkrJS.xml	sentence	1 <u> elements, consistent structure
/Users/jackbowers/Archived - Box Sync/Language_Data/Mixtepec_Mixtec/transcriptions-xml/V_run_2nd_sg_form_01_spkrJS.xml	sentence	1 <u> elements, consistent structure
/Users/jackbowers/Archived - Box Sync/Language_Data/Mixtepec_Mixtec/transcriptions-xml/V_run_2nd_sg_inf_01_spkrJS.xml	single-word	1 <u> elements, consistent structure
/Users/jackbowers/Archived - Box Sync/Language_Data/Mixtepec_Mixtec/transcriptions-xml/V_run_2nd_sg_inf_02_spkrJS.xml	single-word	1 <u> elements, consistent structure
/Users/jackbowers/Archived - Box Sync/Language_Data/Mixtepec_Mixtec/transcriptions-xml/V_run_3rd_pl_form_all_01_02_spkrJS.xml	sentence	2 <u> elements, consistent structure
/Users/jackbowers/Archived - Box Sync/Language_Data/Mixtepec_Mixtec/transcriptions-xml/V_run_3rd_pl_inf_01_spkrJS.xml	sentence	1 <u> elements, consistent structure
/Users/jackbowers/Archived - Box Sync/Language_Data/Mixtepec_Mixtec/transcriptions-xml/V_run_3rd_sg_form_m_01_02_spkrJS.xml	sentence	2 <u> elements, consistent structure
/Users/jackbowers/Archived - Box Sync/Language_Data/Mixtepec_Mixtec/transcriptions-xml/V_run_3rd_sg_inf_01_spkrJS.xml	single-word	1 <u> elements, consistent structure
/Users/jackbowers/Archived - Box Sync/Language_Data/Mixtepec_Mixtec/transcriptions-xml/V_run_3rd_sg_inf_02_spkrJS.xml	single-word	1 <u> elements, consistent structure
/Users/jackbowers/Archived - Box Sync/Language_Data/Mixtepec_Mixtec/transcriptions-xml/V_see_01_02_spkrTS.xml	single-word	2 <u> elements, consistent structure
/Users/jackbowers/Archived - Box Sync/Language_Data/Mixtepec_Mixtec/transcriptions-xml/V_shine_02_spkrJS.xml	single-word	1 <u> elements, consistent structure
/Users/jackbowers/Archived - Box Sync/Language_Data/Mixtepec_Mixtec/transcriptions-xml/V_sing_01_02_spkrTS.xml	single-word	2 <u> elements, consistent structure
/Users/jackbowers/Archived - Box Sync/Language_Data/Mixtepec_Mixtec/transcriptions-xml/V_sing_3rd_pl_inf_01_spkrJS.xml	sentence	1 <u> elements, consistent structure
/Users/jackbowers/Archived - Box Sync/Language_Data/Mixtepec_Mixtec/transcriptions-xml/V_sleep_01_spkrJS.xml	single-word	1 <u> elements, consistent structure
/Users/jackbowers/Archived - Box Sync/Language_Data/Mixtepec_Mixtec/transcriptions-xml/V_sleep_02_spkrJS.xml	single-word	1 <u> elements, consistent structure
/Users/jackbowers/Archived - Box Sync/Language_Data/Mixtepec_Mixtec/transcriptions-xml/V_sleep_1st_sg_01_spkrJS.xml	sentence	1 <u> elements, consistent structure
/Users/jackbowers/Archived - Box Sync/Language_Data/Mixtepec_Mixtec/transcriptions-xml/V_sleep_1st_sg_02_spkrJS.xml	sentence	1 <u> elements, consistent structure
/Users/jackbowers/Archived - Box Sync/Language_Data/Mixtepec_Mixtec/transcriptions-xml/V_smell_01_02_03_TS.xml	single-word	2 <u> elements, consistent structure
/Users/jackbowers/Archived - Box Sync/Language_Data/Mixtepec_Mixtec/transcriptions-xml/V_speak_01_02_03_04_05_TS.xml	single-word	1 <u> elements, consistent structure
/Users/jackbowers/Archived - Box Sync/Language_Data/Mixtepec_Mixtec/transcriptions-xml/V_speak_1st_sg_01_spkrTS.xml	sentence	1 <u> elements, consistent structure
/Users/jackbowers/Archived - Box Sync/Language_Data/Mixtepec_Mixtec/transcriptions-xml/V_teach_01_02_03_TS.xml	single-word	1 <u> elements, consistent structure
/Users/jackbowers/Archived - Box Sync/Language_Data/Mixtepec_Mixtec/transcriptions-xml/V_think_old_01_spkrJS.xml	single-word	1 <u> elements, consistent structure
/Users/jackbowers/Archived - Box Sync/Language_Data/Mixtepec_Mixtec/transcriptions-xml/V_think_yng_03_spkrJS.xml	single-word	1 <u> elements, consistent structure
/Users/jackbowers/Archived - Box Sync/Language_Data/Mixtepec_Mixtec/transcriptions-xml/V_whisper_01_02_TS.xml	single-word	2 <u> elements, consistent structure
/Users/jackbowers/Archived - Box Sync/Language_Data/Mixtepec_Mixtec/transcriptions-xml/V_yell_01_02_spkrTS.xml	single-word	2 <u> elements, consistent structure
/Users/jackbowers/Archived - Box Sync/Language_Data/Mixtepec_Mixtec/transcriptions-xml/WH_Q_what_01_spkrJS.xml	single-word	1 <u> elements, consistent structure
/Users/jackbowers/Archived - Box Sync/Language_Data/Mixtepec_Mixtec/transcriptions-xml/WH_Q_what_01_spkrTS.xml	single-word	1 <u> elements, consistent structure
/Users/jackbowers/Archived - Box Sync/Language_Data/Mixtepec_Mixtec/transcriptions-xml/WH_Q_what_02_spkrJS.xml	single-word	1 <u> elements, consistent structure
/Users/jackbowers/Archived - Box Sync/Language_Data/Mixtepec_Mixtec/transcriptions-xml/WH_Q_what_02_spkrTS.xml	single-word	1 <u> elements, consistent structure
/Users/jackbowers/Archived - Box Sync/Language_Data/Mixtepec_Mixtec/transcriptions-xml/WH_Q_what_03_spkrTS.xml	single-word	1 <u> elements, consistent structure
/Users/jackbowers/Archived - Box Sync/Language_Data/Mixtepec_Mixtec/transcriptions-xml/WH_Q_when_01_spkrTS.xml	sentence	1 <u> elements, consistent structure
/Users/jackbowers/Archived - Box Sync/Language_Data/Mixtepec_Mixtec/transcriptions-xml/WH_Q_when_02_spkrTS.xml	sentence	1 <u> elements, consistent structure
/Users/jackbowers/Archived - Box Sync/Language_Data/Mixtepec_Mixtec/transcriptions-xml/WH_Q_when_03_spkrTS.xml	sentence	1 <u> elements, consistent structure
/Users/jackbowers/Archived - Box Sync/Language_Data/Mixtepec_Mixtec/transcriptions-xml/WH_Q_where_01_spkrTS.xml	single-word	1 <u> elements, consistent structure
/Users/jackbowers/Archived - Box Sync/Language_Data/Mixtepec_Mixtec/transcriptions-xml/WH_Q_where_02_spkrTS.xml	single-word	1 <u> elements, consistent structure
/Users/jackbowers/Archived - Box Sync/Language_Data/Mixtepec_Mixtec/transcriptions-xml/WH_Q_where_04_spkrJS.xml	single-word	1 <u> elements, consistent structure
/Users/jackbowers/Archived - Box Sync/Language_Data/Mixtepec_Mixtec/transcriptions-xml/WH_Q_who_01_spkrJS.xml	single-word	1 <u> elements, consistent structure
/Users/jackbowers/Archived - Box Sync/Language_Data/Mixtepec_Mixtec/transcriptions-xml/WH_Q_who_01_spkrTS.xml	single-word	1 <u> elements, consistent structure
/Users/jackbowers/Archived - Box Sync/Language_Data/Mixtepec_Mixtec/transcriptions-xml/WH_Q_who_02_spkrJS.xml	single-word	1 <u> elements, consistent structure
/Users/jackbowers/Archived - Box Sync/Language_Data/Mixtepec_Mixtec/transcriptions-xml/WH_Q_who_02_spkrTS.xml	single-word	1 <u> elements, consistent structure
/Users/jackbowers/Archived - Box Sync/Language_Data/Mixtepec_Mixtec/transcriptions-xml/be_at_home_PRES_1s_01_02_03_TS.xml	sentence	1 <u> elements, consistent structure
/Users/jackbowers/Archived - Box Sync/Language_Data/Mixtepec_Mixtec/transcriptions-xml/be_at_home_PST_3s-inf_01_02_03_TS.xml	sentence	1 <u> elements, consistent structure
/Users/jackbowers/Archived - Box Sync/Language_Data/Mixtepec_Mixtec/transcriptions-xml/body_part_relations_penis_legs_01_02_TS.xml	sentence	1 <u> elements, consistent structure
/Users/jackbowers/Archived - Box Sync/Language_Data/Mixtepec_Mixtec/transcriptions-xml/cabeza-sombrero_TS.xml	mixed	4 <u> elements, mixed structure: ['sentence', 'single-word']
/Users/jackbowers/Archived - Box Sync/Language_Data/Mixtepec_Mixtec/transcriptions-xml/s_the_bat_fly_COMPL_enter_COMPL_the_cave_01_02_03_TS.xml	sentence	1 <u> elements, consistent structure
/Users/jackbowers/Archived - Box Sync/Language_Data/Mixtepec_Mixtec/transcriptions-xml/speech-20170528-JS-TTS.xml	whole-utterance	4 <u> elements, consistent structure
/Users/jackbowers/Archived - Box Sync/Language_Data/Mixtepec_Mixtec/workingNotes/annotation-notes-samples/ADJ_beautiful_anim_01_JS-LR-sampleAnnotation.xml	single-word	1 <u> elements, consistent structure
/Users/jackbowers/Archived - Box Sync/Language_Data/Mixtepec_Mixtec/workingNotes/annotation-notes-samples/cabeza-sombrero_TS.xml	mixed	5 <u> elements, mixed structure: ['sentence', 'single-word', 'whole-utterance']
/Users/jackbowers/Archived - Box Sync/Language_Data/Mixtepec_Mixtec/workingNotes/annotation-notes-samples/sample-dictionary-entry-to-link-to-paradigm.xml	UNCLASSIFIABLE	no <u> elements found
/Users/jackbowers/Archived - Box Sync/Language_Data/Mixtepec_Mixtec/workingNotes/annotation-notes-samples/sample-face-derrivative-TEI-entries-20180308.xml	UNCLASSIFIABLE	no <u> elements found
/Users/jackbowers/Archived - Box Sync/Language_Data/Mixtepec_Mixtec/workingNotes/annotation-notes-samples/test-mix-spatial-annotation.xml	sentence	1 <u> elements, consistent structure
