xml_file,wav_file,token_n,start,end,orth,ipa_gold,ipa_notone,ipa_full_normalized,changed,source_corpus
Leccion_01.xml,Leccion_01.wav,,12.81,13.32,nani,naní,nani,nani,yes,sentence-level-word
Leccion_01.xml,Leccion_01.wav,,13.32,14.41,Octavio,oktáviò,oktavio,oktavio,yes,sentence-level-word
Leccion_01.xml,Leccion_01.wav,,12.45,12.81,Mee,mẽẽ↗,mẽẽ,mẽẽ,yes,sentence-level-word
Leccion_01.xml,Leccion_01.wav,,0,16.31,Mee nani Octavio,,,mẽẽ nani oktavio,,sentence-level-full
Leccion_01.xml,Leccion_01.wav,,22.67,22.93,Cha,tʃa,tʃa,t͡ʃa,no,sentence-level-word
Leccion_01.xml,Leccion_01.wav,,22.93,23.55,meeni,meení,meeni,meeni,yes,sentence-level-word
Leccion_01.xml,Leccion_01.wav,,24.18,24.59,nani,nani,nani,nani,no,sentence-level-word
Leccion_01.xml,Leccion_01.wav,,24.59,24.96,ni,ní,ni,ni,yes,sentence-level-word
Leccion_01.xml,Leccion_01.wav,,23.68,24.18,nixi,niʃí,niʃi,niʃi,yes,sentence-level-word
Leccion_01.xml,Leccion_01.wav,,16.31,28.02,Cha meeni nixi nani ni,,,t͡ʃa meeni niʃi nani ni,,sentence-level-full
Leccion_01.xml,Leccion_01.wav,,32.41,32.61,Cha,tʃa,tʃa,t͡ʃa,no,sentence-level-word
Leccion_01.xml,Leccion_01.wav,,33.34,33.77,nixi,niʃí,niʃi,niʃi,yes,sentence-level-word
Leccion_01.xml,Leccion_01.wav,,32.61,33.14,meun,meṹ,meũ,meũ,yes,sentence-level-word
Leccion_01.xml,Leccion_01.wav,,33.77,34.45,nanu,nanú,nanu,nanu,yes,sentence-level-word
Leccion_01.xml,Leccion_01.wav,,28.02,36.34,Cha meun nixi nanu,,,t͡ʃa meũ niʃi nanu,,sentence-level-full
Leccion_01.xml,Leccion_01.wav,,40.84,40.98,A,a,a,a,no,sentence-level-word
Leccion_01.xml,Leccion_01.wav,,41.65,42.21,saꞌan,sã̀ã́,sãã,sãã,yes,sentence-level-word
Leccion_01.xml,Leccion_01.wav,,40.98,41.65,kaꞌun,káʔṹ,kaʔũ,kaʔũ,yes,sentence-level-word
Leccion_01.xml,Leccion_01.wav,,42.21,42.97,savi,sâví,savi,savi,yes,sentence-level-word
Leccion_01.xml,Leccion_01.wav,,36.34,44.90,A kaꞌun saꞌan savi,,,a kaʔũ sãã savi,,sentence-level-full
Leccion_01.xml,Leccion_01.wav,,51.74,52.50,savi,sâví,savi,savi,yes,sentence-level-word
Leccion_01.xml,Leccion_01.wav,,50.00,50.94,Kutuꞌuva,kút̪úʔùβâ,kut̪uʔuβa,kutuʔuβa,yes,sentence-level-word
Leccion_01.xml,Leccion_01.wav,,51.19,51.74,saꞌan,sã̀ʔã,sãʔã,sãʔã,yes,sentence-level-word
Leccion_01.xml,Leccion_01.wav,,44.90,55.56,Kutuꞌuva saꞌan savi,,,kutuʔuβa sãʔã savi,,sentence-level-full
Leccion_01.xml,Leccion_01.wav,,61.77,62.13,Mee,meé,mee,mee,yes,sentence-level-word
Leccion_01.xml,Leccion_01.wav,,62.13,62.62,nani,naní,nani,nani,yes,sentence-level-word
Leccion_01.xml,Leccion_01.wav,,62.79,63.71,Octavio,oktávíô,oktavio,oktavio,yes,sentence-level-word
Leccion_01.xml,Leccion_01.wav,,55.56,65.40,Mee nani Octavio,,,mee nani oktavio,,sentence-level-full
Leccion_01.xml,Leccion_01.wav,,67.75,68.09,Mee,meé,mee,mee,yes,sentence-level-word
Leccion_01.xml,Leccion_01.wav,,68.09,68.58,nani,naní,nani,nani,yes,sentence-level-word
Leccion_01.xml,Leccion_01.wav,,68.76,69.70,Oktavio,oktávíô,oktavio,oktavio,yes,sentence-level-word
Leccion_01.xml,Leccion_01.wav,,65.40,71.85,Mee nani Oktavio,,,mee nani oktavio,,sentence-level-full
Leccion_01.xml,Leccion_01.wav,,74.45,75.03,meeni,meéní,meeni,meeni,yes,sentence-level-word
Leccion_01.xml,Leccion_01.wav,,76.11,76.46,ni,ní,ni,ni,yes,sentence-level-word
Leccion_01.xml,Leccion_01.wav,,75.25,75.67,nixi,niʃí,niʃi,niʃi,yes,sentence-level-word
Leccion_01.xml,Leccion_01.wav,,75.67,76.11,nani,naní,nani,nani,yes,sentence-level-word
Leccion_01.xml,Leccion_01.wav,,74.20,74.45,Cha,tʃa,tʃa,t͡ʃa,no,sentence-level-word
Leccion_01.xml,Leccion_01.wav,,71.85,78.65,Cha meeni nixi nani ni,,,t͡ʃa meeni niʃi nani ni,,sentence-level-full
Leccion_01.xml,Leccion_01.wav,,81.77,82.34,meeni,meéní,meeni,meeni,yes,sentence-level-word
Leccion_01.xml,Leccion_01.wav,,82.59,83.02,nixi,nìʃi,niʃi,niʃi,yes,sentence-level-word
Leccion_01.xml,Leccion_01.wav,,83.44,83.83,ni,ní,ni,ni,yes,sentence-level-word
Leccion_01.xml,Leccion_01.wav,,83.02,83.44,nani,naní,nani,nani,yes,sentence-level-word
Leccion_01.xml,Leccion_01.wav,,81.52,81.77,Cha,tʃa,tʃa,t͡ʃa,no,sentence-level-word
Leccion_01.xml,Leccion_01.wav,,78.65,86.50,Cha meeni nixi nani ni,,,t͡ʃa meeni niʃi nani ni,,sentence-level-full
Leccion_01.xml,Leccion_01.wav,,88.73,88.92,Cha,tʃa,tʃa,t͡ʃa,no,sentence-level-word
Leccion_01.xml,Leccion_01.wav,,89.66,90.07,nixi,niʃí,niʃi,niʃi,yes,sentence-level-word
Leccion_01.xml,Leccion_01.wav,,88.92,89.41,meun,mẽṹ,mẽũ,mẽũ,yes,sentence-level-word
Leccion_01.xml,Leccion_01.wav,,90.07,90.75,nanu,nanú,nanu,nanu,yes,sentence-level-word
Leccion_01.xml,Leccion_01.wav,,86.50,91.89,Cha meun nixi nanu,,,t͡ʃa mẽũ niʃi nanu,,sentence-level-full
Leccion_01.xml,Leccion_01.wav,,96.67,97.35,nanu,nanú,nanu,nanu,yes,sentence-level-word
Leccion_01.xml,Leccion_01.wav,,95.31,95.52,Cha,tʃa,tʃa,t͡ʃa,no,sentence-level-word
Leccion_01.xml,Leccion_01.wav,,95.52,96.01,meun,mẽṹ,mẽũ,mẽũ,yes,sentence-level-word
Leccion_01.xml,Leccion_01.wav,,96.25,96.67,nixi,niʃí,niʃi,niʃi,yes,sentence-level-word
Leccion_01.xml,Leccion_01.wav,,91.89,100.09,Cha meun nixi nanu,,,t͡ʃa mẽũ niʃi nanu,,sentence-level-full
Leccion_01.xml,Leccion_01.wav,,103.21,103.78,saꞌan,sã̂ã̌ꜜ,sãã,sãã,yes,sentence-level-word
Leccion_01.xml,Leccion_01.wav,,102.54,103.21,kaꞌun,kã́ʔũ̌ꜜ,kãʔũ,kãʔũ,yes,sentence-level-word
Leccion_01.xml,Leccion_01.wav,,103.78,104.54,savi,sa᷇vi᷅,savi,savi,yes,sentence-level-word
Leccion_01.xml,Leccion_01.wav,,102.39,102.54,A,a,a,a,no,sentence-level-word
Leccion_01.xml,Leccion_01.wav,,100.09,105.95,A kaꞌun saꞌan savi,,,a kãʔũ sãã savi,,sentence-level-full
Leccion_01.xml,Leccion_01.wav,,109.37,109.49,A,a,a,a,no,sentence-level-word
Leccion_01.xml,Leccion_01.wav,,109.49,110.16,kaꞌun,káʔũ᷅,kaʔũ,kaʔũ,yes,sentence-level-word
Leccion_01.xml,Leccion_01.wav,,110.16,110.73,saꞌan,sã᷇ã᷅,sãã,sãã,yes,sentence-level-word
Leccion_01.xml,Leccion_01.wav,,110.73,111.49,savi,sa᷇vi᷅,savi,savi,yes,sentence-level-word
Leccion_01.xml,Leccion_01.wav,,105.95,113.80,A kaꞌun saꞌan savi,,,a kaʔũ sãã savi,,sentence-level-full
Leccion_01.xml,Leccion_01.wav,,118.54,119.28,savi,sa᷇vi᷅,savi,savi,yes,sentence-level-word
Leccion_01.xml,Leccion_01.wav,,116.77,117.75,Kutuꞌuva,ku᷅túʔuβa᷇,kutuʔuβa,kutuʔuβa,yes,sentence-level-word
Leccion_01.xml,Leccion_01.wav,,117.99,118.54,saꞌan,sãʔã́,sãʔã,sãʔã,yes,sentence-level-word
Leccion_01.xml,Leccion_01.wav,,113.80,121.53,Kutuꞌuva saꞌan savi,,,kutuʔuβa sãʔã savi,,sentence-level-full
Leccion_01.xml,Leccion_01.wav,,125.79,126.37,saꞌan,sãʔã᷅,sãʔã,sãʔã,yes,sentence-level-word
Leccion_01.xml,Leccion_01.wav,,126.37,127.09,savi,sa᷇vi᷄,savi᷄,savi᷄,yes,sentence-level-word
Leccion_01.xml,Leccion_01.wav,,124.58,125.60,kutuꞌuva,ku᷅t̪u᷇ʔuβa᷇,kut̪uʔuβa,kutuʔuβa,yes,sentence-level-word
Leccion_01.xml,Leccion_01.wav,,121.53,132.10,kutuꞌuva saꞌan savi,,,kutuʔuβa sãʔã savi᷄,,sentence-level-full
Leccion_02.xml,Leccion_02.wav,,14.90,15.25,Taku,t̪àku,t̪aku,taku,yes,sentence-level-word
Leccion_02.xml,Leccion_02.wav,,15.47,16.13,tata.,t̪áta᷇,t̪ata,tata,yes,sentence-level-word
Leccion_02.xml,Leccion_02.wav,,15.25,15.47,ni,ní,ni,ni,yes,sentence-level-word
Leccion_02.xml,Leccion_02.wav,,0,17.10,Taku ni tata.,,,taku ni tata,,sentence-level-full
Leccion_02.xml,Leccion_02.wav,,23.30,23.66,Taku,tàku,taku,taku,yes,sentence-level-word
Leccion_02.xml,Leccion_02.wav,,23.80,24.52,xito.,ʃito᷇,ʃito,ʃito,yes,sentence-level-word
Leccion_02.xml,Leccion_02.wav,,23.66,23.80,níni,ní,ni,ni,yes,sentence-level-word
Leccion_02.xml,Leccion_02.wav,,17.10,25.28,Taku níni xito.,,,taku ni ʃito,,sentence-level-full
Leccion_02.xml,Leccion_02.wav,,31.25,31.64,Taku,tàku,taku,taku,yes,sentence-level-word
Leccion_02.xml,Leccion_02.wav,,31.79,32.43,nana.,nána᷇,nana,nana,yes,sentence-level-word
Leccion_02.xml,Leccion_02.wav,,31.64,31.79,ni,ní,ni,ni,yes,sentence-level-word
Leccion_02.xml,Leccion_02.wav,,25.28,34.17,Taku ni nana.,,,taku ni nana,,sentence-level-full
Leccion_02.xml,Leccion_02.wav,,41.19,41.86,xixi.,ʃi˥˧ʃi˥˧,ʃiʃi,ʃiʃi,yes,sentence-level-word
Leccion_02.xml,Leccion_02.wav,,41.03,41.19,ni,ní,ni,ni,yes,sentence-level-word
Leccion_02.xml,Leccion_02.wav,,40.65,41.03,Taku,tàku,taku,taku,yes,sentence-level-word
Leccion_02.xml,Leccion_02.wav,,34.17,43.69,Taku ni xixi.,,,taku ni ʃiʃi,,sentence-level-full
Leccion_02.xml,Leccion_02.wav,,52.02,52.32,luu.,lùu,luu,luu,yes,sentence-level-word
Leccion_02.xml,Leccion_02.wav,,51.54,52.02,mpaa,mpáâ,mpaa,mpaa,yes,sentence-level-word
Leccion_02.xml,Leccion_02.wav,,51.42,51.54,ni,ní,ni,ni,yes,sentence-level-word
Leccion_02.xml,Leccion_02.wav,,51.02,51.42,Taku,tàku,taku,taku,yes,sentence-level-word
Leccion_02.xml,Leccion_02.wav,,43.69,54.29,Taku ni mpaa luu.,,,taku ni mpaa luu,,sentence-level-full
Leccion_02.xml,Leccion_02.wav,,59.32,59.71,Taku,tàku,taku,taku,yes,sentence-level-word
Leccion_02.xml,Leccion_02.wav,,59.84,60.28,mari,márí,mari,mari,yes,sentence-level-word
Leccion_02.xml,Leccion_02.wav,,60.28,60.56,luu.,luu,luu,luu,no,sentence-level-word
Leccion_02.xml,Leccion_02.wav,,59.71,59.84,ni,ní,ni,ni,yes,sentence-level-word
Leccion_02.xml,Leccion_02.wav,,54.29,63.19,Taku ni mari luu.,,,taku ni mari luu,,sentence-level-full
Leccion_02.xml,Leccion_02.wav,,71.75,72.31,tata.,t̪át̪a᷇,t̪at̪a,tata,yes,sentence-level-word
Leccion_02.xml,Leccion_02.wav,,71.13,71.50,Taku,tàku,taku,taku,yes,sentence-level-word
Leccion_02.xml,Leccion_02.wav,,71.50,71.64,ni,ní,ni,ni,yes,sentence-level-word
Leccion_02.xml,Leccion_02.wav,,63.19,73.51,Taku ni tata.,,,taku ni tata,,sentence-level-full
Leccion_02.xml,Leccion_02.wav,,75.07,75.44,Taku,tàku,taku,taku,yes,sentence-level-word
Leccion_02.xml,Leccion_02.wav,,75.44,75.58,ni,ní,ni,ni,yes,sentence-level-word
Leccion_02.xml,Leccion_02.wav,,75.69,76.24,tata.,t̪át̪a᷇,t̪at̪a,tata,yes,sentence-level-word
Leccion_02.xml,Leccion_02.wav,,73.51,78.26,Taku ni tata.,,,taku ni tata,,sentence-level-full
Leccion_02.xml,Leccion_02.wav,,80.24,80.38,ni,ní,ni,ni,yes,sentence-level-word
Leccion_02.xml,Leccion_02.wav,,80.38,81.06,xito.,ʃít̪o᷇,ʃit̪o,ʃito,yes,sentence-level-word
Leccion_02.xml,Leccion_02.wav,,79.90,80.24,Taku,tàku,taku,taku,yes,sentence-level-word
Leccion_02.xml,Leccion_02.wav,,78.26,83.08,Taku ni xito.,,,taku ni ʃito,,sentence-level-full
Leccion_02.xml,Leccion_02.wav,,85.30,85.44,ni,ní,ni,ni,yes,sentence-level-word
Leccion_02.xml,Leccion_02.wav,,85.44,86.11,xito.,ʃít̪o᷇,ʃit̪o,ʃito,yes,sentence-level-word
Leccion_02.xml,Leccion_02.wav,,84.94,85.30,Taku,tàku,taku,taku,yes,sentence-level-word
Leccion_02.xml,Leccion_02.wav,,83.08,87.60,Taku ni xito.,,,taku ni ʃito,,sentence-level-full
Leccion_02.xml,Leccion_02.wav,,89.42,89.81,Taku,tàku,taku,taku,yes,sentence-level-word
Leccion_02.xml,Leccion_02.wav,,89.96,90.55,nana.,nána᷇,nana,nana,yes,sentence-level-word
Leccion_02.xml,Leccion_02.wav,,89.81,89.96,ni,nǐ,ni,ni,yes,sentence-level-word
Leccion_02.xml,Leccion_02.wav,,87.60,91.95,Taku ni nana.,,,taku ni nana,,sentence-level-full
Leccion_02.xml,Leccion_02.wav,,94.60,95.20,nana.,nána᷇,nana,nana,yes,sentence-level-word
Leccion_02.xml,Leccion_02.wav,,94.06,94.45,Taku,tàku,taku,taku,yes,sentence-level-word
Leccion_02.xml,Leccion_02.wav,,94.45,94.60,ni,nǐ,ni,ni,yes,sentence-level-word
Leccion_02.xml,Leccion_02.wav,,91.95,96.78,Taku ni nana.,,,taku ni nana,,sentence-level-full
Leccion_02.xml,Leccion_02.wav,,99.45,100.10,xixi.,ʃi˥˧ʃi˥˧,ʃiʃi,ʃiʃi,yes,sentence-level-word
Leccion_02.xml,Leccion_02.wav,,98.91,99.30,Taku,tàku,taku,taku,yes,sentence-level-word
Leccion_02.xml,Leccion_02.wav,,99.30,99.45,ni,nǐ,ni,ni,yes,sentence-level-word
Leccion_02.xml,Leccion_02.wav,,96.78,101.77,Taku ni xixi.,,,taku ni ʃiʃi,,sentence-level-full
Leccion_02.xml,Leccion_02.wav,,103.58,103.97,Taku,tàku,taku,taku,yes,sentence-level-word
Leccion_02.xml,Leccion_02.wav,,103.97,104.12,ni,nǐ,ni,ni,yes,sentence-level-word
Leccion_02.xml,Leccion_02.wav,,104.12,104.80,xixi.,ʃi˥˧ʃi˥˧,ʃiʃi,ʃiʃi,yes,sentence-level-word
Leccion_02.xml,Leccion_02.wav,,101.77,106.39,Taku ni xixi.,,,taku ni ʃiʃi,,sentence-level-full
Leccion_02.xml,Leccion_02.wav,,109.01,109.16,ni,nǐ,ni,ni,yes,sentence-level-word
Leccion_02.xml,Leccion_02.wav,,109.58,109.82,luu.,lùuꜜ,luu,luu,yes,sentence-level-word
Leccion_02.xml,Leccion_02.wav,,108.64,109.01,Taku,tàku,taku,taku,yes,sentence-level-word
Leccion_02.xml,Leccion_02.wav,,109.16,109.58,mpaa,mpáa᷇,mpaa,mpaa,yes,sentence-level-word
Leccion_02.xml,Leccion_02.wav,,106.39,111.42,Taku ni mpaa luu.,,,taku ni mpaa luu,,sentence-level-full
Leccion_02.xml,Leccion_02.wav,,114.93,115.20,luu.,lùu,luu,luu,yes,sentence-level-word
Leccion_02.xml,Leccion_02.wav,,114.36,114.51,ni,nǐ,ni,ni,yes,sentence-level-word
Leccion_02.xml,Leccion_02.wav,,114.51,114.93,mpaa,mpáa᷇,mpaa,mpaa,yes,sentence-level-word
Leccion_02.xml,Leccion_02.wav,,113.98,114.36,Taku,tàku,taku,taku,yes,sentence-level-word
Leccion_02.xml,Leccion_02.wav,,111.42,116.93,Taku ni mpaa luu.,,,taku ni mpaa luu,,sentence-level-full
Leccion_02.xml,Leccion_02.wav,,119.73,120.10,Taku,t̪àku,t̪aku,taku,yes,sentence-level-word
Leccion_02.xml,Leccion_02.wav,,120.10,120.24,ni,nǐ,ni,ni,yes,sentence-level-word
Leccion_02.xml,Leccion_02.wav,,120.24,120.65,mari,mári᷇,mari,mari,yes,sentence-level-word
Leccion_02.xml,Leccion_02.wav,,120.65,120.91,luu.,lùu,luu,luu,yes,sentence-level-word
Leccion_02.xml,Leccion_02.wav,,116.93,122.85,Taku ni mari luu.,,,taku ni mari luu,,sentence-level-full
Leccion_02.xml,Leccion_02.wav,,125.76,125.90,ni,nǐ,ni,ni,yes,sentence-level-word
Leccion_02.xml,Leccion_02.wav,,126.35,126.59,luu.,lùu,luu,luu,yes,sentence-level-word
Leccion_02.xml,Leccion_02.wav,,125.90,126.35,mari,mári᷇,mari,mari,yes,sentence-level-word
Leccion_02.xml,Leccion_02.wav,,125.38,125.76,Taku,tàku,taku,taku,yes,sentence-level-word
Leccion_02.xml,Leccion_02.wav,,122.85,128.88,Taku ni mari luu.,,,taku ni mari luu,,sentence-level-full
Leccion_02.xml,Leccion_02.wav,,140.80,140.93,ni,nǐ,ni,ni,yes,sentence-level-word
Leccion_02.xml,Leccion_02.wav,,140.44,140.80,Taku,t̪àku,t̪aku,taku,yes,sentence-level-word
Leccion_02.xml,Leccion_02.wav,,140.93,141.37,vee.,βée᷇,βee,βee,yes,sentence-level-word
Leccion_02.xml,Leccion_02.wav,,128.88,143.39,Taku ni vee.,,,taku ni βee,,sentence-level-full
Leccion_02.xml,Leccion_02.wav,,153.67,154.04,Taku,t̪àku,t̪aku,taku,yes,sentence-level-word
Leccion_02.xml,Leccion_02.wav,,154.04,154.27,ni.,nǐ,ni,ni,yes,sentence-level-word
Leccion_02.xml,Leccion_02.wav,,143.39,156.22,Taku ni.,,,taku ni,,sentence-level-full
Leccion_02.xml,Leccion_02.wav,,163.71,163.84,¿A,ǎ,a,a,yes,sentence-level-word
Leccion_02.xml,Leccion_02.wav,,163.90,164.01,kuu,ku᷇,ku,ku,yes,sentence-level-word
Leccion_02.xml,Leccion_02.wav,,164.12,164.42,kuee,kwéé,kwee,kwee,yes,sentence-level-word
Leccion_02.xml,Leccion_02.wav,,164.42,164.80,ni?,nǐ,ni,ni,yes,sentence-level-word
Leccion_02.xml,Leccion_02.wav,,156.22,166.09,¿A kuu kuee ni?,,,a ku kwee ni,,sentence-level-full
Leccion_02.xml,Leccion_02.wav,,170.69,170.79,¿A,ǎ,a,a,yes,sentence-level-word
Leccion_02.xml,Leccion_02.wav,,170.79,171.02,yee,jʒěê,jʒee,jʒee,yes,sentence-level-word
Leccion_02.xml,Leccion_02.wav,,171.43,171.75,ni?,nǐ,ni,ni,yes,sentence-level-word
Leccion_02.xml,Leccion_02.wav,,171.02,171.43,va'a,vaʔà,vaʔa,vaʔa,yes,sentence-level-word
Leccion_02.xml,Leccion_02.wav,,166.09,173.33,¿A yee va'a ni?,,,a jʒee vaʔa ni,,sentence-level-full
Leccion_02.xml,Leccion_02.wav,23,173.33,184.61,Taku.,tàku,taku,taku,yes,single-word
Leccion_02.xml,Leccion_02.wav,,188.99,189.17,yee,jéè,jee,jee,yes,sentence-level-word
Leccion_02.xml,Leccion_02.wav,,189.17,189.76,va'u?,vàʔú,vaʔu,vaʔu,yes,sentence-level-word
Leccion_02.xml,Leccion_02.wav,,188.87,188.99,¿A,a,a,a,no,sentence-level-word
Leccion_02.xml,Leccion_02.wav,,184.61,191.60,¿A yee va'u?,,,a jee vaʔu,,sentence-level-full
Leccion_02.xml,Leccion_02.wav,,198.35,198.74,Taku,tàku,taku,taku,yes,sentence-level-word
Leccion_02.xml,Leccion_02.wav,,198.93,199.48,vee.,vée᷇,vee,vee,yes,sentence-level-word
Leccion_02.xml,Leccion_02.wav,,198.74,198.93,ni,ní,ni,ni,yes,sentence-level-word
Leccion_02.xml,Leccion_02.wav,,191.60,201.56,Taku ni vee.,,,taku ni vee,,sentence-level-full
Leccion_02.xml,Leccion_02.wav,,204.17,204.34,ni,nǐ,ni,ni,yes,sentence-level-word
Leccion_02.xml,Leccion_02.wav,,204.34,204.81,vee.,vée᷇,vee,vee,yes,sentence-level-word
Leccion_02.xml,Leccion_02.wav,,203.76,204.17,Taku,tàku,taku,taku,yes,sentence-level-word
Leccion_02.xml,Leccion_02.wav,,201.56,206.60,Taku ni vee.,,,taku ni vee,,sentence-level-full
Leccion_02.xml,Leccion_02.wav,,209.12,209.40,ni.,nǐ,ni,ni,yes,sentence-level-word
Leccion_02.xml,Leccion_02.wav,,208.68,209.12,Taku,t̪àku,t̪aku,taku,yes,sentence-level-word
Leccion_02.xml,Leccion_02.wav,,206.60,211.01,Taku ni.,,,taku ni,,sentence-level-full
Leccion_02.xml,Leccion_02.wav,,212.51,212.94,Taku,t̪àku,t̪aku,taku,yes,sentence-level-word
Leccion_02.xml,Leccion_02.wav,,212.94,213.20,ni.,nǐ,ni,ni,yes,sentence-level-word
Leccion_02.xml,Leccion_02.wav,,211.01,214.60,Taku ni.,,,taku ni,,sentence-level-full
Leccion_02.xml,Leccion_02.wav,,216.13,216.25,¿A,á,a,a,yes,sentence-level-word
Leccion_02.xml,Leccion_02.wav,,216.56,216.87,kuee,kwéé,kwee,kwee,yes,sentence-level-word
Leccion_02.xml,Leccion_02.wav,,216.33,216.45,kuu,ku᷇,ku,ku,yes,sentence-level-word
Leccion_02.xml,Leccion_02.wav,,216.87,217.17,ni?,nǐ,ni,ni,yes,sentence-level-word
Leccion_02.xml,Leccion_02.wav,,214.60,218.87,¿A kuu kuee ni?,,,a ku kwee ni,,sentence-level-full
Leccion_02.xml,Leccion_02.wav,,220.62,220.74,kuu,ku᷇,ku,ku,yes,sentence-level-word
Leccion_02.xml,Leccion_02.wav,,220.39,220.53,¿A,ǎ,a,a,yes,sentence-level-word
Leccion_02.xml,Leccion_02.wav,,221.15,221.42,ni?,ní,ni,ni,yes,sentence-level-word
Leccion_02.xml,Leccion_02.wav,,220.84,221.15,kuee,kwéé,kwee,kwee,yes,sentence-level-word
Leccion_02.xml,Leccion_02.wav,,218.87,223.25,¿A kuu kuee ni?,,,a ku kwee ni,,sentence-level-full
Leccion_02.xml,Leccion_02.wav,,225.05,225.46,va'a,βàʔǎꜜ,βaʔa,βaʔa,yes,sentence-level-word
Leccion_02.xml,Leccion_02.wav,,225.46,225.73,ni?,ní,ni,ni,yes,sentence-level-word
Leccion_02.xml,Leccion_02.wav,,224.66,224.80,¿A,ǎ,a,a,yes,sentence-level-word
Leccion_02.xml,Leccion_02.wav,,224.80,225.05,yee,ʒjée᷇,ʒjee,ʒjee,yes,sentence-level-word
Leccion_02.xml,Leccion_02.wav,,223.25,227.44,¿A yee va'a ni?,,,a ʒjee βaʔa ni,,sentence-level-full
Leccion_02.xml,Leccion_02.wav,,229.63,229.88,ni?,ní,ni,ni,yes,sentence-level-word
Leccion_02.xml,Leccion_02.wav,,228.97,229.23,yee,ʒjéê,ʒjee,ʒjee,yes,sentence-level-word
Leccion_02.xml,Leccion_02.wav,,228.81,228.97,¿A,ǎ,a,a,yes,sentence-level-word
Leccion_02.xml,Leccion_02.wav,,229.23,229.63,va'a,βàʔaꜜ,βaʔa,βaʔa,yes,sentence-level-word
Leccion_02.xml,Leccion_02.wav,,227.44,231.51,¿A yee va'a ni?,,,a ʒjee βaʔa ni,,sentence-level-full
Leccion_02.xml,Leccion_02.wav,33,231.51,234.95,Taku.,ta̪kǔ,ta̪ku,taku,yes,single-word
Leccion_02.xml,Leccion_02.wav,34,234.95,238.75,Taku,t̪akǔ,t̪aku,taku,yes,single-word
Leccion_02.xml,Leccion_02.wav,,240.41,240.62,yee,ʒjée᷇,ʒjee,ʒjee,yes,sentence-level-word
Leccion_02.xml,Leccion_02.wav,,240.62,241.20,va'u?,βàʔu᷅,βaʔu,βaʔu,yes,sentence-level-word
Leccion_02.xml,Leccion_02.wav,,240.30,240.41,¿A,a,a,a,no,sentence-level-word
Leccion_02.xml,Leccion_02.wav,,238.75,242.80,¿A yee va'u?,,,a ʒjee βaʔu,,sentence-level-full
Leccion_02.xml,Leccion_02.wav,,244.55,244.78,yee,ʒjée᷇,ʒjee,ʒjee,yes,sentence-level-word
Leccion_02.xml,Leccion_02.wav,,244.78,245.35,va'u?,vâʔu᷅,vaʔu,vaʔu,yes,sentence-level-word
Leccion_02.xml,Leccion_02.wav,,244.42,244.55,¿A,a,a,a,no,sentence-level-word
Leccion_02.xml,Leccion_02.wav,,242.80,248.62,¿A yee va'u?,,,a ʒjee vaʔu,,sentence-level-full
Leccion_03.xml,Leccion_03.wav,,14.90,15.16,yee,jéê,jee,jee,yes,sentence-level-word
Leccion_03.xml,Leccion_03.wav,,15.39,15.92,tata,t̪áta᷇,t̪ata,tata,yes,sentence-level-word
Leccion_03.xml,Leccion_03.wav,,15.16,15.29,ni,ní,ni,ni,yes,sentence-level-word
Leccion_03.xml,Leccion_03.wav,,0,17.22,yee ni tata,,,jee ni tata,,sentence-level-full
Leccion_03.xml,Leccion_03.wav,,22.80,23.09,yee,jéê,jee,jee,yes,sentence-level-word
Leccion_03.xml,Leccion_03.wav,,23.23,23.87,xito,ʃíto᷇,ʃito,ʃito,yes,sentence-level-word
Leccion_03.xml,Leccion_03.wav,,23.09,23.23,ni,ní,ni,ni,yes,sentence-level-word
Leccion_03.xml,Leccion_03.wav,,17.22,25.44,yee ni xito,,,jee ni ʃito,,sentence-level-full
Leccion_03.xml,Leccion_03.wav,,29.82,30.15,Yee,jéê,jee,jee,yes,sentence-level-word
Leccion_03.xml,Leccion_03.wav,,30.15,30.30,ni,ní,ni,ni,yes,sentence-level-word
Leccion_03.xml,Leccion_03.wav,,30.30,30.92,nana,nána᷇,nana,nana,yes,sentence-level-word
Leccion_03.xml,Leccion_03.wav,,25.44,32.81,Yee ni nana,,,jee ni nana,,sentence-level-full
Leccion_03.xml,Leccion_03.wav,,38.57,38.72,ni,ní,ni,ni,yes,sentence-level-word
Leccion_03.xml,Leccion_03.wav,,38.72,39.43,xixi,ʃíʃi᷇,ʃiʃi,ʃiʃi,yes,sentence-level-word
Leccion_03.xml,Leccion_03.wav,,38.21,38.57,jee,jéê,jee,jee,yes,sentence-level-word
Leccion_03.xml,Leccion_03.wav,,32.81,40.83,jee ni xixi,,,jee ni ʃiʃi,,sentence-level-full
Leccion_03.xml,Leccion_03.wav,,45.96,46.29,yee,jéê,jee,jee,yes,sentence-level-word
Leccion_03.xml,Leccion_03.wav,,46.82,47.11,luu,luú,luu,luu,yes,sentence-level-word
Leccion_03.xml,Leccion_03.wav,,46.41,46.82,mpaa,mbáa᷇,mbaa,mbaa,yes,sentence-level-word
Leccion_03.xml,Leccion_03.wav,,46.29,46.41,ni,ní,ni,ni,yes,sentence-level-word
Leccion_03.xml,Leccion_03.wav,,40.83,48.59,yee ni mpaa luu,,,jee ni mbaa luu,,sentence-level-full
Leccion_03.xml,Leccion_03.wav,,53.90,54.24,Yee,jéê,jee,jee,yes,sentence-level-word
Leccion_03.xml,Leccion_03.wav,,54.24,54.39,ni,ní,ni,ni,yes,sentence-level-word
Leccion_03.xml,Leccion_03.wav,,54.80,55.07,luu,luú,luu,luu,yes,sentence-level-word
Leccion_03.xml,Leccion_03.wav,,54.39,54.80,mari,máɾi᷇,maɾi,maɾi,yes,sentence-level-word
Leccion_03.xml,Leccion_03.wav,,48.59,56.63,Yee ni mari luu,,,jee ni maɾi luu,,sentence-level-full
Leccion_03.xml,Leccion_03.wav,7,56.63,63.74,Yeu,jéu᷄,jeu᷄,jeu᷄,yes,single-word
Leccion_03.xml,Leccion_03.wav,,70.47,70.93,tata,t̪át̪a᷇,t̪at̪a,tata,yes,sentence-level-word
Leccion_03.xml,Leccion_03.wav,,70.22,70.47,ni,ni,ni,ni,no,sentence-level-word
Leccion_03.xml,Leccion_03.wav,,69.97,70.22,Yee,jéê,jee,jee,yes,sentence-level-word
Leccion_03.xml,Leccion_03.wav,,63.74,72.15,Yee ni tata,,,jee ni tata,,sentence-level-full
Leccion_03.xml,Leccion_03.wav,,74.48,74.61,ni,ní,ni,ni,yes,sentence-level-word
Leccion_03.xml,Leccion_03.wav,,74.22,74.48,Yee,jéê,jee,jee,yes,sentence-level-word
Leccion_03.xml,Leccion_03.wav,,74.61,75.24,tata,t̪át̪a᷇,t̪at̪a,tata,yes,sentence-level-word
Leccion_03.xml,Leccion_03.wav,,72.15,76.90,Yee ni tata,,,jee ni tata,,sentence-level-full
Leccion_03.xml,Leccion_03.wav,,78.82,78.96,ni,ní,ni,ni,yes,sentence-level-word
Leccion_03.xml,Leccion_03.wav,,78.54,78.82,Yee,jéê,jee,jee,yes,sentence-level-word
Leccion_03.xml,Leccion_03.wav,,78.96,79.66,xito,ʃít̪o᷇,ʃit̪o,ʃito,yes,sentence-level-word
Leccion_03.xml,Leccion_03.wav,,76.90,81.25,Yee ni xito,,,jee ni ʃito,,sentence-level-full
Leccion_03.xml,Leccion_03.wav,,82.77,83.06,Yee,jéê,jee,jee,yes,sentence-level-word
Leccion_03.xml,Leccion_03.wav,,83.20,83.89,xito,ʃít̪o᷇,ʃit̪o,ʃito,yes,sentence-level-word
Leccion_03.xml,Leccion_03.wav,,83.06,83.20,ni,ní,ni,ni,yes,sentence-level-word
Leccion_03.xml,Leccion_03.wav,,81.25,85.31,Yee ni xito,,,jee ni ʃito,,sentence-level-full
Leccion_03.xml,Leccion_03.wav,,87.87,88.46,nana,nána᷇,nana,nana,yes,sentence-level-word
Leccion_03.xml,Leccion_03.wav,,87.41,87.71,Yee,jéê,jee,jee,yes,sentence-level-word
Leccion_03.xml,Leccion_03.wav,,87.71,87.87,ni,ní,ni,ni,yes,sentence-level-word
Leccion_03.xml,Leccion_03.wav,,85.31,90.12,Yee ni nana,,,jee ni nana,,sentence-level-full
Leccion_03.xml,Leccion_03.wav,,92.09,92.25,ni,ní,ni,ni,yes,sentence-level-word
Leccion_03.xml,Leccion_03.wav,,91.78,92.09,Yee,jéê,jee,jee,yes,sentence-level-word
Leccion_03.xml,Leccion_03.wav,,92.25,92.84,nana,nána᷇,nana,nana,yes,sentence-level-word
Leccion_03.xml,Leccion_03.wav,,90.12,94.33,Yee ni nana,,,jee ni nana,,sentence-level-full
Leccion_03.xml,Leccion_03.wav,,96.14,96.50,Yee,jéê,jee,jee,yes,sentence-level-word
Leccion_03.xml,Leccion_03.wav,,96.50,96.64,ni,ní,ni,ni,yes,sentence-level-word
Leccion_03.xml,Leccion_03.wav,,96.64,97.36,xito,ʃít̪o᷇,ʃit̪o,ʃito,yes,sentence-level-word
Leccion_03.xml,Leccion_03.wav,,94.33,98.71,Yee ni xito,,,jee ni ʃito,,sentence-level-full
Leccion_03.xml,Leccion_03.wav,,100.63,100.78,ni,ní,ni,ni,yes,sentence-level-word
Leccion_03.xml,Leccion_03.wav,,100.26,100.63,Yee,jéê,jee,jee,yes,sentence-level-word
Leccion_03.xml,Leccion_03.wav,,100.78,101.47,xixi,ʃíʃi᷇,ʃiʃi,ʃiʃi,yes,sentence-level-word
Leccion_03.xml,Leccion_03.wav,,98.71,103.38,Yee ni xixi,,,jee ni ʃiʃi,,sentence-level-full
Leccion_03.xml,Leccion_03.wav,,104.78,105.11,Yee,jéê,jee,jee,yes,sentence-level-word
Leccion_03.xml,Leccion_03.wav,,105.11,105.24,ni,ní,ni,ni,yes,sentence-level-word
Leccion_03.xml,Leccion_03.wav,,105.24,105.65,mpaa,mbáa᷇,mbaa,mbaa,yes,sentence-level-word
Leccion_03.xml,Leccion_03.wav,,105.65,105.93,luu,luú,luu,luu,yes,sentence-level-word
Leccion_03.xml,Leccion_03.wav,,103.38,107.76,Yee ni mpaa luu,,,jee ni mbaa luu,,sentence-level-full
Leccion_03.xml,Leccion_03.wav,,109.65,109.97,Yee,jéê,jee,jee,yes,sentence-level-word
Leccion_03.xml,Leccion_03.wav,,109.97,110.11,ni,ní,ni,ni,yes,sentence-level-word
Leccion_03.xml,Leccion_03.wav,,110.50,110.79,luu,luú,luu,luu,yes,sentence-level-word
Leccion_03.xml,Leccion_03.wav,,110.11,110.50,mpaa,mbáa᷇,mbaa,mbaa,yes,sentence-level-word
Leccion_03.xml,Leccion_03.wav,,107.76,112.17,Yee ni mpaa luu,,,jee ni mbaa luu,,sentence-level-full
Leccion_03.xml,Leccion_03.wav,,115.17,115.56,mari,máɾi᷇,maɾi,maɾi,yes,sentence-level-word
Leccion_03.xml,Leccion_03.wav,,115.56,115.84,luu,luú,luu,luu,yes,sentence-level-word
Leccion_03.xml,Leccion_03.wav,,114.68,115.01,Yee,jéê,jee,jee,yes,sentence-level-word
Leccion_03.xml,Leccion_03.wav,,115.01,115.17,ni,ní,ni,ni,yes,sentence-level-word
Leccion_03.xml,Leccion_03.wav,,112.17,117.41,Yee ni mari luu,,,jee ni maɾi luu,,sentence-level-full
Leccion_03.xml,Leccion_03.wav,,119.88,120.02,ni,ní,ni,ni,yes,sentence-level-word
Leccion_03.xml,Leccion_03.wav,,119.56,119.88,Yee,jéê,jee,jee,yes,sentence-level-word
Leccion_03.xml,Leccion_03.wav,,120.43,120.72,luu,luú,luu,luu,yes,sentence-level-word
Leccion_03.xml,Leccion_03.wav,,120.02,120.43,mari,máɾi᷇,maɾi,maɾi,yes,sentence-level-word
Leccion_03.xml,Leccion_03.wav,,117.41,122.46,Yee ni mari luu,,,jee ni maɾi luu,,sentence-level-full
Leccion_03.xml,Leccion_03.wav,20,122.46,126.57,Yeu,jéǔ,jeu,jeu,yes,single-word
Leccion_03.xml,Leccion_03.wav,21,126.57,132.60,Yeu,jéǔ,jeu,jeu,yes,single-word
Leccion_04.xml,Leccion_04.wav,,18.64,18.76,ni,nì,ni,ni,yes,sentence-level-word
Leccion_04.xml,Leccion_04.wav,,18.76,19.23,vee,vɛ́ɛ,vɛɛ,vɛɛ,yes,sentence-level-word
Leccion_04.xml,Leccion_04.wav,,18.34,18.64,Yee,jɛ́ɛ᷇,jɛɛ,jɛɛ,yes,sentence-level-word
Leccion_04.xml,Leccion_04.wav,,18.28,19.34,Yee ni vee,,,jɛɛ ni vɛɛ,,sentence-level-full
Leccion_04.xml,Leccion_04.wav,,31.35,31.85,naꞌa,naʔà,naʔa,naʔa,yes,sentence-level-word
Leccion_04.xml,Leccion_04.wav,,31.85,32.13,ni,ní,ni,ni,yes,sentence-level-word
Leccion_04.xml,Leccion_04.wav,,31.21,32.27,naꞌa ni,,,naʔa ni,,sentence-level-full
Leccion_04.xml,Leccion_04.wav,,49.32,49.71,kaꞌan,kã́ʔã̀,kãʔã,kãʔã,yes,sentence-level-word
Leccion_04.xml,Leccion_04.wav,,49.80,50.22,toko,t̪okó,t̪oko,toko,yes,sentence-level-word
Leccion_04.xml,Leccion_04.wav,,48.86,49.18,sana,sáná,sana,sana,yes,sentence-level-word
Leccion_04.xml,Leccion_04.wav,,48.71,50.40,sana kaꞌan toko,,,sana kãʔã toko,,sentence-level-full
Leccion_04.xml,Leccion_04.wav,,59.76,59.88,ni,ni,ni,ni,no,sentence-level-word
Leccion_04.xml,Leccion_04.wav,,59.45,59.76,yee,jɛ́ɛ᷇,jɛɛ,jɛɛ,yes,sentence-level-word
Leccion_04.xml,Leccion_04.wav,,59.88,60.36,vee,βɛ́ɛ᷇,βɛɛ,βɛɛ,yes,sentence-level-word
Leccion_04.xml,Leccion_04.wav,,59.35,60.57,yee ni vee,,,jɛɛ ni βɛɛ,,sentence-level-full
Leccion_04.xml,Leccion_04.wav,,63.86,64.31,vee,βɛ́ɛ᷇,βɛɛ,βɛɛ,yes,sentence-level-word
Leccion_04.xml,Leccion_04.wav,,63.72,63.86,ni,ni,ni,ni,no,sentence-level-word
Leccion_04.xml,Leccion_04.wav,,63.44,63.72,yee,jɛ́ɛ᷇,jɛɛ,jɛɛ,yes,sentence-level-word
Leccion_04.xml,Leccion_04.wav,,63.32,64.45,yee ni vee,,,jɛɛ ni βɛɛ,,sentence-level-full
Leccion_04.xml,Leccion_04.wav,,67.54,67.99,naꞌa,naʔà,naʔa,naʔa,yes,sentence-level-word
Leccion_04.xml,Leccion_04.wav,,67.99,68.32,ni,nǐ,ni,ni,yes,sentence-level-word
Leccion_04.xml,Leccion_04.wav,,67.46,68.46,naꞌa ni,,,naʔa ni,,sentence-level-full
Leccion_04.xml,Leccion_04.wav,,71.84,72.07,ni,nǐ,ni,ni,yes,sentence-level-word
Leccion_04.xml,Leccion_04.wav,,71.39,71.84,naꞌa,naʔà,naʔa,naʔa,yes,sentence-level-word
Leccion_04.xml,Leccion_04.wav,,71.35,72.19,naꞌa ni,,,naʔa ni,,sentence-level-full
Leccion_04.xml,Leccion_04.wav,,75.68,76.01,kaꞌan,kã́ʔã̀,kãʔã,kãʔã,yes,sentence-level-word
Leccion_04.xml,Leccion_04.wav,,75.21,75.54,sana,sáná,sana,sana,yes,sentence-level-word
Leccion_04.xml,Leccion_04.wav,,76.05,76.44,toko,t̪okó,t̪oko,toko,yes,sentence-level-word
Leccion_04.xml,Leccion_04.wav,,75.13,76.51,sana kaꞌan toko,,,sana kãʔã toko,,sentence-level-full
Leccion_04.xml,Leccion_04.wav,,81.27,81.67,toko,t̪okó,t̪oko,toko,yes,sentence-level-word
Leccion_04.xml,Leccion_04.wav,,80.91,81.22,kaꞌan,kã́ʔã̀,kãʔã,kãʔã,yes,sentence-level-word
Leccion_04.xml,Leccion_04.wav,,80.43,80.78,sana,sáná,sana,sana,yes,sentence-level-word
Leccion_04.xml,Leccion_04.wav,,80.34,81.78,sana kaꞌan toko,,,sana kãʔã toko,,sentence-level-full
Leccion_05.xml,Leccion_05.wav,1,14.95,16.32,nchika,ndʒika᷅,ndʒika,nd͡ʒika,yes,single-word
Leccion_05.xml,Leccion_05.wav,2,20.81,21.93,ncheꞌe,ndʒɛ̀ʔɛ᷅,ndʒɛʔɛ,nd͡ʒɛʔɛ,yes,single-word
Leccion_05.xml,Leccion_05.wav,3,26.68,28.04,vitsi,bitsi᷅,bitsi,bit͡si,yes,single-word
Leccion_05.xml,Leccion_05.wav,4,32.58,33.96,tikuaa,t̪ikwàǎ,t̪ikwaa,tikwaa,yes,single-word
Leccion_05.xml,Leccion_05.wav,5,38.07,39.24,chiki,tʃi᷄ki,tʃi᷄ki,t͡ʃi᷄ki,no,single-word
Leccion_05.xml,Leccion_05.wav,6,43.19,44.47,ntoko,nt̬o᷆ko᷅,nt̬o᷆ko,nt̬o᷆ko,yes,single-word
Leccion_05.xml,Leccion_05.wav,7,49.42,51.01,tintixi,t̪ìnt̪íʃǐ,t̪int̪iʃi,tintiʃi,yes,single-word
Leccion_05.xml,Leccion_05.wav,8,56.69,58.39,tikuantiki,t̪ìkwànt̪íkí,t̪ikwant̪iki,tikwantiki,yes,single-word
Leccion_05.xml,Leccion_05.wav,9,63.70,65.05,skaꞌma,skàama,skaama,skaama,yes,single-word
Leccion_05.xml,Leccion_05.wav,10,70.96,72.58,nchika tsaꞌa,ndʒiká tsáʔa᷅,ndʒika tsaʔa,nd͡ʒika t͡saʔa,yes,single-word
Leccion_05.xml,Leccion_05.wav,11,77.81,79.06,tinumi,t̪ìnumǐ,t̪inumi,tinumi,yes,single-word
Leccion_05.xml,Leccion_05.wav,12,87.08,88.41,nchika,ndʒika᷅,ndʒika,nd͡ʒika,yes,single-word
Leccion_05.xml,Leccion_05.wav,13,91.27,92.57,nchika,ndʒika᷅,ndʒika,nd͡ʒika,yes,single-word
Leccion_05.xml,Leccion_05.wav,14,95.69,96.73,ncheꞌe,ndʒɛ̀ʔɛ᷄,ndʒɛʔɛ᷄,nd͡ʒɛʔɛ᷄,yes,single-word
Leccion_05.xml,Leccion_05.wav,15,99.99,101.27,ncheꞌe,ndʒɛ̀ʔɛ᷅,ndʒɛʔɛ,nd͡ʒɛʔɛ,yes,single-word
Leccion_05.xml,Leccion_05.wav,16,104.14,105.33,vitsi,bítsi᷅,bitsi,bit͡si,yes,single-word
Leccion_05.xml,Leccion_05.wav,17,108.30,109.62,vitsi,bítsi᷅,bitsi,bit͡si,yes,single-word
Leccion_05.xml,Leccion_05.wav,18,112.09,113.52,tikuaa,t̪ikwàǎ,t̪ikwaa,tikwaa,yes,single-word
Leccion_05.xml,Leccion_05.wav,19,116.33,117.68,tikuaa,t̪ikwàǎ,t̪ikwaa,tikwaa,yes,single-word
Leccion_05.xml,Leccion_05.wav,20,120.16,121.46,chiki,tʃi᷄kí,tʃi᷄ki,t͡ʃi᷄ki,yes,single-word
Leccion_05.xml,Leccion_05.wav,21,124.33,125.61,chiki,tʃi᷄kí,tʃi᷄ki,t͡ʃi᷄ki,yes,single-word
Leccion_05.xml,Leccion_05.wav,22,128.24,129.56,ntoko,nt̬o᷆ko᷅,nt̬o᷆ko,nt̬o᷆ko,yes,single-word
Leccion_05.xml,Leccion_05.wav,23,132.32,133.73,ntoko,nt̬o᷆ko᷅,nt̬o᷆ko,nt̬o᷆ko,yes,single-word
Leccion_05.xml,Leccion_05.wav,24,136.50,137.80,tintixi,t̪ìnt̪íʃǐ,t̪int̪iʃi,tintiʃi,yes,single-word
Leccion_05.xml,Leccion_05.wav,25,140.64,141.86,tintixi,t̪ìnt̪íʃǐ,t̪int̪iʃi,tintiʃi,yes,single-word
Leccion_05.xml,Leccion_05.wav,26,144.76,146.16,tikuantiki,t̪ìkwant̪íkí,t̪ikwant̪iki,tikwantiki,yes,single-word
Leccion_05.xml,Leccion_05.wav,27,148.84,150.41,tikuantiki,t̪ìkwant̪íkí,t̪ikwant̪iki,tikwantiki,yes,single-word
Leccion_05.xml,Leccion_05.wav,28,153.06,154.50,skaꞌma,skàʔma,skaʔma,skaʔma,yes,single-word
Leccion_05.xml,Leccion_05.wav,29,157.27,158.65,skaꞌma,skàʔma,skaʔma,skaʔma,yes,single-word
Leccion_05.xml,Leccion_05.wav,30,161.28,162.85,nchika tsaꞌa,ndʒiká tsáʔa᷅,ndʒika tsaʔa,nd͡ʒika t͡saʔa,yes,single-word
Leccion_05.xml,Leccion_05.wav,31,165.80,167.21,nchika tsaꞌa,ndʒiká tsáʔa᷅,ndʒika tsaʔa,nd͡ʒika t͡saʔa,yes,single-word
Leccion_05.xml,Leccion_05.wav,32,169.97,171.32,tinumi,t̪ìnumǐ,t̪inumi,tinumi,yes,single-word
Leccion_05.xml,Leccion_05.wav,33,174.13,175.28,tinumi,t̪ìnumǐ,t̪inumi,tinumi,yes,single-word
Leccion_07.xml,Leccion_07.wav,,13.08,13.34,nchii,ndʒíì,ndʒii,nd͡ʒii,yes,sentence-level-word
Leccion_07.xml,Leccion_07.wav,,13.57,14.11,ñoꞌo,ɲóʔo,ɲoʔo,ɲoʔo,yes,sentence-level-word
Leccion_07.xml,Leccion_07.wav,,13.43,13.57,kuu,kúú,kuu,kuu,yes,sentence-level-word
Leccion_07.xml,Leccion_07.wav,,13.01,14.14,nchii kuu ñoꞌo,,,nd͡ʒii kuu ɲoʔo,,sentence-level-full
Leccion_07.xml,Leccion_07.wav,,22.09,23.17,saꞌan savi,sã̀ʔã́ sàvǐ,sãʔã savi,sãʔã savi,yes,sentence-level-word
Leccion_07.xml,Leccion_07.wav,,21.62,22.09,ñoꞌo,ɲóʔo,ɲoʔo,ɲoʔo,yes,sentence-level-word
Leccion_07.xml,Leccion_07.wav,,20.81,21.20,nixi,níʃí,niʃi,niʃi,yes,sentence-level-word
Leccion_07.xml,Leccion_07.wav,,21.20,21.62,nani,naní,nani,nani,yes,sentence-level-word
Leccion_07.xml,Leccion_07.wav,,20.74,23.31,nixi nani ñoꞌo saꞌan savi,,,niʃi nani ɲoʔo sãʔã savi,,sentence-level-full
Leccion_07.xml,Leccion_07.wav,,31.01,31.15,tsi,tsí,tsi,t͡si,yes,sentence-level-word
Leccion_07.xml,Leccion_07.wav,,30.16,30.47,nixi,níʃí,niʃi,niʃi,yes,sentence-level-word
Leccion_07.xml,Leccion_07.wav,,30.54,30.91,kacho,kátʃô,katʃo,kat͡ʃo,yes,sentence-level-word
Leccion_07.xml,Leccion_07.wav,,31.15,31.64,ñoꞌo,ɲóʔo,ɲoʔo,ɲoʔo,yes,sentence-level-word
Leccion_07.xml,Leccion_07.wav,,31.71,32.70,saꞌan savi,sã̀ʔã́ sàvǐ,sãʔã savi,sãʔã savi,yes,sentence-level-word
Leccion_07.xml,Leccion_07.wav,,30.04,32.83,nixi kacho tsi ñoꞌo saꞌan savi,,,niʃi kat͡ʃo t͡si ɲoʔo sãʔã savi,,sentence-level-full
Leccion_07.xml,Leccion_07.wav,,40.80,41.04,kuu,kúú,kuu,kuu,yes,sentence-level-word
Leccion_07.xml,Leccion_07.wav,,40.44,40.80,nchii,ndʒíì,ndʒii,nd͡ʒii,yes,sentence-level-word
Leccion_07.xml,Leccion_07.wav,,41.04,41.64,ñoꞌo,ɲóʔo,ɲoʔo,ɲoʔo,yes,sentence-level-word
Leccion_07.xml,Leccion_07.wav,,40.37,41.87,nchii kuu ñoꞌo,,,nd͡ʒii kuu ɲoʔo,,sentence-level-full
Leccion_07.xml,Leccion_07.wav,,45.53,45.85,nchii,ndʒíì,ndʒii,nd͡ʒii,yes,sentence-level-word
Leccion_07.xml,Leccion_07.wav,,45.85,46.11,kuu,kúú,kuu,kuu,yes,sentence-level-word
Leccion_07.xml,Leccion_07.wav,,46.11,46.72,ñoꞌo,ɲóʔo,ɲoʔo,ɲoʔo,yes,sentence-level-word
Leccion_07.xml,Leccion_07.wav,,45.43,46.85,nchii kuu ñoꞌo,,,nd͡ʒii kuu ɲoʔo,,sentence-level-full
Leccion_07.xml,Leccion_07.wav,,50.82,51.21,nani,naní,nani,nani,yes,sentence-level-word
Leccion_07.xml,Leccion_07.wav,,50.40,50.82,nixi,níʃí,niʃi,niʃi,yes,sentence-level-word
Leccion_07.xml,Leccion_07.wav,,51.81,52.67,saꞌan savi,sã̀ʔã́ sàvǐ,sãʔã savi,sãʔã savi,yes,sentence-level-word
Leccion_07.xml,Leccion_07.wav,,51.21,51.63,ñoꞌo,ɲóʔo,ɲoʔo,ɲoʔo,yes,sentence-level-word
Leccion_07.xml,Leccion_07.wav,,50.33,52.77,nixi nani ñoꞌo saꞌan savi,,,niʃi nani ɲoʔo sãʔã savi,,sentence-level-full
Leccion_07.xml,Leccion_07.wav,,58.76,59.75,saꞌan savi,sã̀ʔã́ sàvǐ,sãʔã savi,sãʔã savi,yes,sentence-level-word
Leccion_07.xml,Leccion_07.wav,,57.51,57.93,nixi,níʃí,niʃi,niʃi,yes,sentence-level-word
Leccion_07.xml,Leccion_07.wav,,58.32,58.76,ñoꞌo,ɲóʔo,ɲoʔo,ɲoʔo,yes,sentence-level-word
Leccion_07.xml,Leccion_07.wav,,57.93,58.32,nani,naní,nani,nani,yes,sentence-level-word
Leccion_07.xml,Leccion_07.wav,,57.39,59.89,nixi nani ñoꞌo saꞌan savi,,,niʃi nani ɲoʔo sãʔã savi,,sentence-level-full
Leccion_07.xml,Leccion_07.wav,,65.19,65.44,tsi,tsí,tsi,t͡si,yes,sentence-level-word
Leccion_07.xml,Leccion_07.wav,,66.08,66.98,saꞌan savi,sã̀ʔã́ sàvǐ,sãʔã savi,sãʔã savi,yes,sentence-level-word
Leccion_07.xml,Leccion_07.wav,,64.37,64.73,nixi,níʃí,niʃi,niʃi,yes,sentence-level-word
Leccion_07.xml,Leccion_07.wav,,64.73,65.19,kacho,kátʃô,katʃo,kat͡ʃo,yes,sentence-level-word
Leccion_07.xml,Leccion_07.wav,,65.44,66.08,ñoꞌo,ɲóʔo,ɲoʔo,ɲoʔo,yes,sentence-level-word
Leccion_07.xml,Leccion_07.wav,,64.05,67.26,nixi kacho tsi ñoꞌo saꞌan savi,,,niʃi kat͡ʃo t͡si ɲoʔo sãʔã savi,,sentence-level-full
Leccion_07.xml,Leccion_07.wav,,74.42,74.68,tsi,tsí,tsi,t͡si,yes,sentence-level-word
Leccion_07.xml,Leccion_07.wav,,73.97,74.42,kacho,kátʃô,katʃo,kat͡ʃo,yes,sentence-level-word
Leccion_07.xml,Leccion_07.wav,,73.57,73.97,nixi,níʃí,niʃi,niʃi,yes,sentence-level-word
Leccion_07.xml,Leccion_07.wav,,74.68,75.17,ñoꞌo,ɲóʔo,ɲoʔo,ɲoʔo,yes,sentence-level-word
Leccion_07.xml,Leccion_07.wav,,75.17,76.23,saꞌan savi,sã̀ʔã́ sàvǐ,sãʔã savi,sãʔã savi,yes,sentence-level-word
Leccion_07.xml,Leccion_07.wav,,73.22,76.43,nixi kacho tsi ñoꞌo saꞌan savi,,,niʃi kat͡ʃo t͡si ɲoʔo sãʔã savi,,sentence-level-full
Leccion_08.xml,Leccion_08.wav,,17.45,17.85,Ñoꞌo,ɲóʔo,ɲoʔo,ɲoʔo,yes,sentence-level-word
Leccion_08.xml,Leccion_08.wav,,18.18,18.73,kuñu,kuɲũ̂,kuɲũ,kuɲũ,yes,sentence-level-word
Leccion_08.xml,Leccion_08.wav,,17.94,18.09,kuu,kúú,kuu,kuu,yes,sentence-level-word
Leccion_08.xml,Leccion_08.wav,,17.11,19.10,Ñoꞌo kuu kuñu,,,ɲoʔo kuu kuɲũ,,sentence-level-full
Leccion_08.xml,Leccion_08.wav,,25.16,25.36,kuu,kúú,kuu,kuu,yes,sentence-level-word
Leccion_08.xml,Leccion_08.wav,,25.70,26.35,ntivi,nt̪ìvǐ,nt̪ivi,ntivi,yes,sentence-level-word
Leccion_08.xml,Leccion_08.wav,,25.36,25.70,iin,ĩ́ĩ́,ĩĩ,ĩĩ,yes,sentence-level-word
Leccion_08.xml,Leccion_08.wav,,24.62,25.11,Ñoꞌo,ɲóʔo,ɲoʔo,ɲoʔo,yes,sentence-level-word
Leccion_08.xml,Leccion_08.wav,,24.47,26.64,Ñoꞌo kuu iin ntivi,,,ɲoʔo kuu ĩĩ ntivi,,sentence-level-full
Leccion_08.xml,Leccion_08.wav,,34.40,34.76,nani,naní,nani,nani,yes,sentence-level-word
Leccion_08.xml,Leccion_08.wav,,33.78,34.40,Ñañoꞌo,ɲàɲóʔo,ɲaɲoʔo,ɲaɲoʔo,yes,sentence-level-word
Leccion_08.xml,Leccion_08.wav,,34.89,35.68,tikoo,t̪ìkôǒ,t̪ikoo,tikoo,yes,sentence-level-word
Leccion_08.xml,Leccion_08.wav,,33.62,35.91,Ñañoꞌo nani tikoo,,,ɲaɲoʔo nani tikoo,,sentence-level-full
Leccion_08.xml,Leccion_08.wav,,44.28,44.98,nchaꞌa,ndʒáʔá,ndʒaʔa,nd͡ʒaʔa,yes,sentence-level-word
Leccion_08.xml,Leccion_08.wav,,43.81,44.28,nani,naní,nani,nani,yes,sentence-level-word
Leccion_08.xml,Leccion_08.wav,,43.18,43.81,Ñañoꞌo,ɲàɲóʔo,ɲaɲoʔo,ɲaɲoʔo,yes,sentence-level-word
Leccion_08.xml,Leccion_08.wav,,43.06,45.14,Ñañoꞌo nani nchaꞌa,,,ɲaɲoʔo nani nd͡ʒaʔa,,sentence-level-full
Leccion_08.xml,Leccion_08.wav,,52.21,52.59,Ñoꞌo,ɲóʔo,ɲoʔo,ɲoʔo,yes,sentence-level-word
Leccion_08.xml,Leccion_08.wav,,52.70,52.84,kuu,kúú,kuu,kuu,yes,sentence-level-word
Leccion_08.xml,Leccion_08.wav,,52.84,53.61,xikui,ʃîkwi,ʃikwi,ʃikwi,yes,sentence-level-word
Leccion_08.xml,Leccion_08.wav,,52.07,53.75,Ñoꞌo kuu xikui,,,ɲoʔo kuu ʃikwi,,sentence-level-full
Leccion_08.xml,Leccion_08.wav,,61.02,61.63,iín,ĩǐ,ĩi,ĩi,yes,sentence-level-word
Leccion_08.xml,Leccion_08.wav,,60.56,60.91,kuu,kúú,kuu,kuu,yes,sentence-level-word
Leccion_08.xml,Leccion_08.wav,,60.20,60.56,Ñoꞌo,ɲóʔo,ɲoʔo,ɲoʔo,yes,sentence-level-word
Leccion_08.xml,Leccion_08.wav,,60.11,61.76,Ñoꞌo kuu iín,,,ɲoʔo kuu ĩi,,sentence-level-full
Leccion_08.xml,Leccion_08.wav,,70.36,71.19,tikasu,t̪íkasù,t̪ikasu,tikasu,yes,sentence-level-word
Leccion_08.xml,Leccion_08.wav,,69.97,70.27,nani,naní,nani,nani,yes,sentence-level-word
Leccion_08.xml,Leccion_08.wav,,69.48,69.97,Ñañoꞌo,ɲàɲóʔo,ɲaɲoʔo,ɲaɲoʔo,yes,sentence-level-word
Leccion_08.xml,Leccion_08.wav,,69.22,71.54,Ñañoꞌo nani tikasu,,,ɲaɲoʔo nani tikasu,,sentence-level-full
Leccion_08.xml,Leccion_08.wav,,77.72,78.20,Ñañoꞌo,ɲàɲóʔo,ɲaɲoʔo,ɲaɲoʔo,yes,sentence-level-word
Leccion_08.xml,Leccion_08.wav,,78.20,78.50,nani,naní,nani,nani,yes,sentence-level-word
Leccion_08.xml,Leccion_08.wav,,78.50,79.35,staa,stàǎ,staa,staa,yes,sentence-level-word
Leccion_08.xml,Leccion_08.wav,,77.65,79.53,Ñañoꞌo nani staa,,,ɲaɲoʔo nani staa,,sentence-level-full
Leccion_09.xml,Leccion_09.wav,,17.67,18.15,litru,lítru,litru,litru,yes,sentence-level-word
Leccion_09.xml,Leccion_09.wav,,17.41,17.67,in,ĩ́ĩ́,ĩĩ,ĩĩ,yes,sentence-level-word
Leccion_09.xml,Leccion_09.wav,,17.23,17.41,ni,ní,ni,ni,yes,sentence-level-word
Leccion_09.xml,Leccion_09.wav,,16.97,17.23,Kuaꞌa,kwà̰á̰,kwa̰a̰,kwa̰a̰,yes,sentence-level-word
Leccion_09.xml,Leccion_09.wav,,18.15,18.91,xikui,ʃìkwi,ʃikwi,ʃikwi,yes,sentence-level-word
Leccion_09.xml,Leccion_09.wav,,16.58,19.26,Kuaꞌa ni in litru xikui,,,kwa̰a̰ ni ĩĩ litru ʃikwi,,sentence-level-full
Leccion_09.xml,Leccion_09.wav,,27.10,27.65,nisa,nisá,nisa,nisa,yes,sentence-level-word
Leccion_09.xml,Leccion_09.wav,,27.65,28.30,yaꞌvia,jaʔvjà,jaʔvja,jaʔvja,yes,sentence-level-word
Leccion_09.xml,Leccion_09.wav,,26.93,28.45,nisa yaꞌvia,,,nisa jaʔvja,,sentence-level-full
Leccion_09.xml,Leccion_09.wav,,35.94,36.51,nisa,nisá,nisa,nisa,yes,sentence-level-word
Leccion_09.xml,Leccion_09.wav,,36.51,36.79,vi,ví,vi,vi,yes,sentence-level-word
Leccion_09.xml,Leccion_09.wav,,35.87,36.88,nisa vi,,,nisa vi,,sentence-level-full
Leccion_09.xml,Leccion_09.wav,,49.19,50.10,tikuiti,tíkwìtí,tikwiti,tikwiti,yes,sentence-level-word
Leccion_09.xml,Leccion_09.wav,,48.34,48.81,chiso,tʃisó,tʃiso,t͡ʃiso,yes,sentence-level-word
Leccion_09.xml,Leccion_09.wav,,48.81,49.02,ka,ká,ka,ka,yes,sentence-level-word
Leccion_09.xml,Leccion_09.wav,,49.02,49.19,ni,ni,ni,ni,no,sentence-level-word
Leccion_09.xml,Leccion_09.wav,,48.20,50.36,chiso ka ni tikuiti,,,t͡ʃiso ka ni tikwiti,,sentence-level-full
Leccion_09.xml,Leccion_09.wav,,57.75,58.41,sama,samá,sama,sama,yes,sentence-level-word
Leccion_09.xml,Leccion_09.wav,,57.46,57.75,na,ná,na,na,yes,sentence-level-word
Leccion_09.xml,Leccion_09.wav,,57.19,58.63,na sama,,,na sama,,sentence-level-full
Leccion_09.xml,Leccion_09.wav,,64.89,65.04,a,a,a,a,no,sentence-level-word
Leccion_09.xml,Leccion_09.wav,,65.30,66.14,asichi,asítʃí,asitʃi,asit͡ʃi,yes,sentence-level-word
Leccion_09.xml,Leccion_09.wav,,65.04,65.30,yee,jéè,jee,jee,yes,sentence-level-word
Leccion_09.xml,Leccion_09.wav,,64.71,66.36,a yee asichi,,,a jee asit͡ʃi,,sentence-level-full
Leccion_10.xml,Leccion_10.wav,1,14.24,15.54,xuꞌun,ʃũ̌ʔũ,ʃũʔũ,ʃũʔũ,yes,single-word
Leccion_10.xml,Leccion_10.wav,,22.92,23.61,kuachi,kwátʃi,kwatʃi,kwat͡ʃi,yes,sentence-level-word
Leccion_10.xml,Leccion_10.wav,,22.28,22.83,xuꞌun,ʃũ̌ʔũ,ʃũʔũ,ʃũʔũ,yes,sentence-level-word
Leccion_10.xml,Leccion_10.wav,,22.20,23.86,xuꞌun kuachi,,,ʃũʔũ kwat͡ʃi,,sentence-level-full
Leccion_10.xml,Leccion_10.wav,,30.45,31.22,tutu,tutù,tutu,tutu,yes,sentence-level-word
Leccion_10.xml,Leccion_10.wav,,29.68,30.33,xuꞌun,ʃũ̌ʔũ,ʃũʔũ,ʃũʔũ,yes,sentence-level-word
Leccion_10.xml,Leccion_10.wav,,29.47,31.46,xuꞌun tutu,,,ʃũʔũ tutu,,sentence-level-full
Leccion_10.xml,Leccion_10.wav,4,38.10,39.27,chaꞌvi,tʃávì,tʃavi,t͡ʃavi,yes,single-word
Leccion_10.xml,Leccion_10.wav,5,45.06,46.03,yaꞌvi,jaʔví,jaʔvi,jaʔvi,yes,single-word
Leccion_10.xml,Leccion_10.wav,,53.20,53.47,kue,kwě,kwe,kwe,yes,sentence-level-word
Leccion_10.xml,Leccion_10.wav,,53.47,54.10,yaꞌvi,jáʔvi,jaʔvi,jaʔvi,yes,sentence-level-word
Leccion_10.xml,Leccion_10.wav,,53.04,54.27,kue yaꞌvi,,,kwe jaʔvi,,sentence-level-full
Leccion_10.xml,Leccion_10.wav,7,61.65,62.85,sama,sama,sama,sama,no,single-word
Leccion_10.xml,Leccion_10.wav,8,70.63,71.91,xiko,ʃǐkó,ʃiko,ʃiko,yes,single-word
Leccion_10.xml,Leccion_10.wav,9,79.17,80.76,ntakuaan,nt̬akwãã,nt̬akwãã,nt̬akwãã,yes,single-word
Leccion_10.xml,Leccion_10.wav,,88.78,89.45,yaꞌvi,jáʔvi,jaʔvi,jaʔvi,yes,sentence-level-word
Leccion_10.xml,Leccion_10.wav,,88.50,88.78,nuu,nũ̀ǔ,nũu,nũu,yes,sentence-level-word
Leccion_10.xml,Leccion_10.wav,,88.39,89.58,nuu yaꞌvi,,,nũu jaʔvi,,sentence-level-full
Leccion_12.xml,Leccion_12.wav,,12.37,12.70,kuee,kwéé,kwee,kwee,yes,sentence-level-word
Leccion_12.xml,Leccion_12.wav,,13.26,13.47,ni,ní,ni,ni,yes,sentence-level-word
Leccion_12.xml,Leccion_12.wav,,12.70,12.87,ni,ni,ni,ni,no,sentence-level-word
Leccion_12.xml,Leccion_12.wav,,12.97,13.26,kaꞌan,kãʔã̀,kãʔã,kãʔã,yes,sentence-level-word
Leccion_12.xml,Leccion_12.wav,,12.17,13.66,kuee ni kaꞌan ni,,,kwee ni kãʔã ni,,sentence-level-full
Leccion_12.xml,Leccion_12.wav,,20.96,21.33,tsitu,tsítú,tsitu,t͡situ,yes,sentence-level-word
Leccion_12.xml,Leccion_12.wav,,20.67,20.89,kue,kwè,kwe,kwe,yes,sentence-level-word
Leccion_12.xml,Leccion_12.wav,,21.75,22.03,yu,jù,ju,ju,yes,sentence-level-word
Leccion_12.xml,Leccion_12.wav,,21.33,21.75,nini,nìnì,nini,nini,yes,sentence-level-word
Leccion_12.xml,Leccion_12.wav,,20.60,22.09,kue tsitu nini yu,,,kwe t͡situ nini ju,,sentence-level-full
Leccion_12.xml,Leccion_12.wav,,29.88,30.07,ni,ní,ni,ni,yes,sentence-level-word
Leccion_12.xml,Leccion_12.wav,,28.74,28.85,a,a,a,a,no,sentence-level-word
Leccion_12.xml,Leccion_12.wav,,30.30,31.03,nikaꞌan,nìkàʔà,nikaʔa,nikaʔa,yes,sentence-level-word
Leccion_12.xml,Leccion_12.wav,,31.03,31.26,ni,ní,ni,ni,yes,sentence-level-word
Leccion_12.xml,Leccion_12.wav,,29.48,29.88,neꞌe,nɛʔɛ,nɛʔɛ,nɛʔɛ,no,sentence-level-word
Leccion_12.xml,Leccion_12.wav,,30.07,30.30,ña,ɲá,ɲa,ɲa,yes,sentence-level-word
Leccion_12.xml,Leccion_12.wav,,28.85,29.48,ntanchiko,nt̬antʃikó,nt̬antʃiko,nt̬ant͡ʃiko,yes,sentence-level-word
Leccion_12.xml,Leccion_12.wav,,28.68,31.42,a ntanchiko neꞌe ni ña nikaꞌan ni,,,a nt̬ant͡ʃiko nɛʔɛ ni ɲa nikaʔa ni,,sentence-level-full
Leccion_12.xml,Leccion_12.wav,,39.90,41.15,saꞌan xchila,sã̀ʔã́ ʃílâ,sãʔã ʃila,sãʔã ʃila,yes,sentence-level-word
Leccion_12.xml,Leccion_12.wav,,39.63,39.90,yu,jù,ju,ju,yes,sentence-level-word
Leccion_12.xml,Leccion_12.wav,,39.34,39.63,kaꞌan,kã́ʔã,kãʔã,kãʔã,yes,sentence-level-word
Leccion_12.xml,Leccion_12.wav,,39.24,41.33,kaꞌan yu saꞌan xchila,,,kãʔã ju sãʔã ʃila,,sentence-level-full
Leccion_12.xml,Leccion_12.wav,,49.97,50.22,yu,jù,ju,ju,yes,sentence-level-word
Leccion_12.xml,Leccion_12.wav,,49.62,49.97,kaꞌan,kã́ʔã,kãʔã,kãʔã,yes,sentence-level-word
Leccion_12.xml,Leccion_12.wav,,50.22,51.50,saꞌan savi,sã̀ʔã́ sàvǐ,sãʔã savi,sãʔã savi,yes,sentence-level-word
Leccion_12.xml,Leccion_12.wav,,49.50,51.57,kaꞌan yu saꞌan savi,,,kãʔã ju sãʔã savi,,sentence-level-full
Leccion_12.xml,Leccion_12.wav,6,59.50,60.17,nchii,ntʃíì,ntʃii,nt͡ʃii,yes,single-word
Leccion_12.xml,Leccion_12.wav,7,67.91,69.22,nchii kii,nʒíî,nʒii,nʒii,yes,single-word
Leccion_12.xml,Leccion_12.wav,8,74.43,75.59,nchíí,ntʃíí,ntʃii,nt͡ʃii,yes,single-word
Leccion_12.xml,Leccion_12.wav,9,82.18,83.24,nixi,niʃi,niʃi,niʃi,no,single-word
Leccion_12.xml,Leccion_12.wav,10,89.37,90.35,ana,anâ,ana,ana,yes,single-word
_Los_Sonidos_del_mixteco.xml,_Los_Sonidos_del_mixteco.wav,1,18.14,19.20,antivi,ant̪ivi᷄,ant̪ivi᷄,antivi᷄,no,single-word
_Los_Sonidos_del_mixteco.xml,_Los_Sonidos_del_mixteco.wav,2,24.95,25.90,choko,tʃóko᷄,tʃoko᷄,t͡ʃoko᷄,yes,single-word
_Los_Sonidos_del_mixteco.xml,_Los_Sonidos_del_mixteco.wav,3,32.59,34.30,vee ñu'u,βɛɛɲṵ̃̀ʔu,βɛɛɲṵ̃ʔu,βɛɛɲṵ̃ʔu,yes,single-word
_Los_Sonidos_del_mixteco.xml,_Los_Sonidos_del_mixteco.wav,4,40.34,41.41,isu,isù,isu,isu,yes,single-word
_Los_Sonidos_del_mixteco.xml,_Los_Sonidos_del_mixteco.wav,5,46.93,47.74,kolo,kóló,kolo,kolo,yes,single-word
_Los_Sonidos_del_mixteco.xml,_Los_Sonidos_del_mixteco.wav,6,52.78,53.98,likui,li᷇kwì,likwi,likwi,yes,single-word
_Los_Sonidos_del_mixteco.xml,_Los_Sonidos_del_mixteco.wav,7,59.67,60.75,ma'a,máʔà,maʔa,maʔa,yes,single-word
_Los_Sonidos_del_mixteco.xml,_Los_Sonidos_del_mixteco.wav,8,67.18,68.45,nana,nána᷇,nana,nana,yes,single-word
_Los_Sonidos_del_mixteco.xml,_Los_Sonidos_del_mixteco.wav,9,74.49,75.56,ñuñu,ɲũɲũ᷄,ɲũɲũ᷄,ɲũɲũ᷄,yes,single-word
_Los_Sonidos_del_mixteco.xml,_Los_Sonidos_del_mixteco.wav,10,82.28,83.62,oko,oko᷆,oko᷆,oko᷆,no,single-word
_Los_Sonidos_del_mixteco.xml,_Los_Sonidos_del_mixteco.wav,11,89.79,90.62,paa,páá,paa,paa,yes,single-word
_Los_Sonidos_del_mixteco.xml,_Los_Sonidos_del_mixteco.wav,12,97.45,98.42,vari,βaɾì,βaɾi,βaɾi,yes,single-word
_Los_Sonidos_del_mixteco.xml,_Los_Sonidos_del_mixteco.wav,13,104.55,105.68,suꞌnu,sṵʔu᷄,sṵʔu᷄,suʔu᷄,yes,single-word
_Los_Sonidos_del_mixteco.xml,_Los_Sonidos_del_mixteco.wav,14,112.17,113.22,tani,t̪ani᷆,t̪ani᷆,tani᷆,no,single-word
_Los_Sonidos_del_mixteco.xml,_Los_Sonidos_del_mixteco.wav,15,119.91,121.08,usu,úsu᷇,usu,usu,yes,single-word
_Los_Sonidos_del_mixteco.xml,_Los_Sonidos_del_mixteco.wav,16,128.54,129.56,vilu,bílú,bilu,bilu,yes,single-word
_Los_Sonidos_del_mixteco.xml,_Los_Sonidos_del_mixteco.wav,17,139.21,140.71,xito,ʃit̪o᷇,ʃit̪o,ʃito,yes,single-word
_Los_Sonidos_del_mixteco.xml,_Los_Sonidos_del_mixteco.wav,18,154.89,156.10,nchoꞌo,nt͡ʃó̰ʔo,nt͡ʃo̰ʔo,nt͡ʃoʔo,yes,single-word
_Los_Sonidos_del_mixteco.xml,_Los_Sonidos_del_mixteco.wav,19,162.98,164.39,nkuii,ŋk̥wi᷄í,ŋk̥wi᷄i,ŋk̥wi᷄i,yes,single-word
_Los_Sonidos_del_mixteco.xml,_Los_Sonidos_del_mixteco.wav,20,171.04,173.03,ntivi,nt̪i᷆vǐ,nt̪i᷆vi,nti᷆vi,yes,single-word
_Los_Sonidos_del_mixteco.xml,_Los_Sonidos_del_mixteco.wav,21,181.08,182.86,ntsitsa,ndʒìtsa᷅,ndʒitsa,nd͡ʒit͡sa,yes,single-word
_Los_Sonidos_del_mixteco.xml,_Los_Sonidos_del_mixteco.wav,23,189.14,190.95,tsaku,tsa᷅ku,tsaku,t͡saku,yes,single-word
_Los_Sonidos_del_mixteco.xml,_Los_Sonidos_del_mixteco.wav,24,197.86,199.22,skaꞌma,ska᷅ʔma,skaʔma,skaʔma,yes,single-word
_Los_Sonidos_del_mixteco.xml,_Los_Sonidos_del_mixteco.wav,25,206.07,207.66,Snuviko,snúvíkó,snuviko,snuviko,yes,single-word
_Los_Sonidos_del_mixteco.xml,_Los_Sonidos_del_mixteco.wav,26,215.46,216.74,stiki,stîki᷄,stiki᷄,stiki᷄,yes,single-word
_Los_Sonidos_del_mixteco.xml,_Los_Sonidos_del_mixteco.wav,27,224.53,225.44,xchaki,tʃa᷅ki᷆,tʃaki᷆,t͡ʃaki᷆,yes,single-word
_Los_Sonidos_del_mixteco.xml,_Los_Sonidos_del_mixteco.wav,28,237.02,238.07,chaa,tʃa᷆a᷅,tʃa᷆a,t͡ʃa᷆a,yes,single-word
_Los_Sonidos_del_mixteco.xml,_Los_Sonidos_del_mixteco.wav,29,241.54,242.47,skee,skɛ́ɛ,skɛɛ,skɛɛ,yes,single-word
_Los_Sonidos_del_mixteco.xml,_Los_Sonidos_del_mixteco.wav,30,246.02,247.27,tixii,t̪i᷆ʃii᷆,t̪i᷆ʃii᷆,ti᷆ʃii᷆,no,single-word
_Los_Sonidos_del_mixteco.xml,_Los_Sonidos_del_mixteco.wav,31,250.83,251.86,koo,kòǒ,koo,koo,yes,single-word
_Los_Sonidos_del_mixteco.xml,_Los_Sonidos_del_mixteco.wav,32,255.32,256.27,kuu,kúú,kuu,kuu,yes,single-word
_Los_Sonidos_del_mixteco.xml,_Los_Sonidos_del_mixteco.wav,33,262.60,263.60,chaꞌa,bajo,bajo,bajo,no,single-word
_Los_Sonidos_del_mixteco.xml,_Los_Sonidos_del_mixteco.wav,34,266.66,267.85,seꞌe,sɛ᷆ʔɛ,sɛ᷆ʔɛ,sɛ᷆ʔɛ,no,single-word
_Los_Sonidos_del_mixteco.xml,_Los_Sonidos_del_mixteco.wav,35,271.13,272.25,kuiꞌi,kwiʔǐ,kwiʔi,kwiʔi,yes,single-word
_Los_Sonidos_del_mixteco.xml,_Los_Sonidos_del_mixteco.wav,36,275.44,276.44,koꞌo,kòʔǒ,koʔo,koʔo,yes,single-word
_Los_Sonidos_del_mixteco.xml,_Los_Sonidos_del_mixteco.wav,37,279.83,280.77,kuꞌu,kúʔu᷆,kuʔu᷆,kuʔu᷆,yes,single-word
_Los_Sonidos_del_mixteco.xml,_Los_Sonidos_del_mixteco.wav,38,291.74,292.71,chaan,tʃã́ã᷇,tʃãã,t͡ʃãã,yes,single-word
_Los_Sonidos_del_mixteco.xml,_Los_Sonidos_del_mixteco.wav,39,296.25,297.81,Seen,sɛ̃ɛ̃́,sɛ̃ɛ̃,sɛ̃ɛ̃,yes,single-word
_Los_Sonidos_del_mixteco.xml,_Los_Sonidos_del_mixteco.wav,40,301.14,302.39,iin,ĩĩ᷆,ĩĩ᷆,ĩĩ᷆,yes,single-word
_Los_Sonidos_del_mixteco.xml,_Los_Sonidos_del_mixteco.wav,41,305.85,307.01,tsio,tsíó,tsio,t͡sio,yes,single-word
_Los_Sonidos_del_mixteco.xml,_Los_Sonidos_del_mixteco.wav,42,310.81,312.06,chuun,tʃṹṹ,tʃũũ,t͡ʃũũ,yes,single-word
MYUC-1042.xml,MYUC-1042.wav,,4.411,7.144,meê nanî Guillermo Martínez López,mɛɛ̂ nanî gijermo mart̪ínɛs lópɛs,mɛɛ nani gijermo mart̪inɛs lopɛs,mɛɛ nani gijermo martinɛs lopɛs,yes,whole-utterance
MYUC-1042.xml,MYUC-1042.wav,,7.147,8.571,ñuù-yù kúu Yukúnanǐ,ɲuù jù kúu jukúnanǐ,ɲuu ju kuu jukunani,ɲuu ju kuu jukunani,yes,whole-utterance
MYUC-1042.xml,MYUC-1042.wav,,9.087,13.302,cha ná ntakanì xóó luu nixi sáchúùn tsi ñùñǔ ñàà,tʃa ná nt̪akanì ʃóó lu niʃi sátʃṹũ̀ tsi ɲũ̀ɲũ̌ nn ɲàà,tʃa na nt̪akani ʃoo lu niʃi satʃũũ tsi ɲũɲũ nn ɲaa,t͡ʃa na ntakani ʃoo lu niʃi sat͡ʃũũ t͡si ɲũɲũ nn ɲaa,yes,whole-utterance
MYUC-1042.xml,MYUC-1042.wav,,14.761,15.866,kú'mî,kúmî,kumi,kumi,yes,whole-utterance
MYUC-1042.xml,MYUC-1042.wav,,15.944,17.886,kuàâ ùtsì ùtsì-ni ñà,kwàâ ùtsì ùtsì ni ɲà,kwaa utsi utsi ni ɲa,kwaa ut͡si ut͡si ni ɲa,yes,whole-utterance
MYUC-1042.xml,MYUC-1042.wav,,17.900,19.970,kájà ñùñǔ luu kú'mî kuě kuà'ǎ-tí kú'mî teèn,kájà ɲũ̀ɲũ̌ lu kúmî kwɛ̌ kwà̰ǎ̰ t̪í kúmî dɛ̃̀,kaja ɲũɲũ lu kumi kwɛ kwa̰a̰ t̪i kumi dɛ̃,kaja ɲũɲũ lu kumi kwɛ kwa̰a̰ ti kumi dɛ̃,yes,whole-utterance
MYUC-1042.xml,MYUC-1042.wav,,20.249,21.272,ná ntakanì xóó luu,ná nt̬akanì ʃóó luu,na nt̬akani ʃoo luu,na nt̬akani ʃoo luu,yes,whole-utterance
MYUC-1042.xml,MYUC-1042.wav,,21.287,22.205,nchíì kúu ñà sá'à,ndʒíì wã́ã sáʔà,ndʒii wãã saʔa,nd͡ʒii wãã saʔa,yes,whole-utterance
MYUC-1042.xml,MYUC-1042.wav,,22.238,23.185,nchíì kúu ñà sá'à,ndʒíì wã́ã sáʔà,ndʒii wãã saʔa,nd͡ʒii wãã saʔa,yes,whole-utterance
MYUC-1042.xml,MYUC-1042.wav,,23.208,24.232,tsi ñàà,tsi ɲààà,tsi ɲaaa,t͡si ɲaaa,yes,whole-utterance
MYUC-1042.xml,MYUC-1042.wav,,24.374,25.485,tsi ñùñǔ luu yó'o,tsi ɲũ̀ɲũ̌ lʎó,tsi ɲũɲũ lʎo,t͡si ɲũɲũ lʎo,yes,whole-utterance
MYUC-1042.xml,MYUC-1042.wav,,25.624,26.909,kú'mî-tǐ ra,kúmî t̪ǐ raaa,kumi t̪i raaa,kumi ti raaa,yes,whole-utterance
MYUC-1042.xml,MYUC-1042.wav,,27.106,28.043,ñàà,ɲààà,ɲaaa,ɲaaa,yes,whole-utterance
MYUC-1042.xml,MYUC-1042.wav,,28.054,29.351,tá kuìà tá kuìà ra,t̪á kwìà t̪á kwìà raaa,t̪a kwia t̪a kwia raaa,ta kwia ta kwia raaa,yes,whole-utterance
MYUC-1042.xml,MYUC-1042.wav,,29.368,30.560,tavâ ntǔxì,t̬avâ nt̬ǔʃì,t̬ava nt̬uʃi,t̬ava nt̬uʃi,yes,whole-utterance
MYUC-1042.xml,MYUC-1042.wav,,30.656,31.220,cha,tʃaaa,tʃaaa,t͡ʃaaa,no,whole-utterance
MYUC-1042.xml,MYUC-1042.wav,,31.226,32.255,ntǔxì luu-ka ra,nt̬ǔʃì lu k̬a ra,nt̬uʃi lu k̬a ra,nt̬uʃi lu k̬a ra,yes,whole-utterance
MYUC-1042.xml,MYUC-1042.wav,,32.255,35.386,sava-rá xíkò cha sava-rá kí ntòo tsátsí-kuê-rǎ,sava rá ʃíkò dʒa sava rá kí nt̪òo tsátsí wɛ̂ rǎ,sava ra ʃiko dʒa sava ra ki nt̪oo tsatsi wɛ ra,sava ra ʃiko d͡ʒa sava ra ki ntoo t͡sat͡si wɛ ra,yes,whole-utterance
MYUC-1042.xml,MYUC-1042.wav,,35.616,38.034,tsàà yachi níi kuìà-ni,tsàà jatʃi ní kuìà ni,tsaa jatʃi ni kuia ni,t͡saa jat͡ʃi ni kuia ni,yes,whole-utterance
MYUC-1042.xml,MYUC-1042.wav,,38.054,42.130,st.. stákoò kuà'ǎ-rá tavà tsíǒ-rá níi kuìà-ni mímeé ntǔxì kúu ñàà,st stákoò kuàʔǎ rá t̬aβà tsíǒ rá ní kuìà ni mímɛɛ́ nt̬ǔʃì kú ɲàà,st stakoo kuaʔa ra t̬aβa tsio ra ni kuia ni mimɛɛ nt̬uʃi ku ɲaa,st stakoo kuaʔa ra t̬aβa t͡sio ra ni kuia ni mimɛɛ nt̬uʃi ku ɲaa,yes,whole-utterance
MYUC-1042.xml,MYUC-1042.wav,,42.136,45.805,tsátsí-kuê kǒo ko... kǒo-kà iinkàâ ñàà,tsátsí wɛ̂ kǒo ko kǒ kà ĩŋk̬àâ ɲàà,tsatsi wɛ koo ko ko ka ĩŋk̬aa ɲaa,t͡sat͡si wɛ koo ko ko ka ĩŋk̬aa ɲaa,yes,whole-utterance
MYUC-1042.xml,MYUC-1042.wav,,45.838,49.083,tsátsí-vê ntǔxì-ni kúu-ñà chíkàà-vê nùǔ ñàà,tsátsí vɛ̂ ndǔʃì ni wã́ã tʃíkàà vɛ̂ nũ̌ ɲã́ã́,tsatsi vɛ nduʃi ni wãã tʃikaa vɛ nũ ɲãã,t͡sat͡si vɛ nduʃi ni wãã t͡ʃikaa vɛ nũ ɲãã,yes,whole-utterance
MYUC-1042.xml,MYUC-1042.wav,,49.083,53.677,á iin ñà ko'o-vê á.... nchíì katsí-vê ra meé soo ntǔxì tsáchúun-vê ra,á ĩ́ĩ́ ɲà koʔo βɛ̂ á ndʒíì katsí βɛ̂ ra mɛɛ́ zo ndǔʃì tátʃṹũ wɛ̂ ra,a ĩĩ ɲa koʔo βɛ a ndʒii katsi βɛ ra mɛɛ zo nduʃi tatʃũũ wɛ ra,a ĩĩ ɲa koʔo βɛ a nd͡ʒii kat͡si βɛ ra mɛɛ zo nduʃi tat͡ʃũũ wɛ ra,yes,whole-utterance
MYUC-1042.xml,MYUC-1042.wav,,53.677,57.177,ñàà tá tsàà na'á ntákani-nà ñàà,ɲàà t̪á tsàà naʔá nt̬ákani nà ɲàà,ɲaa t̪a tsaa naʔa nt̬akani na ɲaa,ɲaa ta t͡saa naʔa nt̬akani na ɲaa,yes,whole-utterance
MYUC-1042.xml,MYUC-1042.wav,,57.198,58.720,tá ntsìtavǎ-nà ñàà,t̪á tzìt̪avǎ nà ɲàà,t̪a tzit̪ava na ɲaa,ta tzitava na ɲaa,yes,whole-utterance
MYUC-1042.xml,MYUC-1042.wav,,58.720,61.755,ñùñǔ-ka ra meé soo tìntò'ǒ luu ntsìtsǎchúun-nà,ɲũ̀ɲũ̌ ɣa ra mɛɛ́ so t̪ìnt̪òʔǒ lu ntsìtsǎtʃṹũ nà,ɲũɲũ ɣa ra mɛɛ so t̪int̪oʔo lu ntsitsatʃũũ na,ɲũɲũ ɣa ra mɛɛ so tintoʔo lu nt͡sit͡sat͡ʃũũ na,yes,whole-utterance
MYUC-1042.xml,MYUC-1042.wav,,61.762,63.495,chíkàà-nà ñu'ù ra,tʃíkàà nà ɲũʔũ̀ ra,tʃikaa na ɲũʔũ ra,t͡ʃikaa na ɲũʔũ ra,yes,whole-utterance
MYUC-1042.xml,MYUC-1042.wav,,63.507,67.368,chíkàà-nà ñàà ñàà yuchí yútǔ,tʃíkàà nà ɲàà ɲàà jutʃí jút̪ǔ,tʃikaa na ɲaa ɲaa jutʃi jut̪u,t͡ʃikaa na ɲaa ɲaa jut͡ʃi jutu,yes,whole-utterance
MYUC-1042.xml,MYUC-1042.wav,,67.410,70.118,á nchíì tâǎn-nà jara ñà-ka kúu-ñà,á nndʒíì t̪ã̂ã̌ nà hara ɲà ka wã́ã,a nndʒii t̪ãã na hara ɲa ka wãã,a nnd͡ʒii tãã na hara ɲa ka wãã,yes,whole-utterance
MYUC-1042.xml,MYUC-1042.wav,,70.514,71.963,saán kúu-ñà ntsìtavǎ-nà ntǔxì,saã́ wã́ã ntzìt̪aβǎ nà ndǔʃì,saã wãã ntzit̪aβa na nduʃi,saã wãã ntzitaβa na nduʃi,yes,whole-utterance
MYUC-1042.xml,MYUC-1042.wav,,71.973,73.503,tá tsàà na'á cha vichi ra,t̪á tsàà naʔá tʃa vitʃi ra,t̪a tsaa naʔa tʃa vitʃi ra,ta t͡saa naʔa t͡ʃa vit͡ʃi ra,yes,whole-utterance
MYUC-1042.xml,MYUC-1042.wav,,73.506,76.266,ntùu kue kàa ra ñǒ'o kúu ñà tsáchúun-kuê ra,nt̪ùu wɛ kàa ra ɲǒo wã́ã tsátʃṹũ wɛ̂ ra,nt̪uu wɛ kaa ra ɲoo wãã tsatʃũũ wɛ ra,ntuu wɛ kaa ra ɲoo wãã t͡sat͡ʃũũ wɛ ra,yes,whole-utterance
MYUC-1042.xml,MYUC-1042.wav,,76.279,78.582,ñà-ka kúu-ñà ñàà,ɲà wã́ã ɲàà,ɲa wãã ɲaa,ɲa wãã ɲaa,yes,whole-utterance
MYUC-1042.xml,MYUC-1042.wav,,78.582,80.420,távǎ-kuê ntǔxì ra,t̬áβǎ wɛ̂ ndǔʃì raa,t̬aβa wɛ nduʃi raa,t̬aβa wɛ nduʃi raa,yes,whole-utterance
MYUC-1042.xml,MYUC-1042.wav,,80.420,84.239,meê ra tsàà yachi mikǐ xíkò ntǔxì tono ntǔxì ntǔxì ñàà,mɛɛ̂ ra tsi jatʃi mikǐ ʃíkò nt̪ǔʃì t̪ono nt̪ǔʃì nt̪ǔʃìì ɲàà,mɛɛ ra tsi jatʃi miki ʃiko nt̪uʃi t̪ono nt̪uʃi nt̪uʃii ɲaa,mɛɛ ra t͡si jat͡ʃi miki ʃiko ntuʃi tono ntuʃi ntuʃii ɲaa,yes,whole-utterance
MYUC-1042.xml,MYUC-1042.wav,,84.281,85.886,kú'nî-rǎ rì tsà'ǎ ñà-ka,kúnî rǎ rì tã,kuni ra ri tã,kuni ra ri tã,yes,whole-utterance
MYUC-1042.xml,MYUC-1042.wav,,85.912,91.519,váí nchuà'a tsú'ní-kuê-rǎ ra tsàà yachi meé soo tá ñù'mǎ luu tsú'nî ra ñàà,váí ntʒòʔa tsúʔní wɛ̂ rǎ mmm ra tsà jatʃi mɛɛ́ soo t̪ã́ ɲũ̀mǎ lu tsúnî ra ɲààà,vai ntʒoʔa tsuʔni wɛ ra mmm ra tsa jatʃi mɛɛ soo t̪ã ɲũma lu tsuni ra ɲaaa,vai ntʒoʔa t͡suʔni wɛ ra mmm ra t͡sa jat͡ʃi mɛɛ soo tã ɲũma lu t͡suni ra ɲaaa,yes,whole-utterance
MYUC-1042.xml,MYUC-1042.wav,,91.519,97.510,nchá... nchá kána kúu ñàà nchá ntinuu luu kúu nchá xíkò ra ñà kúu,ntʒááá ntʒá kána úu ɲàà ntʒá ndinũʔũ lu dʒá ʃíkò ra ɲà kúuu,ntʒaaa ntʒa kana uu ɲaa ntʒa ndinũʔũ lu dʒa ʃiko ra ɲa kuuu,ntʒaaa ntʒa kana uu ɲaa ntʒa ndinũʔũ lu d͡ʒa ʃiko ra ɲa kuuu,yes,whole-utterance
MYUC-1042.xml,MYUC-1042.wav,,97.115,101.415,saán sáchúun-kuê chíí suà'a chíí Yukúnanǐ tatù,sãã́ sátʃṹũ wɛ̂ tʃíí swàa tʃíí jukúnanǐ dadù,sãã satʃũũ wɛ tʃii swaa tʃii jukunani dadu,sãã sat͡ʃũũ wɛ t͡ʃii swaa t͡ʃii jukunani dadu,yes,whole-utterance
MYUC-1042.xml,MYUC-1042.wav,,101.429,104.541,nchíì nà kúnì katsí ntǔxì ra,ndʒíì nà kúnì k̬atsí ndǔʃì ra,ndʒii na kuni k̬atsi nduʃi ra,nd͡ʒii na kuni k̬at͡si nduʃi ra,yes,whole-utterance
MYUC-1042.xml,MYUC-1042.wav,,105.021,108.271,ñàà ka'àn soo-kue-ní-ni ra yó'o yéè-rǎ,ɲàà kaʔã̀ soo wɛ ní ni ɾə jóʔo jɛ́ɛ̀ rǎ,ɲaa kaʔã soo wɛ ni ni ɾə joʔo jɛɛ ra,ɲaa kaʔã soo wɛ ni ni ɾə joʔo jɛɛ ra,yes,whole-utterance
MYUC-1042.xml,MYUC-1042.wav,,108.294,113.277,ñàà tá xina ñú'u nìkìtsáà ñàà,ɲàà t̪á ʃina ɲṹʔũ nìkìtsáà ɲàà,ɲaa t̪a ʃina ɲũʔũ nikitsaa ɲaa,ɲaa ta ʃina ɲũʔũ nikit͡saa ɲaa,yes,whole-utterance
MYUC-1042.xml,MYUC-1042.wav,,113.575,116.042,ntǎ'àn inì-yù kúu ku'mî ñùñǔ kúu-ñà,ndã̌ʔã̀ inì jù kúu kumî ɲũ̀ɲũ̌ wã́ã,ndãʔã ini ju kuu kumi ɲũɲũ wãã,ndãʔã ini ju kuu kumi ɲũɲũ wãã,yes,whole-utterance
MYUC-1042.xml,MYUC-1042.wav,,116.201,118.447,ntàà tá luù ra ntsìtá'àn nchuà'a inì-yù ñàà,nt̪àà t̪á luù ra nzìt̪ã́ã̀ ndʒòʔa inì jù ɲàà,nt̪aa t̪a luu ra nzit̪ãã ndʒoʔa ini ju ɲaa,ntaa ta luu ra nzitãã nd͡ʒoʔa ini ju ɲaa,yes,whole-utterance
MYUC-1042.xml,MYUC-1042.wav,,118.935,121.000,tá ntáné'ê ñùñǔ á yokǒ á,t̪á ndánɛ́ʔɛ̂ ɲũ̀ɲũ̌ á jokǒ áá,t̪a ndanɛʔɛ ɲũɲũ a joko aa,ta ndanɛʔɛ ɲũɲũ a joko aa,yes,whole-utterance
MYUC-1042.xml,MYUC-1042.wav,,121.193,124.271,nchíì nchíì ñà nìkùu-ni ra ntsìtá'àn nchuà'a inì-yù,ndʒíì ndʒíì iʔ nɲà nìkùu ni ra ntzìt̪ã́ã̀ ntʒòʔa inì jù,ndʒii ndʒii iʔ nɲa nikuu ni ra ntzit̪ãã ntʒoʔa ini ju,nd͡ʒii nd͡ʒii iʔ nɲa nikuu ni ra ntzitãã ntʒoʔa ini ju,yes,whole-utterance
MYUC-1042.xml,MYUC-1042.wav,,124.288,125.296,kusíkî rì,kusíkî rì,kusiki ri,kusiki ri,yes,whole-utterance
MYUC-1042.xml,MYUC-1042.wav,,125.296,127.547,ntsìtá'àn nchuà'a inì-yù távâ ntǔxì luu--tí,nzìdã́ã̀ ndʒòʔa inì jù dávâ ndǔʃì luu t̪í,nzidãã ndʒoʔa ini ju dava nduʃi luu t̪i,nzidãã nd͡ʒoʔa ini ju dava nduʃi luu ti,yes,whole-utterance
MYUC-1042.xml,MYUC-1042.wav,,127.489,129.916,jara né'ê ntǔxì luu tsátsî tá tsíkà yukǔ,jara nɛ́ɛ̂ nt̪ǔʃì luu tsátsî t̬á tsíkà jukǔ,jara nɛɛ nt̪uʃi luu tsatsi t̬a tsika juku,jara nɛɛ ntuʃi luu t͡sat͡si t̬a t͡sika juku,yes,whole-utterance
MYUC-1042.xml,MYUC-1042.wav,,129.975,132.039,kuà'àn-yù nùǔ sànà-yù kuà'àn-yù ra,kwã̰̀ jù nũ̀ũ̌ sànà jù a kuã̰̀ jù ra,kwã̰ ju nũũ sana ju a kuã̰ ju ra,kwã̰ ju nũũ sana ju a kuã̰ ju ra,yes,whole-utterance
MYUC-1042.xml,MYUC-1042.wav,,131.961,133.650,ntáné'ê ñàà yòkò ra,ndánɛ́ʔɛ̂ ɲàà jòkò ra,ndanɛʔɛ ɲaa joko ra,ndanɛʔɛ ɲaa joko ra,yes,whole-utterance
MYUC-1042.xml,MYUC-1042.wav,,133.981,135.860,tsá'nchà-yù-ñà ra né'ê ntǔxì luu tsátsî,tsáʔndʒà jù àà nɛ̰́ɛ̰̂ ndǔʃì lu tsátsî,tsaʔndʒa ju aa nɛ̰ɛ̰ nduʃi lu tsatsi,t͡saʔnd͡ʒa ju aa nɛ̰ɛ̰ nduʃi lu t͡sat͡si,yes,whole-utterance
MYUC-1042.xml,MYUC-1042.wav,,135.885,137.809,cha iká kúu-ñà nìntǎ'vǐ-à inì-yù ñàà,iká wé nìnt̬ǎʔvǐ à inì jù à,ika we nint̬aʔvi a ini ju a,ika we nint̬aʔvi a ini ju a,yes,whole-utterance
MYUC-1042.xml,MYUC-1042.wav,,137.809,140.699,nìkùtoò-yù nìkùtoò-yù kúu ku'mî-tǐ,nìkùt̪oò jù nìkùt̪oò jù kúu kumî dǐ,nikut̪oo ju nikut̪oo ju kuu kumi di,nikutoo ju nikutoo ju kuu kumi di,yes,whole-utterance
MYUC-1042.xml,MYUC-1042.wav,,140.099,142.240,jara ñàà,jara ɲàà,jara ɲaa,jara ɲaa,yes,whole-utterance
MYUC-1042.xml,MYUC-1042.wav,,142.099,145.793,ntás... ntásan... ntsà'a chí'an-nà iin ñàà iin,ndá̰a̰ sə ndásɐann nnazà̰a̰ tʃíʔã nà ĩ́ĩ́ ɲàà ĩ́ĩ́,nda̰a̰ sə ndasɐann nnaza̰a̰ tʃiʔã na ĩĩ ɲaa ĩĩ,nda̰a̰ sə ndasɐann nnaza̰a̰ t͡ʃiʔã na ĩĩ ɲaa ĩĩ,yes,whole-utterance
MYUC-1042.xml,MYUC-1042.wav,,145.806,147.266,kájà luu-tí kúu ku'mî,káhà luu t̪í kúu kumî,kaha luu t̪i kuu kumi,kaha luu ti kuu kumi,yes,whole-utterance
MYUC-1042.xml,MYUC-1042.wav,,147.282,149.671,jara iká ra kuéên kuéên ra ntàkayà-tǐ,hara iká ra ku kuɛ̃́ɛ̃̂ ra ndàkajà dǐ,hara ika ra ku kuɛ̃ɛ̃ ra ndakaja di,hara ika ra ku kuɛ̃ɛ̃ ra ndakaja di,yes,whole-utterance
MYUC-1042.xml,MYUC-1042.wav,,151.500,152.964,ñà ntàà kúu-ñà michú'ni ñàà,ɲà ndàà wã́ã̂ mitʃúni ɲà,ɲa ndaa wãã mitʃuni ɲa,ɲa ndaa wãã mit͡ʃuni ɲa,yes,whole-utterance
MYUC-1042.xml,MYUC-1042.wav,,153.428,155.186,yòǒ ichî ñàà kǒo ñàà,jòǒ itʃî ɲà kǒo ɲà,joo itʃi ɲa koo ɲa,joo it͡ʃi ɲa koo ɲa,yes,whole-utterance
MYUC-1042.xml,MYUC-1042.wav,,155.186,156.174,kǒo,kǒo,koo,koo,yes,whole-utterance
MYUC-1042.xml,MYUC-1042.wav,,157.171,159.040,ñà katsí ñùñǔ luu yó'o ra,ɲà katsí ɲũ̀ɲũ̌ lʎó raa,ɲa katsi ɲũɲũ lʎo raa,ɲa kat͡si ɲũɲũ lʎo raa,yes,whole-utterance
MYUC-1042.xml,MYUC-1042.wav,,159.416,161.914,ñà ntàà meê ra mikǐ tù'vâ tâân ñà katsí,nɲà ndàà mɛɛ̂ a mikǐ t̬ùvâ t̪ã́ã̂ ɲà k̬atsíí,nɲa ndaa mɛɛ a miki t̬uva t̪ãã ɲa k̬atsii,nɲa ndaa mɛɛ a miki t̬uva tãã ɲa k̬at͡sii,yes,whole-utterance
MYUC-1042.xml,MYUC-1042.wav,,161.870,163.291,katsí-tí nti....,katsí t̪íí nt̬i,katsi t̪ii nt̬i,kat͡si tii nt̬i,yes,whole-utterance
MYUC-1042.xml,MYUC-1042.wav,,163.314,165.220,tsíní ñú'u tono ñà ká'àn kue,tsíɲũ ɲṹʔũ t̪onn ɲà kã̰́ã̰̀ wɛ,tsiɲũ ɲũʔũ t̪onn ɲa kã̰ã̰ wɛ,t͡siɲũ ɲũʔũ tonn ɲa kã̰ã̰ wɛ,yes,whole-utterance
MYUC-1042.xml,MYUC-1042.wav,,165.228,167.370,tò'ò yó'o kúu-ñà tsíní ñú'u kuà'a-kó,t̪òʔò jóʔo wã́ã tsí ɲũ̀ũ̌ kuàʔa ɣó,t̪oʔo joʔo wãã tsi ɲũũ kuaʔa ɣo,toʔo joʔo wãã t͡si ɲũũ kuaʔa ɣo,yes,whole-utterance
MYUC-1042.xml,MYUC-1042.wav,,167.765,170.133,ñà katsí-tí tavà koo-tí teèn meê ra,ɲà katsí t̪í t̪awà koo t̪í t̪ɛ̃ɛ̃̀ mɛɛ̂ ra,ɲa katsi t̪i t̪awa koo t̪i t̪ɛ̃ɛ̃ mɛɛ ra,ɲa kat͡si ti tawa koo ti tɛ̃ɛ̃ mɛɛ ra,yes,whole-utterance
MYUC-1042.xml,MYUC-1042.wav,,170.241,173.293,kuě kúnì-yù skâân ñùñǔ luu saán saán soo ñàà,"kwɛ̌ kúnì jù skã̂ã̂ ɲũ̀ɲũ̌ lu sãã́, sãã́ soo ɲàà","kwɛ kuni ju skãã ɲũɲũ lu sãã, sãã soo ɲaa","kwɛ kuni ju skãã ɲũɲũ lu sãã, sãã soo ɲaa",yes,whole-utterance
MYUC-1042.xml,MYUC-1042.wav,,173.464,174.896,ñà sá'à kúu-ñà tsákì soò ñàà,ɲà sáʔà wã́ã̂ tsákì soò ɲàà,ɲa saʔa wãã tsaki soo ɲaa,ɲa saʔa wãã t͡saki soo ɲaa,yes,whole-utterance
MYUC-1042.xml,MYUC-1042.wav,,175.039,176.546,ità luu katsí-tí á,it̪à lu k̬atsí t̪í áá,it̪a lu k̬atsi t̪i aa,ita lu k̬at͡si ti aa,yes,whole-utterance
MYUC-1042.xml,MYUC-1042.wav,,176.757,178.336,nchíì kuáchi suà'a luu ntu...,ndʒíì kwátʃi suàʔa lu nduu,ndʒii kwatʃi suaʔa lu nduu,nd͡ʒii kwat͡ʃi suaʔa lu nduu,yes,whole-utterance
MYUC-1042.xml,MYUC-1042.wav,,178.357,181.414,ntuvà á nchíì tsákì-yù ra iká kúu-ñà ntútútú-tí ra iká,và á ndʒíì tsákì kjù ra iká wã́ã̂ nt̬út̬út̬ú t̪í a iká,va a ndʒii tsaki kju ra ika wãã nt̬ut̬ut̬u t̪i a ika,va a nd͡ʒii t͡saki kju ra ika wãã nt̬ut̬ut̬u ti a ika,yes,whole-utterance
MYUC-1042.xml,MYUC-1042.wav,,181.577,182.444,iká tsítsá'an-tí,iká tsítsã́ã t̬í,ika tsitsãã t̬i,ika t͡sit͡sãã t̬i,yes,whole-utterance
MYUC-1042.xml,MYUC-1042.wav,,184.809,186.283,ñàà,ɲàààà,ɲaaaa,ɲaaaa,yes,whole-utterance
MYUC-1042.xml,MYUC-1042.wav,,186.635,188.528,tá nìkìtsáà ra jani kuě,t̪á nìkìtsáà ra hani kwɛ́ɛ̌,t̪a nikitsaa ra hani kwɛɛ,ta nikit͡saa ra hani kwɛɛ,yes,whole-utterance
MYUC-1042.xml,MYUC-1042.wav,,188.954,191.036,kuě nchíchì xèě-ni kuíî nùû rì tsà'ǎ ñà-ka,kwɛ̌ ndʒíʃì ʃɛ̀ɛ̌ ni kuíî nũ̀ũ̂ rì tsàǎ,kwɛ ndʒiʃi ʃɛɛ ni kuii nũũ ri tsaa,kwɛ nd͡ʒiʃi ʃɛɛ ni kuii nũũ ri t͡saa,yes,whole-utterance
MYUC-1042.xml,MYUC-1042.wav,,191.109,192.523,tono iin chuun ñàà,t̪ono ĩ́ĩ́ tʃũũ ɲàà,t̪ono ĩĩ tʃũũ ɲaa,tono ĩĩ t͡ʃũũ ɲaa,yes,whole-utterance
MYUC-1042.xml,MYUC-1042.wav,,192.735,195.646,tá'àn ntǎ'àn inì-yù sá'à víî ra tsà'ǎ ñà-ka kúu-ñà,t̪ã́ʔã̀ nt̪ã̌ʔã̀ inì jù sáʔà víî ra tsǎ ɲà wã́ã,t̪ãʔã nt̪ãʔã ini ju saʔa vii ra tsa ɲa wãã,tãʔã ntãʔã ini ju saʔa vii ra t͡sa ɲa wãã,yes,whole-utterance
MYUC-1042.xml,MYUC-1042.wav,,195.703,196.690,ñàà,ɲàà,ɲaa,ɲaa,yes,whole-utterance
MYUC-1042.xml,MYUC-1042.wav,,196.690,198.911,kuě nchíchì xèě kúu-ñà nìkùtù'và tavà,kwɛ̌ ntʃítʃì ʃɛ̀ɛ̌ wã́ã nìkùt̪ùʔvà t̪avà,kwɛ ntʃitʃi ʃɛɛ wãã nikut̪uʔva t̪ava,kwɛ nt͡ʃit͡ʃi ʃɛɛ wãã nikutuʔva tava,yes,whole-utterance
MYUC-1042.xml,MYUC-1042.wav,,199.476,201.029,kutù'và nixi tavâ-rǐ,kut̪ùβà niʃi t̬avâ rǐ,kut̪uβa niʃi t̬ava ri,kutuβa niʃi t̬ava ri,yes,whole-utterance
MYUC-1042.xml,MYUC-1042.wav,,203.246,204.462,ñà ntàà ra ñàà,ɲà ndàà ra ɲàà,ɲa ndaa ra ɲaa,ɲa ndaa ra ɲaa,yes,whole-utterance
MYUC-1042.xml,MYUC-1042.wav,,204.467,206.493,chuun luu-ka ra kuě nchíchì-ñà ra,tʃũũ luu ɣa ra kwɛ̌ nʒítʃì ɲà ra,tʃũũ luu ɣa ra kwɛ nʒitʃi ɲa ra,t͡ʃũũ luu ɣa ra kwɛ nʒit͡ʃi ɲa ra,yes,whole-utterance
MYUC-1042.xml,MYUC-1042.wav,,206.525,208.298,á kúu-nà ña'á á kúu-nà chàa,á kúu nà ɲa̰á ʔá ku nà tʃàa,a kuu na ɲa̰a ʔa ku na tʃaa,a kuu na ɲa̰a ʔa ku na t͡ʃaa,yes,whole-utterance
MYUC-1042.xml,MYUC-1042.wav,,208.298,209.380,ra kúu,ra kúuu,ra kuuu,ra kuuu,yes,whole-utterance
MYUC-1042.xml,MYUC-1042.wav,,209.380,212.359,kúu... kúu ku'mí-nà-tǐ ra kúu sáchúun-nà tsi-tí rì,kúuu kû kumí nà t̪ǐ ra kúu sátʃṹũ nà tsi t̪í rì,kuuu ku kumi na t̪i ra kuu satʃũũ na tsi t̪i ri,kuuu ku kumi na ti ra kuu sat͡ʃũũ na t͡si ti ri,yes,whole-utterance
MYUC-1042.xml,MYUC-1042.wav,,212.830,213.614,ñàà,ɲààà,ɲaaa,ɲaaa,yes,whole-utterance
MYUC-1042.xml,MYUC-1042.wav,,213.814,216.362,iin ñà ná mà yǔ'ù soo-nà-tǐ-ni ra kúu,ĩ́ĩ́ ɲà ná mà jǔʔù soo nà t̪ǐ ni raaa kúu,ĩĩ ɲa na ma juʔu soo na t̪i ni raaa kuu,ĩĩ ɲa na ma juʔu soo na ti ni raaa kuu,yes,whole-utterance
MYUC-1042.xml,MYUC-1042.wav,,218.989,221.731,"àjǎ, tá tsàà na'á ra saán-ni ntsìtsìkà","àhǎ, t̪ɐ́ɐ́ tsàà naʔá ra saã́ ni ntzìtsìkà","aha, t̪ɐɐ tsaa naʔa ra saã ni ntzitsika","aha, tɐɐ t͡saa naʔa ra saã ni ntzit͡sika",yes,whole-utterance
MYUC-1042.xml,MYUC-1042.wav,,221.741,224.394,iin sa'mǎ ncheé-ni... [tsi iin] ñàà,ĩ́ĩ́ĩ́ samǎ ndʒɛɛ́ ni nnnzə tsi ĩĩ ɲààà,ĩĩĩ sama ndʒɛɛ ni nnnzə tsi ĩĩ ɲaaa,ĩĩĩ sama nd͡ʒɛɛ ni nnnzə t͡si ĩĩ ɲaaa,yes,whole-utterance
MYUC-1042.xml,MYUC-1042.wav,,224.786,226.980,iin ñà kú ntǎsì nùǔ nchíì ñà nìkùu-ni,ĩ́ĩ́ ɲà kú ndǎsì nũ̀ũ̌ ndʒíì à nìkùu ni,ĩĩ ɲa ku ndasi nũũ ndʒii a nikuu ni,ĩĩ ɲa ku ndasi nũũ nd͡ʒii a nikuu ni,yes,whole-utterance
MYUC-1042.xml,MYUC-1042.wav,,226.980,228.368,ntsìtsásì-yù nùû ra,ntzìtzásì jù nũ̀ũ̂ ra,ntzitzasi ju nũũ ra,ntzitzasi ju nũũ ra,yes,whole-utterance
MYUC-1042.xml,MYUC-1042.wav,,228.368,230.181,vichi kúu ñàà vichi kúu-ñà ntàkuǎàn,vitʃi ɣú ɲà vitʃi wã́ã nt̪àkwǎã̀,vitʃi ɣu ɲa vitʃi wãã nt̪akwaã,vit͡ʃi ɣu ɲa vit͡ʃi wãã ntakwaã,yes,whole-utterance
MYUC-1042.xml,MYUC-1042.wav,,230.181,232.405,yéè kánkúun sa'mǎ ñàà,jɛ́ɛ̀ káŋkúũ samǎ ɲàà,jɛɛ kaŋkuũ sama ɲaa,jɛɛ kaŋkuũ sama ɲaa,yes,whole-utterance
MYUC-1042.xml,MYUC-1042.wav,,232.410,234.684,ñà kú ntsìtsó ñàà kú nkàa nùǔ-kó,ɲɲɲà kú ntsìtsó ɲààà kú ŋk̬àa nũ̀ũ̌ ɣó,ɲɲɲa ku ntsitso ɲaaa ku ŋk̬aa nũũ ɣo,ɲɲɲa ku nt͡sit͡so ɲaaa ku ŋk̬aa nũũ ɣo,yes,whole-utterance
MYUC-1042.xml,MYUC-1042.wav,,236.960,238.615,Yukúnanǐ yó'o ra,jukúnanǐ jóo ra,jukunani joo ra,jukunani joo ra,yes,whole-utterance
MYUC-1042.xml,MYUC-1042.wav,,239.001,241.142,ùnì tá'àn-kuê kúu-ñà sáchúun sáchúun,ùmì t̪ã́ã̀ wɛ̂ wã́ã sátʃṹũ sátʃṹũ,umi t̪ãã wɛ wãã satʃũũ satʃũũ,umi tãã wɛ wãã sat͡ʃũũ sat͡ʃũũ,yes,whole-utterance
MYUC-1042.xml,MYUC-1042.wav,,241.142,242.825,cha maestro Moisés,dʒaaa maɛst̪ro mɔisɛ́s,dʒaaa maɛst̪ro mɔisɛs,d͡ʒaaa maɛstro mɔisɛs,yes,whole-utterance
MYUC-1042.xml,MYUC-1042.wav,,242.836,243.998,Velasco tsi ñàà,βɛlasko tzii ɲàà,βɛlasko tzii ɲaa,βɛlasko tzii ɲaa,yes,whole-utterance
MYUC-1042.xml,MYUC-1042.wav,,244.749,248.138,Maurino Rodriguez ùnì tá'àn-kuê kúu-ñà sáchúun Yukúnanǐ yó'o,maurino rodrigɛs ùnì t̪ã́ã̀ wɛ̂ wã́ã sátʃṹũ jukúnanǐ jo,maurino rodrigɛs uni t̪ãã wɛ wãã satʃũũ jukunani jo,maurino rodrigɛs uni tãã wɛ wãã sat͡ʃũũ jukunani jo,yes,whole-utterance
MYUC-1042.xml,MYUC-1042.wav,,249.862,250.464,ñàà,ɲààà,ɲaaa,ɲaaa,yes,whole-utterance
MYUC-1042.xml,MYUC-1042.wav,,250.665,253.104,iin nùǔ kájà ra ñàà,ĩ́ĩ́ nũ̀ũ̌ káhà ra ɲààà,ĩĩ nũũ kaha ra ɲaaa,ĩĩ nũũ kaha ra ɲaaa,yes,whole-utterance
MYUC-1042.xml,MYUC-1042.wav,,254.221,257.860,nti'i-ni kue kájà yó'o ra tsíku'mí-à iin ñùñǔ luu kitǐ,ndiʔi nn wɛ kájà jo ra tsíkuʔmíà ĩ́ĩ́ ɲũ̀ɲũ̌ lu kit̪ǐíí,ndiʔi nn wɛ kaja jo ra tsikuʔmia ĩĩ ɲũɲũ lu kit̪iii,ndiʔi nn wɛ kaja jo ra t͡sikuʔmia ĩĩ ɲũɲũ lu kitiii,yes,whole-utterance
MYUC-1042.xml,MYUC-1042.wav,,257.865,259.487,kitǐ naní reina,kit̪ǐí naní reina,kit̪ii nani reina,kitii nani reina,yes,whole-utterance
MYUC-1042.xml,MYUC-1042.wav,,259.490,261.112,saán naní iin kitǐ kúu ntsá'nu,sã́ naní ĩ́ĩ́ kit̪ǐ kúu ntsáʔnũ,sã nani ĩĩ kit̪i kuu ntsaʔnũ,sã nani ĩĩ kiti kuu nt͡saʔnũ,yes,whole-utterance
MYUC-1042.xml,MYUC-1042.wav,,261.115,263.465,tsàà jara kú'mí síin tukì iin ñàà,tsàà hara kúʔmí sĩ́ĩ duk̬ì ĩ́ĩ́ĩ́ ɲàà,tsaa hara kuʔmi sĩĩ duk̬i ĩĩĩ ɲaa,t͡saa hara kuʔmi sĩĩ duk̬i ĩĩĩ ɲaa,yes,whole-utterance
MYUC-1042.xml,MYUC-1042.wav,,263.926,266.421,ñùñǔ kitǐ ntoo luu kitǐ íí ná kachǒ,ɲũ̀ɲũ̌ kit̪ǐ ndoo luu kit̪ǐ ííí náá dʒǒ,ɲũɲũ kit̪i ndoo luu kit̪i iii naa dʒo,ɲũɲũ kiti ndoo luu kiti iii naa d͡ʒo,yes,whole-utterance
MYUC-1042.xml,MYUC-1042.wav,,266.777,270.454,cha jara (ii...) kitǐ íí luu-ka ra iin tiémpù luu-ni tono iin,dʒa hara i kit̪ǐ ʔíí lu ɣa ra ĩ́ t̪jɛ̃́mpù lu ni t̪ono ĩ́ĩ́ĩ́,dʒa hara i kit̪i ʔii lu ɣa ra ĩ t̪jɛ̃mpu lu ni t̪ono ĩĩĩ,d͡ʒa hara i kiti ʔii lu ɣa ra ĩ tjɛ̃mpu lu ni tono ĩĩĩ,yes,whole-utterance
MYUC-1042.xml,MYUC-1042.wav,,270.621,272.760,yéè iin tiémpù luu-ni kúu-ñà tsíǒ-tí,jɛ́ɛ̀ ĩ́ĩ́ t̪jɛ́mpù luu ni wã́ã tsíǒ dí,jɛɛ ĩĩ t̪jɛmpu luu ni wãã tsio di,jɛɛ ĩĩ tjɛmpu luu ni wãã t͡sio di,yes,whole-utterance
MYUC-1042.xml,MYUC-1042.wav,,272.999,273.926,cha jara,dʒa hara,dʒa hara,d͡ʒa hara,no,whole-utterance
MYUC-1042.xml,MYUC-1042.wav,,273.998,274.843,ñàà,ɲààà,ɲaaa,ɲaaa,yes,whole-utterance
MYUC-1042.xml,MYUC-1042.wav,,274.862,276.106,takuà tsákì-tǐ tàtà,t̪awà tsákì t̪ǐ t̪àt̪à,t̪awa tsaki t̪i t̪at̪a,tawa t͡saki ti tata,yes,whole-utterance
MYUC-1042.xml,MYUC-1042.wav,,276.237,278.609,cha tá ntì'i jara (tsán) tsá'ní-kue-ì ñàà,tʃa dá nt̪ìʔi hara tsánn tsání kwì ɲàà,tʃa da nt̪iʔi hara tsann tsani kwi ɲaa,t͡ʃa da ntiʔi hara t͡sann t͡sani kwi ɲaa,yes,whole-utterance
MYUC-1042.xml,MYUC-1042.wav,,278.996,279.905,kue kitǐ íí-ka,wɛ kit̪ǐ íí ɣa,wɛ kit̪i ii ɣa,wɛ kiti ii ɣa,yes,whole-utterance
MYUC-1042.xml,MYUC-1042.wav,,279.905,281.299,cha ntôo tani ñàà,tʃa ndôo t̪ani ɲàà,tʃa ndoo t̪ani ɲaa,t͡ʃa ndoo tani ɲaa,yes,whole-utterance
MYUC-1042.xml,MYUC-1042.wav,,281.333,283.622,kitǐ kúu ntsá'nu-ka kitǐ tsákì ntivǐ-ka,kit̪ǐ kúu ntsáʔnũ ɣa kit̪ǐ tsákì nt̬ivǐ k̬a,kit̪i kuu ntsaʔnũ ɣa kit̪i tsaki nt̬ivi k̬a,kiti kuu nt͡saʔnũ ɣa kiti t͡saki nt̬ivi k̬a,yes,whole-utterance
MYUC-1042.xml,MYUC-1042.wav,,283.932,285.254,tsákì-tǐ ntivǐ,tsákì t̪ǐ ndivǐ,tsaki t̪i ndivi,t͡saki ti ndivi,yes,whole-utterance
MYUC-1042.xml,MYUC-1042.wav,,285.274,286.707,kuà'ǎ nchuà'à ntivǐ tsákì-tǐ,kuàã̌ ntʃòʔà ndivǐ tsákì t̪ǐ,kuaã ntʃoʔa ndivi tsaki t̪i,kuaã nt͡ʃoʔa ndivi t͡saki ti,yes,whole-utterance
MYUC-1042.xml,MYUC-1042.wav,,286.843,288.315,jara tá ntsìnu ra ntáku...,hara t̪á ntzìnu ra ndá,hara t̪a ntzinu ra nda,hara ta ntzinu ra nda,yes,whole-utterance
MYUC-1042.xml,MYUC-1042.wav,,289.115,290.487,tá kuà'àn nkua'nu ñàà,t̪á kwã̀ ŋkwanu ɲààà,t̪a kwã ŋkwanu ɲaaa,ta kwã ŋkwanu ɲaaa,yes,whole-utterance
MYUC-1042.xml,MYUC-1042.wav,,290.630,292.449,ítsí luu-ka jara ntákasì-tǐ,ítsí lu ɣa hara ndákasì dǐ,itsi lu ɣa hara ndakasi di,it͡si lu ɣa hara ndakasi di,yes,whole-utterance
MYUC-1042.xml,MYUC-1042.wav,,292.910,294.988,jara tá nìkěta iin,hara nn dá nìkɛ̌t̪a ĩ́ĩ́,hara nn da nikɛt̪a ĩĩ,hara nn da nikɛta ĩĩ,yes,whole-utterance
MYUC-1042.xml,MYUC-1042.wav,,294.991,296.830,kuàâ òkò kìǐ jara tâ'vǐ-tí,kwâ òkò k̬ìǐ hara t̪âvǐ t̬í,kwa oko k̬ii hara t̪avi t̬i,kwa oko k̬ii hara tavi t̬i,yes,whole-utterance
MYUC-1042.xml,MYUC-1042.wav,,296.858,298.834,tá ntǎ'vǐ-tí jara iká ra ñàà,t̪á ndǎvǐ dí hɛra iká ra ɲàà,t̪a ndavi di hɛra ika ra ɲaa,ta ndavi di hɛra ika ra ɲaa,yes,whole-utterance
MYUC-1042.xml,MYUC-1042.wav,,298.840,301.371,tatù ná ta'vǐ iinkàâ kitǐ kúu ntsá'nu-ka jara,t̪at̪ù ná t̪avǐ ĩŋk̬àâ kit̪ǐ kúu nzánu ɣa hara,t̪at̪u na t̪avi ĩŋk̬aa kit̪i kuu nzanu ɣa hara,tatu na tavi ĩŋk̬aa kiti kuu nzanu ɣa hara,yes,whole-utterance
MYUC-1042.xml,MYUC-1042.wav,,301.511,305.664,kú ntàsǎtútú tá'àn-tǐ iin iin xóó luu-tí jara ún nkee-tí kù'ùn-tǐ,kú ndàsǎt̪út̪ú t̪ã̰́ã̰̀ t̬ǐ ʔĩ́ĩ́ĩ́ ĩ́ĩ́ ʃóó lu t̪í hara ṹ ŋkɛɛ t̬í kũ̀ t̬ǐ,ku ndasat̪ut̪u t̪ã̰ã̰ t̬i ʔĩĩĩ ĩĩ ʃoo lu t̪i hara ũ ŋkɛɛ t̬i kũ t̬i,ku ndasatutu tã̰ã̰ t̬i ʔĩĩĩ ĩĩ ʃoo lu ti hara ũ ŋkɛɛ t̬i kũ t̬i,yes,whole-utterance
MYUC-1042.xml,MYUC-1042.wav,,307.211,307.762,ñàà,ɲàà,ɲaa,ɲaa,yes,whole-utterance
MYUC-1042.xml,MYUC-1042.wav,,308.081,309.181,ntàà kúu-ñà,ndàà wã́ã,ndaa wãã,ndaa wãã,yes,whole-utterance
MYUC-1042.xml,MYUC-1042.wav,,309.187,311.516,meê ra xíkò ntǔxì,mɛɛ̂ ra ʃíkò ndǔʃì,mɛɛ ra ʃiko nduʃi,mɛɛ ra ʃiko nduʃi,yes,whole-utterance
MYUC-1042.xml,MYUC-1042.wav,,311.595,313.512,ntǔxì ñàà,ndǔʃì ɲààà,nduʃi ɲaaa,nduʃi ɲaaa,yes,whole-utterance
MYUC-1042.xml,MYUC-1042.wav,,313.752,315.577,ntǔxì tsi ità,ndǔʃì tsi it̪à,nduʃi tsi it̪a,nduʃi t͡si ita,yes,whole-utterance
MYUC-1042.xml,MYUC-1042.wav,,315.577,317.642,kuě tsà'ǎ ñà-ka kǒo kue ñàà,kwɛ̌ ʔn tsã̀ã̌ kǒo wɛ ʔn ɲàà,kwɛ ʔn tsãã koo wɛ ʔn ɲaa,kwɛ ʔn t͡sãã koo wɛ ʔn ɲaa,yes,whole-utterance
MYUC-1042.xml,MYUC-1042.wav,,317.880,320.805,kue kàa kú'mî tavà tavâ mímeé ità ra ñàà,wɛ kàa kúʔmî dawà t̪avâ mímɛɛ́ it̪à ra ɲà,wɛ kaa kuʔmi dawa t̪ava mimɛɛ it̪a ra ɲa,wɛ kaa kuʔmi dawa tava mimɛɛ ita ra ɲa,yes,whole-utterance
MYUC-1042.xml,MYUC-1042.wav,,320.805,322.169,sá'a soò kúu-ñà,sáa soò wã́ã,saa soo wãã,saa soo wãã,yes,whole-utterance
MYUC-1042.xml,MYUC-1042.wav,,322.378,323.748,tá yòǒ ñàà,t̬á jòǒ ɲàà,t̬a joo ɲaa,t̬a joo ɲaa,yes,whole-utterance
MYUC-1042.xml,MYUC-1042.wav,,324.104,326.477,tá yòǒ kúmǎní-kà kítsáá ntǔxì ra,t̪á jòǒ kúmǎní k̬à kítsáá ndǔʃì ra,t̪a joo kumani k̬a kitsaa nduʃi ra,ta joo kumani k̬a kit͡saa nduʃi ra,yes,whole-utterance
MYUC-1042.xml,MYUC-1042.wav,,326.488,327.029,távâ,t̬ávâ,t̬ava,t̬ava,yes,whole-utterance
MYUC-1042.xml,MYUC-1042.wav,,327.037,328.496,távâ ñàà ità luu-ka,t̪ávâ ɲàà it̪à lu a,t̪ava ɲaa it̪a lu a,tava ɲaa ita lu a,yes,whole-utterance
MYUC-1042.xml,MYUC-1042.wav,,328.881,332.798,jara takuà ità luu-ka ra xíko síìn ità luu-ka ra ñàà,hara t̪awà it̪à lu a ra ʃíko sĩ́ĩ̀ it̪à lu kaaa it̬à ɲààà,hara t̪awa it̪a lu a ra ʃiko sĩĩ it̪a lu kaaa it̬a ɲaaa,hara tawa ita lu a ra ʃiko sĩĩ ita lu kaaa it̬a ɲaaa,yes,whole-utterance
MYUC-1042.xml,MYUC-1042.wav,,332.811,335.493,rì ità luu-ka ra kuà'ǎ nchuà'a nùǔ kuè'è và'î,t̬ì it̪à lu ɣa ra kwàǎ ndʒòʔa nũ̀ũ̌ kwɛ̀ʔɛ̀ vàʔîii,t̬i it̪a lu ɣa ra kwaa ndʒoʔa nũũ kwɛʔɛ vaʔiii,t̬i ita lu ɣa ra kwaa nd͡ʒoʔa nũũ kwɛʔɛ vaʔiii,yes,whole-utterance
MYUC-1042.xml,MYUC-1042.wav,,336.085,337.176,và'î ñàà,vàʔî ɲààà,vaʔi ɲaaa,vaʔi ɲaaa,yes,whole-utterance
MYUC-1042.xml,MYUC-1042.wav,,337.187,338.140,kue nà,kwɛ nààà,kwɛ naaa,kwɛ naaa,yes,whole-utterance
MYUC-1042.xml,MYUC-1042.wav,,338.152,340.687,ntúvìxì nìǐ á kue nà ñàà,dúvìʃì nìǐ á wɛ nà ɲààà,duviʃi nii a wɛ na ɲaaa,duviʃi nii a wɛ na ɲaaa,yes,whole-utterance
MYUC-1042.xml,MYUC-1042.wav,,343.809,343.864,ñà kúu,ɲà kúu,ɲa kuu,ɲa kuu,yes,whole-utterance
MYUC-1042.xml,MYUC-1042.wav,,343.872,347.083,nchíì ké'en ké'en nùǔ ké'en nchuà'a nùǔ kuè'è và'î ra,ndʒíì kɛ̃́ɛ̃ kɛ̃́ɛ̃ nũ̀ũ̌ kɛ̃́ɛ̃ ndʒòʔa nũ̀ũ̌ kwɛ̀ʔɛ̀ vàʔî ra,ndʒii kɛ̃ɛ̃ kɛ̃ɛ̃ nũũ kɛ̃ɛ̃ ndʒoʔa nũũ kwɛʔɛ vaʔi ra,nd͡ʒii kɛ̃ɛ̃ kɛ̃ɛ̃ nũũ kɛ̃ɛ̃ nd͡ʒoʔa nũũ kwɛʔɛ vaʔi ra,yes,whole-utterance
MYUC-1042.xml,MYUC-1042.wav,,347.135,348.388,ñà kúu,ɲà kúuu,ɲa kuuu,ɲa kuuu,yes,whole-utterance
MYUC-1042.xml,MYUC-1042.wav,,348.405,350.540,tsà'ǎ ñà-ka kúu-ñà ntǔ'vâ xíkò ñàà,tzàǎ ɲà wã́ã mm ndǔvâ ʃíkò ɲààà,tzaa ɲa wãã mm nduva ʃiko ɲaaa,tzaa ɲa wãã mm nduva ʃiko ɲaaa,yes,whole-utterance
MYUC-1042.xml,MYUC-1042.wav,,350.952,354.281,ntǔxì ntǔxì ntùvà'a á ntǔxì kêe ñàà,ndǔʃì ndǔʃì ndùvàʔa á ndǔʃì kɛ̂ɛ ɲààà,nduʃi nduʃi nduvaʔa a nduʃi kɛɛ ɲaaa,nduʃi nduʃi nduvaʔa a nduʃi kɛɛ ɲaaa,yes,whole-utterance
MYUC-1042.xml,MYUC-1042.wav,,354.664,355.641,asúkàr á nchíì-ka,asúkàr á ndʒíì k̬a,asukar a ndʒii k̬a,asukar a nd͡ʒii k̬a,yes,whole-utterance
MYUC-1042.xml,MYUC-1042.wav,,355.643,356.799,mímeé ntǔxì và'a,mímɛɛ́ nt̪ǔʃì vàʔa,mimɛɛ nt̪uʃi vaʔa,mimɛɛ ntuʃi vaʔa,yes,whole-utterance
MYUC-1042.xml,MYUC-1042.wav,,357.177,359.324,xíkò tavà ñàà,ʃíkò davààà ɲààà,ʃiko davaaa ɲaaa,ʃiko davaaa ɲaaa,yes,whole-utterance
MYUC-1042.xml,MYUC-1042.wav,,359.417,360.555,rì tsà'ǎ ñà-ka tsînì-yù ñàà,rì tsàǎ tsînì jù àà,ri tsaa tsini ju aa,ri t͡saa t͡sini ju aa,yes,whole-utterance
MYUC-1042.xml,MYUC-1042.wav,,360.749,361.432,và'î ra,vàʔî ra,vaʔi ra,vaʔi ra,yes,whole-utterance
MYUC-1042.xml,MYUC-1042.wav,,361.432,362.251,kuà'ǎ nchuà'a nivǐ ra,kwàǎ ndʒòʔa nivǐ ra,kwaa ndʒoʔa nivi ra,kwaa nd͡ʒoʔa nivi ra,yes,whole-utterance
MYUC-1042.xml,MYUC-1042.wav,,362.251,364.684,ká'àn tuku-nà tsà'î á meé ñùñǔ luu-ka ra,kã́ã̰̀ t̪uu nà tzàʔî ʔá mɛɛ́ ɲũ̀ɲũ̌ lu k̬a ra,kãã̰ t̪uu na tzaʔi ʔa mɛɛ ɲũɲũ lu k̬a ra,kãã̰ tuu na tzaʔi ʔa mɛɛ ɲũɲũ lu k̬a ra,yes,whole-utterance
MYUC-1042.xml,MYUC-1042.wav,,364.984,366.334,ñùñǔ luu-ka ra và'a nchuì'î,ɲũ̀ɲũ̌ lu k̬a ra vàa ntʃùʔî,ɲũɲũ lu k̬a ra vaa ntʃuʔi,ɲũɲũ lu k̬a ra vaa nt͡ʃuʔi,yes,whole-utterance
MYUC-1042.xml,MYUC-1042.wav,,366.340,368.279,tá kue nà kú'ù kòntò á,t̪ááá wɛ nà kúù kònt̪ò á,t̪aaa wɛ na kuu kont̪o a,taaa wɛ na kuu konto a,yes,whole-utterance
MYUC-1042.xml,MYUC-1042.wav,,368.624,369.343,ñàà,ɲààà,ɲaaa,ɲaaa,yes,whole-utterance
MYUC-1042.xml,MYUC-1042.wav,,369.418,371.481,tsîso á tâ'vǐ tsà'ǎ-nà ra,tsîso á t̪âvǐ tsàʔǎ nà ra,tsiso a t̪avi tsaʔa na ra,t͡siso a tavi t͡saʔa na ra,yes,whole-utterance
MYUC-1042.xml,MYUC-1042.wav,,371.584,372.326,và'a nchuà'a iñǔ,vàa̰ ndʒòʔa iɲǔ,vaa̰ ndʒoʔa iɲu,vaa̰ nd͡ʒoʔa iɲu,yes,whole-utterance
MYUC-1042.xml,MYUC-1042.wav,,372.407,373.179,ñùñǔ luu-ka,ɲũ̀ɲũ̌ lu k̬a,ɲũɲũ lu k̬a,ɲũɲũ lu k̬a,yes,whole-utterance
MYUC-1042.xml,MYUC-1042.wav,,373.152,374.251,tá ntsà'àn-yù Ñuù ra,t̪ã̀ ntsã̀ã̀ jù ɲũũ̀ ra,t̪ã ntsãã ju ɲũũ ra,tã nt͡sãã ju ɲũũ ra,yes,whole-utterance
MYUC-1042.xml,MYUC-1042.wav,,374.257,375.416,kuà'ǎ nchuà'a kue nà,kuàǎ ndʒòʔa wɛ nààà,kuaa ndʒoʔa wɛ naaa,kuaa nd͡ʒoʔa wɛ naaa,yes,whole-utterance
MYUC-1042.xml,MYUC-1042.wav,,375.520,376.972,tsíkanuu nùǔ yà'vi-ka ra,tsíkanuu nũ̀ũ̌ jàʔvi jɛ ra,tsikanuu nũũ jaʔvi jɛ ra,t͡sikanuu nũũ jaʔvi jɛ ra,yes,whole-utterance
MYUC-1042.xml,MYUC-1042.wav,,377.077,380.358,ntsìkà kánkúun-nà ñùñǔ luu tavà nchìntu'ú-nà tsà'ǎ-nà tavà,ntsìkà káŋkṹũ nà ɲũ̀ɲũ̌ du dawà ndʒìnt̪uú nà tsàʔǎ nà dawà,ntsika kaŋkũũ na ɲũɲũ du dawa ndʒint̪uu na tsaʔa na dawa,nt͡sika kaŋkũũ na ɲũɲũ du dawa nd͡ʒintuu na t͡saʔa na dawa,yes,whole-utterance
MYUC-1042.xml,MYUC-1042.wav,,381.255,382.451,ntuvà'a nta'á-nà,nduvàʔa ndaʔááá,nduvaʔa ndaʔaaa,nduvaʔa ndaʔaaa,yes,whole-utterance
MYUC-1042.xml,MYUC-1042.wav,,382.463,384.270,ntuvà'a nta'á-nà á ntuvà'a tsà'ǎ-nà ra,nduvàa ndaʔá nà ʔá nduvàʔa tsàʔǎ nà ra,nduvaa ndaʔa na ʔa nduvaʔa tsaʔa na ra,nduvaa ndaʔa na ʔa nduvaʔa t͡saʔa na ra,yes,whole-utterance
MYUC-1042.xml,MYUC-1042.wav,,384.488,386.254,chuun-ka kúu-ñà và'a ñàà,tʃjũũ k̬a wã́ã vàʔa ɲàà,tʃjũũ k̬a wãã vaʔa ɲaa,t͡ʃjũũ k̬a wãã vaʔa ɲaa,yes,whole-utterance
MYUC-1042.xml,MYUC-1042.wav,,386.262,387.288,ñùñǔ luu-ka,ɲũ̀ɲũ̌ luu ɛ,ɲũɲũ luu ɛ,ɲũɲũ luu ɛ,yes,whole-utterance
MYUC-1042.xml,MYUC-1042.wav,,389.711,391.274,ñà ntàà ra ñàà,ɲàà ndàà ra ɲàà,ɲaa ndaa ra ɲaa,ɲaa ndaa ra ɲaa,yes,whole-utterance
MYUC-1042.xml,MYUC-1042.wav,,391.662,392.666,ñùñǔ luu-ka ra,ɲũ̀ɲũ̌ luu k̬a ra,ɲũɲũ luu k̬a ra,ɲũɲũ luu k̬a ra,yes,whole-utterance
MYUC-1042.xml,MYUC-1042.wav,,393.147,394.676,kuà'ǎ nchuà'a chincheé-tí tatù,kuàǎ ndʒùʔa tʃintʃɛɛ́ t̪í t̪at̪ù,kuaa ndʒuʔa tʃintʃɛɛ t̪i t̪at̪u,kuaa nd͡ʒuʔa t͡ʃint͡ʃɛɛ ti tatu,yes,whole-utterance
MYUC-1042.xml,MYUC-1042.wav,,395.088,396.944,ñàà tatù ná sá'a-kó ñàà,ɲàà t̪at̪ù ná sáa ɣó ɲàà,ɲaa t̪at̪u na saa ɣo ɲaa,ɲaa tatu na saa ɣo ɲaa,yes,whole-utterance
MYUC-1042.xml,MYUC-1042.wav,,397.099,398.090,kaa-kà kò'ǒn,kaa k̬à kõ̰̀õ̰̌,kaa k̬a kõ̰õ̰,kaa k̬a kõ̰õ̰,yes,whole-utterance
MYUC-1042.xml,MYUC-1042.wav,,398.090,399.979,kuà'ǎ-kà kájà kúu ku'mǎ kuà'ǎ-kà ra,kuàʔǎ kà kájà kúu kumǎ kuà̰ǎ̰ ɣà ra,kuaʔa ka kaja kuu kuma kua̰a̰ ɣa ra,kuaʔa ka kaja kuu kuma kua̰a̰ ɣa ra,yes,whole-utterance
MYUC-1042.xml,MYUC-1042.wav,,400.143,403.891,kuà'ǎ nchuà'a kúu kaa kò'ǒn tsi-tí rì kitǐ-ka ra yéè xǔ'un luu-tí yéè,kuàǎ ndʒòʔa kúu kaa kõ̀ʔõ̌ tsi t̪í rì kit̪ǐ k̬a ra jɛ́ɛ̀ ʃũ̌ʔũ lu t̪í jɛ́ɛ̀,kuaa ndʒoʔa kuu kaa kõʔõ tsi t̪i ri kit̪i k̬a ra jɛɛ ʃũʔũ lu t̪i jɛɛ,kuaa nd͡ʒoʔa kuu kaa kõʔõ t͡si ti ri kiti k̬a ra jɛɛ ʃũʔũ lu ti jɛɛ,yes,whole-utterance
MYUC-1042.xml,MYUC-1042.wav,,404.829,408.188,kuě tsíní ñú'u kuà'ǎ xèě ñàà xǔ'un chí'ó tìtsi-tí ra,kwɛ̌ tsíɲú ɲúu kwà̰ǎ̰ ʃɛ̀ɛ̌ ɲàà ʃũ̌ũ tʃíʔó t̪ìtsi t̪í raaa,kwɛ tsiɲu ɲuu kwa̰a̰ ʃɛɛ ɲaa ʃũũ tʃiʔo t̪itsi t̪i raaa,kwɛ t͡siɲu ɲuu kwa̰a̰ ʃɛɛ ɲaa ʃũũ t͡ʃiʔo tit͡si ti raaa,yes,whole-utterance
MYUC-1042.xml,MYUC-1042.wav,,408.689,410.014,n... kuà'ǎ nchuà'a chincheé-tí yóó ra,kuàǎ ndʒòʔa tʃintʃɛɛ́ t̬í jóó ra,kuaa ndʒoʔa tʃintʃɛɛ t̬i joo ra,kuaa nd͡ʒoʔa t͡ʃint͡ʃɛɛ t̬i joo ra,yes,whole-utterance
MYUC-1042.xml,MYUC-1042.wav,,410.725,413.510,kúu tsìnù-kǒ kúu kòo iin nivǐ iin nà,kúu tsìnù k̬ǒ kú kòo ĩ́ĩ́ nivǐ ĩ́ĩ́ nà,kuu tsinu k̬o ku koo ĩĩ nivi ĩĩ na,kuu t͡sinu k̬o ku koo ĩĩ nivi ĩĩ na,yes,whole-utterance
MYUC-1042.xml,MYUC-1042.wav,,414.084,416.047,iin nà kuíka iin nà,ĩ́ĩ́ nà kwíka ĩ́ĩ́ nà,ĩĩ na kwika ĩĩ na,ĩĩ na kwika ĩĩ na,yes,whole-utterance
MYUC-1042.xml,MYUC-1042.wav,,416.240,417.148,te takuà,t̪ɛ t̪awà,t̪ɛ t̪awa,tɛ tawa,yes,whole-utterance
MYUC-1042.xml,MYUC-1042.wav,,417.251,419.051,kúu kòo ñà-ka ra tsíní ñú'u,kúu kòo ɲà ka ra tsíní ɲṹɲũũũ,kuu koo ɲa ka ra tsini ɲũɲũũũ,kuu koo ɲa ka ra t͡sini ɲũɲũũũ,yes,whole-utterance
MYUC-1042.xml,MYUC-1042.wav,,419.382,419.598,kua...,kwan,kwan,kwan,no,whole-utterance
MYUC-1042.xml,MYUC-1042.wav,,419.974,421.390,kuà'a-kó tiémpù-kǒ,kuàʔa ɣó t̪jémpù ɣǒ,kuaʔa ɣo t̪jempu ɣo,kuaʔa ɣo tjempu ɣo,yes,whole-utterance
MYUC-1042.xml,MYUC-1042.wav,,421.390,422.795,sáchóón tsi-tí ra takuà,sátʃṹṹ tsi t̪í ra t̪awà,satʃũũ tsi t̪i ra t̪awa,sat͡ʃũũ t͡si ti ra tawa,yes,whole-utterance
MYUC-1042.xml,MYUC-1042.wav,,422.795,423.943,tsìnù-kǒ iin,tsìnũ̀ ɣǒ ĩ́ĩ́,tsinũ ɣo ĩĩ,t͡sinũ ɣo ĩĩ,yes,whole-utterance
MYUC-1042.xml,MYUC-1042.wav,,424.019,424.689,iin,ĩ́ĩ́,ĩĩ,ĩĩ,yes,whole-utterance
MYUC-1042.xml,MYUC-1042.wav,,424.700,425.637,kaa-kó kò'ǒn,kaa ɣǒ kõ̀õ̌,kaa ɣo kõõ,kaa ɣo kõõ,yes,whole-utterance
MYUC-1042.xml,MYUC-1042.wav,,427.570,428.944,ñàà atù,ɲàà at̪ùùù,ɲaa at̪uuu,ɲaa atuuu,yes,whole-utterance
MYUC-1042.xml,MYUC-1042.wav,,432.199,434.769,chíí nùǔ-kà ra atù Sto'ò Nchúxì ná chincheé ra,tʃíí nũ̀ũ̌ k̬à ra at̪ù st̪oò ndʒúʃì ná tʃintʃɛɛ́ raaa,tʃii nũũ k̬a ra at̪u st̪oo ndʒuʃi na tʃintʃɛɛ raaa,t͡ʃii nũũ k̬a ra atu stoo nd͡ʒuʃi na t͡ʃint͡ʃɛɛ raaa,yes,whole-utterance
MYUC-1042.xml,MYUC-1042.wav,,434.999,437.303,kúu kaa-kà-yù kù'ùn-yù ra ratù nchíì,kúu kaa k̬à jù kũ̀ũ̀ jù ra dadù ntʃíì,kuu kaa k̬a ju kũũ ju ra dadu ntʃii,kuu kaa k̬a ju kũũ ju ra dadu nt͡ʃii,yes,whole-utterance
MYUC-1042.xml,MYUC-1042.wav,,437.306,438.399,iin nchíì kue nà,ĩ́ĩ́ ntʃíì wɛ nà,ĩĩ ntʃii wɛ na,ĩĩ nt͡ʃii wɛ na,yes,whole-utterance
MYUC-1042.xml,MYUC-1042.wav,,438.405,439.994,kútoò kutù'va,kút̪oò kut̪ùβa,kut̪oo kut̪uβa,kutoo kutuβa,yes,whole-utterance
MYUC-1042.xml,MYUC-1042.wav,,440.228,441.128,kùnì,kúnîìì,kuniii,kuniii,yes,whole-utterance
MYUC-1042.xml,MYUC-1042.wav,,441.136,442.088,kutù'va ra,kut̪ùβa ra,kut̪uβa ra,kutuβa ra,yes,whole-utterance
MYUC-1042.xml,MYUC-1042.wav,,442.092,445.629,kúu kitsi-kue-ní ra ná chincheé tá'ǎn ná sná'a nùǔ tsi tá'ǎn takuà,kúu kitsi wɛ ní ra ná tʃintʃɛɛ́ t̪ã́ʔã̌ ná snǎ nũ̀ũ̌ tsi t̪áʔã̌ t̪awà,kuu kitsi wɛ ni ra na tʃintʃɛɛ t̪ãʔã na sna nũũ tsi t̪aʔã t̪awa,kuu kit͡si wɛ ni ra na t͡ʃint͡ʃɛɛ tãʔã na sna nũũ t͡si taʔã tawa,yes,whole-utterance
MYUC-1042.xml,MYUC-1042.wav,,445.848,447.151,kúu kaa kò'ǒn,kúu kaa kõ̰̀õ̰̌,kuu kaa kõ̰õ̰,kuu kaa kõ̰õ̰,yes,whole-utterance
MYUC-1042.xml,MYUC-1042.wav,,449.723,450.224,ñàà,ɲàà,ɲaa,ɲaa,yes,whole-utterance
MYUC-1042.xml,MYUC-1042.wav,,450.240,451.186,ratù ñàà,at̪ù ààà,at̪u aaa,atu aaa,yes,whole-utterance
MYUC-1042.xml,MYUC-1042.wav,,451.186,452.742,ná ñà kúu,ná ɲà kúuu,na ɲa kuuu,na ɲa kuuu,yes,whole-utterance
MYUC-1042.xml,MYUC-1042.wav,,453.240,455.166,kuítâ-yù sáchúùn tsi-tí ra,kuít̪â jù sátʃíṹũ̀ tsi t̪í ra,kuit̪a ju satʃiũũ tsi t̪i ra,kuita ju sat͡ʃiũũ t͡si ti ra,yes,whole-utterance
MYUC-1042.xml,MYUC-1042.wav,,455.721,458.277,ñà tá'àn-kà inì-yù sáchúùn michú'ni kúu ñàà,ɲà t̪ã́ã̀ k̬à inì jù sátʃṹũ̀ mitʃúni ɣúu ɲààà,ɲa t̪ãã k̬a ini ju satʃũũ mitʃuni ɣuu ɲaaa,ɲa tãã k̬a ini ju sat͡ʃũũ mit͡ʃuni ɣuu ɲaaa,yes,whole-utterance
MYUC-1042.xml,MYUC-1042.wav,,458.925,460.295,ñàà,ɲààà,ɲaaa,ɲaaa,yes,whole-utterance
MYUC-1042.xml,MYUC-1042.wav,,460.619,461.530,kámpù,kámpù,kampu,kampu,yes,whole-utterance
MYUC-1042.xml,MYUC-1042.wav,,461.601,462.653,ñà sáchúùn,ɲà sátʃṹũ̀n,ɲa satʃũũn,ɲa sat͡ʃũũn,yes,whole-utterance
MYUC-1042.xml,MYUC-1042.wav,,463.073,466.507,kakì-yù tìnanǎ ñà-ka kúu-ñà tá'àn inì-yù teèn ñùñǔ-ka ra mikǐ,kakì jù t̪ìnanǎ ɲà ɣ wã̂ kúu ɲà t̪ã́ã̀ inì jù t̪ɛɛ̃̀ ɲũ̀ɲũ̌ ɣa ra mikǐ,kaki ju t̪inana ɲa ɣ wã kuu ɲa t̪ãã ini ju t̪ɛɛ̃ ɲũɲũ ɣa ra miki,kaki ju tinana ɲa ɣ wã kuu ɲa tãã ini ju tɛɛ̃ ɲũɲũ ɣa ra miki,yes,whole-utterance
MYUC-1042.xml,MYUC-1042.wav,,466.692,468.095,kúu nàâ inì-yù tsi-tí,kúu nàâ inì jù tsi t̪í,kuu naa ini ju tsi t̪i,kuu naa ini ju t͡si ti,yes,whole-utterance
MYUC-1042.xml,MYUC-1042.wav,,469.444,471.547,ñàà michú'ni ra ñùñǔ luu ra kán-,ɲàà mitʃúʔni ra ɲũ̀ɲũ̌ luu ra kan,ɲaa mitʃuʔni ra ɲũɲũ luu ra kan,ɲaa mit͡ʃuʔni ra ɲũɲũ luu ra kan,yes,whole-utterance
MYUC-1042.xml,MYUC-1042.wav,,471.547,473.977,kántú'ú-tí nùǔ ñu'ú má-yù kántú'ú-tí ra,kánt̪úú t̪í nũ̀ũ̌ ɲũɲṹ má jù kánt̪ú t̪í ra,kant̪uu t̪i nũũ ɲũɲũ ma ju kant̪u t̪i ra,kantuu ti nũũ ɲũɲũ ma ju kantu ti ra,yes,whole-utterance
MYUC-1042.xml,MYUC-1042.wav,,474.321,475.214,ñàà,ɲààà,ɲaaa,ɲaaa,yes,whole-utterance
MYUC-1042.xml,MYUC-1042.wav,,476.276,476.651,cha,tʃa,tʃa,t͡ʃa,no,whole-utterance
MYUC-1042.xml,MYUC-1042.wav,,476.662,479.425,ñùñǔ luu-ka ra tsíní ñú'u kúku'mí-kó-tí iin ñàà,ɲũ̀ɲũ̌ lu k̬a ra tsí ɲúɲu kúkumí ɣó t̪í ĩ́ĩ́ ɲààà,ɲũɲũ lu k̬a ra tsi ɲuɲu kukumi ɣo t̪i ĩĩ ɲaaa,ɲũɲũ lu k̬a ra t͡si ɲuɲu kukumi ɣo ti ĩĩ ɲaaa,yes,whole-utterance
MYUC-1042.xml,MYUC-1042.wav,,479.947,481.276,tsàà tsíka luu nùǔ ínkáà,tsà tsíka lu nũ̀ ĩ́ŋkáà,tsa tsika lu nũ ĩŋkaa,t͡sa t͡sika lu nũ ĩŋkaa,yes,whole-utterance
MYUC-1042.xml,MYUC-1042.wav,,481.288,483.784,ichǐ á nùǔ íin ve'e-nà á,itʃǐ ááá nnnũ̀ ĩ́ vɛʔɛ nà ʔááá,itʃi aaa nnnũ ĩ vɛʔɛ na ʔaaa,it͡ʃi aaa nnnũ ĩ vɛʔɛ na ʔaaa,yes,whole-utterance
MYUC-1042.xml,MYUC-1042.wav,,483.891,484.695,ñàà,ɲààà,ɲaaa,ɲaaa,yes,whole-utterance
MYUC-1042.xml,MYUC-1042.wav,,485.280,488.640,ra tsàà tsíka luu tsíní ñú'u kuíin-tí ra tsà'ǎ ñà-ka kúu-ñà nchàà yukǔ kú'mî-tǐ,ra tsà tsíka lu tsíɲú ɲú kwĩ́ĩ t̪í ra tsǎ ɲàwã́ã ntʃàà jukǔ kúmî t̪ǐ,ra tsa tsika lu tsiɲu ɲu kwĩĩ t̪i ra tsa ɲawãã ntʃaa juku kumi t̪i,ra t͡sa t͡sika lu t͡siɲu ɲu kwĩĩ ti ra t͡sa ɲawãã nt͡ʃaa juku kumi ti,yes,whole-utterance
MYUC-1042.xml,MYUC-1042.wav,,488.640,491.373,michú'ni ntóyo ùvì-tǐ yachi nùǔ yéè-yù teèn,mitʃúni ndójo ùvì t̪ǐ jatʃi nũ̀ jɛ́ɛ̀ jù dɛɛ̀,mitʃuni ndojo uvi t̪i jatʃi nũ jɛɛ ju dɛɛ,mit͡ʃuni ndojo uvi ti jat͡ʃi nũ jɛɛ ju dɛɛ,yes,whole-utterance
MYUC-1042.xml,MYUC-1042.wav,,491.743,493.703,tsàà yachi kú skǎntà-yù-tǐ kù'ùn-tǐ rì,tsà jatʃi kú skǎndà jù t̪ǐ kùʔũ̀ t̪ǐ rì,tsa jatʃi ku skanda ju t̪i kuʔũ t̪i ri,t͡sa jat͡ʃi ku skanda ju ti kuʔũ ti ri,yes,whole-utterance
MYUC-1042.xml,MYUC-1042.wav,,494.979,494.936,ñàà,ɲàà,ɲaa,ɲaa,yes,whole-utterance
MYUC-1042.xml,MYUC-1042.wav,,495.433,498.347,tsíní ñú'u kántú'ú-tí nùǔ nùǔ tsíka luu nùǔ yéè-nà,tsí ɲũ̀ɲũ̂ kánt̪ú t̪í nũ̀ũ̌ nũ̀ũ̌ tsíka lu nũ̀ũ̌ jɛ́ɛ̀ nà,tsi ɲũɲũ kant̪u t̪i nũũ nũũ tsika lu nũũ jɛɛ na,t͡si ɲũɲũ kantu ti nũũ nũũ t͡sika lu nũũ jɛɛ na,yes,whole-utterance
MYUC-1042.xml,MYUC-1042.wav,,498.355,499.481,tsi ichǐ,tsi itʃǐ,tsi itʃi,t͡si it͡ʃi,yes,whole-utterance
MYUC-1042.xml,MYUC-1042.wav,,501.084,503.899,ñàà ñùñǔ luu-ka ra ñà tá'àn inì-à kúu ñàà,ɲàà ɲũ̀ɲũ̌ lu k̬a ra ɲà t̪ã́ã̀ ĩ ɲà kúu ɲàà,ɲaa ɲũɲũ lu k̬a ra ɲa t̪ãã ĩ ɲa kuu ɲaa,ɲaa ɲũɲũ lu k̬a ra ɲa tãã ĩ ɲa kuu ɲaa,yes,whole-utterance
MYUC-1042.xml,MYUC-1042.wav,,505.596,506.059,ntuv-,nt̪uβ,nt̪uβ,ntuβ,no,whole-utterance
MYUC-1042.xml,MYUC-1042.wav,,506.059,507.059,ntuvà,nduvààà,nduvaaa,nduvaaa,yes,whole-utterance
MYUC-1042.xml,MYUC-1042.wav,,508.858,508.824,ntuvà kúu-ñà tá'àn nchuà'a inì-tǐ,nt̪uvà kúu ɲà t̪ã́ã̀ ndʒà̰ inì dǐ,nt̪uva kuu ɲa t̪ãã ndʒa̰ ini di,ntuva kuu ɲa tãã nd͡ʒa̰ ini di,yes,whole-utterance
MYUC-1042.xml,MYUC-1042.wav,,509.194,512.056,tsi ñàà mastántsià-ka tsi ñà kúu,tsi ɲàà mast̪ã́nsià k̬a,tsi ɲaa mast̪ãnsia k̬a,t͡si ɲaa mastãnsia k̬a,yes,whole-utterance
MYUC-1042.xml,MYUC-1042.wav,,512.800,514.560,ñàà tùtǎvì-ka,ɲàà t̪ùt̪ǎvì k̬a,ɲaa t̪ut̪avi k̬a,ɲaa tutavi k̬a,yes,whole-utterance
MYUC-1042.xml,MYUC-1042.wav,,514.721,517.236,yòǒ michú'ni ra tiémpù michú'ni ra ñà-ka kúu-ñà,jòǒ mitʃúni ra t̪iɛ́mpù mitʃúni ra ɲà wã́ã,joo mitʃuni ra t̪iɛmpu mitʃuni ra ɲa wãã,joo mit͡ʃuni ra tiɛmpu mit͡ʃuni ra ɲa wãã,yes,whole-utterance
MYUC-1042.xml,MYUC-1042.wav,,517.244,519.792,sa-... ñà-ka kúu-ñà tsátsí-tí michú'ni tiémpù michú'ni,nsaa ɲà wã́ã tsátsí t̪í mitʃúni t̪jɛ̃́mù mitʃúni,nsaa ɲa wãã tsatsi t̪i mitʃuni t̪jɛ̃mu mitʃuni,nsaa ɲa wãã t͡sat͡si ti mit͡ʃuni tjɛ̃mu mit͡ʃuni,yes,whole-utterance
MYUC-1042.xml,MYUC-1042.wav,,519.936,520.720,cha,tʃaa,tʃaa,t͡ʃaa,no,whole-utterance
MYUC-1042.xml,MYUC-1042.wav,,520.736,523.764,tiémpù ñà yéè ità ra tsàà yachi meé soo ità kuàân luu,t̪jɛ̃́mpù ã̀ jɛ́ɛ̀ it̪à ra tsà tʃi mɛɛ́ zo it̪à kwàã̂ luu,t̪jɛ̃mpu ã jɛɛ it̪a ra tsa tʃi mɛɛ zo it̪a kwaã luu,tjɛ̃mpu ã jɛɛ ita ra t͡sa t͡ʃi mɛɛ zo ita kwaã luu,yes,whole-utterance
MYUC-1042.xml,MYUC-1042.wav,,524.056,525.620,tsàà meé soo ñà-ka kúu-ñà,tsàà nnn mɛɛ́ soo ɲà k̬a wã́ã,tsaa nnn mɛɛ soo ɲa k̬a wãã,t͡saa nnn mɛɛ soo ɲa k̬a wãã,yes,whole-utterance
MYUC-1042.xml,MYUC-1042.wav,,527.368,527.748,cha,tʃa,tʃa,t͡ʃa,no,whole-utterance
MYUC-1042.xml,MYUC-1042.wav,,527.996,529.813,michú'ni ra tsàà yachi meé soo ñàà,mitʃúʔni ra tsə̰̀ itʃi mɛɛ́ soo ɲàà,mitʃuʔni ra tsə̰ itʃi mɛɛ soo ɲaa,mit͡ʃuʔni ra t͡sə̰ it͡ʃi mɛɛ soo ɲaa,yes,whole-utterance
MYUC-1042.xml,MYUC-1042.wav,,529.914,532.658,yutǔ ná'nu kúu-ñà nána-tí,jut̪ǔ náʔnũ wã́ã nána t̪í,jut̪u naʔnũ wãã nana t̪i,jutu naʔnũ wãã nana ti,yes,whole-utterance
MYUC-1042.xml,MYUC-1042.wav,,533.764,534.584,ñàà,ɲààà,ɲaaa,ɲaaa,yes,whole-utterance
MYUC-1042.xml,MYUC-1042.wav,,534.616,538.240,tsà'ǎ ñà-ka ñùñǔ luu-ka ra kuě kúu kantú'ú yachi-tí tsà'ǎ ñàà,tsàʔǎ ɲà ka ɲũ̀ɲũ̌ lu k̬a ra kwɛ̌ kúu kandú jatʃi t̪í tsàʔǎ ɲàà,tsaʔa ɲa ka ɲũɲũ lu k̬a ra kwɛ kuu kandu jatʃi t̪i tsaʔa ɲaa,t͡saʔa ɲa ka ɲũɲũ lu k̬a ra kwɛ kuu kandu jat͡ʃi ti t͡saʔa ɲaa,yes,whole-utterance
MYUC-1042.xml,MYUC-1042.wav,,538.244,539.856,tsà'ǎ kue kitǐ luu,tsàǎ wɛ kit̪ǐ lu,tsaa wɛ kit̪i lu,t͡saa wɛ kiti lu,yes,whole-utterance
MYUC-1042.xml,MYUC-1042.wav,,539.864,541.204,tsà'ǎ kue nivǐ,tsàǎ wɛ nivǐ,tsaa wɛ nivi,t͡saa wɛ nivi,yes,whole-utterance
MYUC-1042.xml,MYUC-1042.wav,,543.211,543.288,tsà'ǎ ñà-ka kúu-ñà,tsàǎ ɲà wã́ã,tsaa ɲa wãã,t͡saa ɲa wãã,yes,whole-utterance
MYUC-1042.xml,MYUC-1042.wav,,543.292,545.940,kuě kúu kantú'ú yachi-tí tsíní ñú'u soo ñàà,kwɛ̌ kúu kandú jatʃi t̪í tsí ɲṹʔũ zo ɲàà,kwɛ kuu kandu jatʃi t̪i tsi ɲũʔũ zo ɲaa,kwɛ kuu kandu jat͡ʃi ti t͡si ɲũʔũ zo ɲaa,yes,whole-utterance
MYUC-1042.xml,MYUC-1042.wav,,545.940,547.160,kantú'ú tsíka-tí,kandú tsíka dí,kandu tsika di,kandu t͡sika di,yes,whole-utterance
MYUC-1042.xml,MYUC-1042.wav,,547.212,549.988,cha iinkàâ tuku kuàâ kúu-ñà tsíní ñú'u soo koo chìkuiî-tǐ,tʃa ĩ́ŋk̬àâ duk̬u kuàâ wã́ã tsí ɲṹʔũ so koo tʃìkwiî dǐ,tʃa ĩŋk̬aa duk̬u kuaa wãã tsi ɲũʔũ so koo tʃikwii di,t͡ʃa ĩŋk̬aa duk̬u kuaa wãã t͡si ɲũʔũ so koo t͡ʃikwii di,yes,whole-utterance
MYUC-1042.xml,MYUC-1042.wav,,550.004,552.788,tsíní ñú'u soo koo-tí iin nùǔ yéè chìkuiî,tsí ɲṹʔũ soo koo t̪í ḭ̃́ḭ̃́ nũ̀ũ̌ jɛ́ɛ̀ tʃìkwiî,tsi ɲũʔũ soo koo t̪i ḭ̃ḭ̃ nũũ jɛɛ tʃikwii,t͡si ɲũʔũ soo koo ti ḭ̃ḭ̃ nũũ jɛɛ t͡ʃikwii,yes,whole-utterance
MYUC-1042.xml,MYUC-1042.wav,,553.092,554.884,tsí- ñàà,tsí ɲààà,tsi ɲaaa,t͡si ɲaaa,yes,whole-utterance
MYUC-1042.xml,MYUC-1042.wav,,555.648,556.972,tsíní ñú'u soo,tsíɲṹ ɲṹʔũ soo,tsiɲũ ɲũʔũ soo,t͡siɲũ ɲũʔũ soo,yes,whole-utterance
MYUC-1042.xml,MYUC-1042.wav,,556.984,557.664,ñàà,ɲàà,ɲaa,ɲaa,yes,whole-utterance
MYUC-1042.xml,MYUC-1042.wav,,557.670,559.822,koo koo iin nùǔ súkù,kooo koo ĩ́ĩ́ nũ̀ũ̌ súkù,kooo koo ĩĩ nũũ suku,kooo koo ĩĩ nũũ suku,yes,whole-utterance
MYUC-1042.xml,MYUC-1042.wav,,559.956,561.136,koo iin nùǔ súkù luu,koo ĩ́ĩ́ nũ̀ũ̌ súkù luu,koo ĩĩ nũũ suku luu,koo ĩĩ nũũ suku luu,yes,whole-utterance
MYUC-1042.xml,MYUC-1042.wav,,561.140,561.780,kúu ntoyo-tí,kúu nt̪ojo dí,kuu nt̪ojo di,kuu ntojo di,yes,whole-utterance
MYUC-1042.xml,MYUC-1042.wav,,561.792,563.088,cha tsíní ñú'u soo kani và'a,tʃa tsíɲṹ ɲṹʔũ soo kani βàʔa,tʃa tsiɲũ ɲũʔũ soo kani βaʔa,t͡ʃa t͡siɲũ ɲũʔũ soo kani βaʔa,yes,whole-utterance
MYUC-1042.xml,MYUC-1042.wav,,563.092,565.972,nìkànchiǐ nùǔ ntóyo-tí tavà kuà'a-tí ntǔxì tatù,nìkàndʒiǐ nũ̀ ndójo t̪í t̪awà kuà t̪í ndǔʃì at̪ù,nikandʒii nũ ndojo t̪i t̪awa kua t̪i nduʃi at̪u,nikand͡ʒii nũ ndojo ti tawa kua ti nduʃi atu,yes,whole-utterance
MYUC-1042.xml,MYUC-1042.wav,,566.140,567.752,ná kúu ntoyo-tí katǐ ra,ná kúu nt̪ojo t̪í kat̪ǐ raaa,na kuu nt̪ojo t̪i kat̪i raaa,na kuu ntojo ti kati raaa,yes,whole-utterance
MYUC-1042.xml,MYUC-1042.wav,,567.764,568.656,ñàà,ɲààà,ɲaaa,ɲaaa,yes,whole-utterance
MYUC-1042.xml,MYUC-1042.wav,,569.764,572.136,kúu kú'ntú-tí ra tsàà yachi vǎsa tsá'a-tí ntǔxì,kúu kúndú t̪í ra tsà jatʃi βǎsa tsáa t̪í ndǔʃì,kuu kundu t̪i ra tsa jatʃi βasa tsaa t̪i nduʃi,kuu kundu ti ra t͡sa jat͡ʃi βasa t͡saa ti nduʃi,yes,whole-utterance
MYUC-1042.xml,MYUC-1042.wav,,577.912,578.784,ñàà,ɲààà,ɲaaa,ɲaaa,yes,whole-utterance
MYUC-1042.xml,MYUC-1042.wav,,583.808,585.020,ñàà kúu,ɲàà kúuu,ɲaa kuuu,ɲaa kuuu,yes,whole-utterance
MYUC-1042.xml,MYUC-1042.wav,,585.824,587.364,ñà kúkúu ñàà,ɲà kúkúu ɲààà,ɲa kukuu ɲaaa,ɲa kukuu ɲaaa,yes,whole-utterance
MYUC-1042.xml,MYUC-1042.wav,,587.576,591.452,yéè kúu-ñà tsíní ñú'u kúntoyo tsíka-tí rì ñàà,jɛ́ɛ̀ wã́ã tsíɲṹ ɲṹʔũ kṹnt̪ojo tsíka t̪í rì ɲàà,jɛɛ wãã tsiɲũ ɲũʔũ kũnt̪ojo tsika t̪i ri ɲaa,jɛɛ wãã t͡siɲũ ɲũʔũ kũntojo t͡sika ti ri ɲaa,yes,whole-utterance
MYUC-1042.xml,MYUC-1042.wav,,592.100,593.540,tsà'ǎ ñà-ka túu-ñá-tí,tsǎ ɲà t̪úu ɲá t̪í,tsa ɲa t̪uu ɲa t̪i,t͡sa ɲa tuu ɲa ti,yes,whole-utterance
MYUC-1042.xml,MYUC-1042.wav,,593.570,594.966,cha tsà'ǎ ñà-ka kúu-ñà,tʃə tsǎ ɲà wã́ã,tʃə tsa ɲa wãã,t͡ʃə t͡sa ɲa wãã,yes,whole-utterance
MYUC-1042.xml,MYUC-1042.wav,,595.220,597.868,nkǔu kuntoyo yachi-tí ra tatù nchíì-kue-ní,kǔu kunt̪ojo jatʃi t̪í ra t̪at̪ù ndʒíì wɛ ní,kuu kunt̪ojo jatʃi t̪i ra t̪at̪u ndʒii wɛ ni,kuu kuntojo jat͡ʃi ti ra tatu nd͡ʒii wɛ ni,yes,whole-utterance
MYUC-1042.xml,MYUC-1042.wav,,597.868,600.300,kúnì kúu ku'mí-tí ra tsíní ñú'u soo,kúnì kúu kumí t̪í ra tsíɲṹ ɲṹʔũ so,kuni kuu kumi t̪i ra tsiɲũ ɲũʔũ so,kuni kuu kumi ti ra t͡siɲũ ɲũʔũ so,yes,whole-utterance
MYUC-1042.xml,MYUC-1042.wav,,600.404,602.248,koo iin ñà kúu ntasì nùǔ-kue-ní,koo ĩ́ĩ́ ɲà kúu nt̪asì nũ̀ũ̌ wɛ ní,koo ĩĩ ɲa kuu nt̪asi nũũ wɛ ni,koo ĩĩ ɲa kuu ntasi nũũ wɛ ni,yes,whole-utterance
MYUC-1042.xml,MYUC-1042.wav,,602.248,605.324,koo iin ñà kúu ntasì nta'á-kue-ní tavà mà kǔu tuu-tí rì,koo ĩ́ĩ́ ɲà kúu ndasì ndaʔá wɛ ní t̪aβà mà t̪uu t̪í rì,koo ĩĩ ɲa kuu ndasi ndaʔa wɛ ni t̪aβa ma t̪uu t̪i ri,koo ĩĩ ɲa kuu ndasi ndaʔa wɛ ni taβa ma tuu ti ri,yes,whole-utterance
MYUC-1042.xml,MYUC-1042.wav,,606.364,608.801,yée-nùǔ ra ntúnche'e-tí tatù ná mà kǔtù'va-kó,jɛ́ɛ nũ̀ũ̌ ra ndúntʃɛʔɛ t̪í t̪at̪ù ná mà kǔt̪ùβa ɣó,jɛɛ nũũ ra nduntʃɛʔɛ t̪i t̪at̪u na ma kut̪uβa ɣo,jɛɛ nũũ ra ndunt͡ʃɛʔɛ ti tatu na ma kutuβa ɣo,yes,whole-utterance
MYUC-1042.xml,MYUC-1042.wav,,608.817,610.562,ke'e-kó-tí ra ntúnche'e-tí ra kúu,kɛ ɣó t̪í ra núntʃɛʔɛ dí ra kúu,kɛ ɣo t̪i ra nuntʃɛʔɛ di ra kuu,kɛ ɣo ti ra nunt͡ʃɛʔɛ di ra kuu,yes,whole-utterance
MYUC-1042.xml,MYUC-1042.wav,,610.641,612.089,kúu tuu... tuu-tí ra,t̪uui t̪uu t̪í ra,t̪uui t̪uu t̪i ra,tuui tuu ti ra,yes,whole-utterance
MYUC-1042.xml,MYUC-1042.wav,,612.357,613.366,ka'ní-tí yóó,kaní t̪í jó,kani t̪i jo,kani ti jo,yes,whole-utterance
vocab-20180914-Tisu.xml,vocab-20180914-Tisu.wav,,,,kaxa,káʃà,kaʃa,kaʃa,yes,whole-utterance
vocab-20180914-Tisu.xml,vocab-20180914-Tisu.wav,,,,kaxu,káʃú,kaʃu,kaʃu,yes,whole-utterance
vocab-20180914-Tisu.xml,vocab-20180914-Tisu.wav,,,,koko,kōkó,koko,koko,yes,whole-utterance
vocab-20180914-Tisu.xml,vocab-20180914-Tisu.wav,,,,kata,kátá,kata,kata,yes,whole-utterance
vocab-20180914-Tisu.xml,vocab-20180914-Tisu.wav,,,,tsa'un,tzáʔū̃̃,tzaʔũ̃,tzaʔũ̃,yes,whole-utterance
vocab-20180914-Tisu.xml,vocab-20180914-Tisu.wav,,,,tsa'un,tzāʔū̃̃,tzaʔũ̃,tzaʔũ̃,yes,whole-utterance
vocab-20180914-Tisu.xml,vocab-20180914-Tisu.wav,,,,ñu’ma,ɲúʔmà,ɲuʔma,ɲuʔma,yes,whole-utterance
vocab-20180914-Tisu.xml,vocab-20180914-Tisu.wav,,,,ntavi,ndàvì,ndavi,ndavi,yes,whole-utterance
vocab-20180914-Tisu.xml,vocab-20180914-Tisu.wav,,,,ntsinuun,ntsinːũ̌,ntsinːũ,nt͡sinːũ,yes,whole-utterance
vocab-20180914-Tisu.xml,vocab-20180914-Tisu.wav,,,,ntaku,ndàkú,ndaku,ndaku,yes,whole-utterance
vocab-20180914-Tisu.xml,vocab-20180914-Tisu.wav,,,,nchii,ndʒììí,ndʒiii,nd͡ʒiii,yes,whole-utterance
vocab-20180914-Tisu.xml,vocab-20180914-Tisu.wav,,,,vita,vitá,vita,vita,yes,whole-utterance
vocab-20180914-Tisu.xml,vocab-20180914-Tisu.wav,,,,ntsitsa,ntzitsa,ntzitsa,ntzit͡sa,no,whole-utterance
vocab-20180914-Tisu.xml,vocab-20180914-Tisu.wav,,,,jaa,jaá,jaa,jaa,yes,whole-utterance
vocab-20180914-Tisu.xml,vocab-20180914-Tisu.wav,,,,yuchi,jutʃi,jutʃi,jut͡ʃi,no,whole-utterance
vocab-20180914-Tisu.xml,vocab-20180914-Tisu.wav,,,,nana,nànà,nana,nana,yes,whole-utterance
mixtec-utterance-template.xml,mixtec-utterance-template.wav,,,, , , ,,no,whole-utterance
Leccion_04.xml,Leccion_04.wav,,18.28,19.34,Yee ni vee,,,jɛɛ ni vɛɛ,,sentence-level-full
Leccion_04.xml,Leccion_04.wav,,31.21,32.27,naꞌa ni,,,naʔa ni,,sentence-level-full
Leccion_04.xml,Leccion_04.wav,,48.71,50.40,sana kaꞌan toko,,,sana kãʔã toko,,sentence-level-full
Leccion_04.xml,Leccion_04.wav,,59.35,60.57,yee ni vee,,,jɛɛ ni βɛɛ,,sentence-level-full
Leccion_04.xml,Leccion_04.wav,,63.32,64.45,yee ni vee,,,jɛɛ ni βɛɛ,,sentence-level-full
Leccion_04.xml,Leccion_04.wav,,67.46,68.46,naꞌa ni,,,naʔa ni,,sentence-level-full
Leccion_04.xml,Leccion_04.wav,,71.35,72.19,naꞌa ni,,,naʔa ni,,sentence-level-full
Leccion_04.xml,Leccion_04.wav,,75.13,76.51,sana kaꞌan toko,,,sana kãʔã toko,,sentence-level-full
Leccion_04.xml,Leccion_04.wav,,80.34,81.78,sana kaꞌan toko,,,sana kãʔã toko,,sentence-level-full
190710_0244-tenate-adobo_TS.xml,190710_0244-tenate-adobo_TS.wav,1,0,1.11,ntoꞌó,ndoʔo↗,ndoʔo,ndoʔo,yes,single-word
190710_0244-tenate-adobo_TS.xml,190710_0244-tenate-adobo_TS.wav,,1.77,2.56,ntakiꞌan,ndakĩ˥ʔã˩,ndakĩʔã,ndakĩʔã,yes,sentence-level-word
190710_0244-tenate-adobo_TS.xml,190710_0244-tenate-adobo_TS.wav,,2.56,3.31,ntoꞌó,ndoʔo↗,ndoʔo,ndoʔo,yes,sentence-level-word
190710_0244-tenate-adobo_TS.xml,190710_0244-tenate-adobo_TS.wav,,1.11,3.31,ntakiꞌan ntoꞌó,,,ndakĩʔã ndoʔo,,sentence-level-full
190710_0244-tenate-adobo_TS.xml,190710_0244-tenate-adobo_TS.wav,3,3.31,4.69,ntoꞌo,ndoʔo˩,ndoʔo,ndoʔo,yes,single-word
190710_0244-tenate-adobo_TS.xml,190710_0244-tenate-adobo_TS.wav,,5.08,5.90,ntakiꞌan,ndakĩ˥ʔã˩,ndakĩʔã,ndakĩʔã,yes,sentence-level-word
190710_0244-tenate-adobo_TS.xml,190710_0244-tenate-adobo_TS.wav,,5.90,6.83,ntoꞌo,ndoʔo˩,ndoʔo,ndoʔo,yes,sentence-level-word
190710_0244-tenate-adobo_TS.xml,190710_0244-tenate-adobo_TS.wav,,4.69,6.83,ntakiꞌan ntoꞌo,,,ndakĩʔã ndoʔo,,sentence-level-full
190710_0260.xml,190710_0260.wav,1,2.04,3.77,naá,na˩a↗,naa,naa,yes,single-word
190710_0260.xml,190710_0260.wav,2,3.77,5.08,naá,na˩a↗,naa,naa,yes,single-word
190710_0260.xml,190710_0260.wav,3,7.10,9.16,náa,na˧˥a↘,naa,naa,yes,single-word
190710_0260.xml,190710_0260.wav,4,9.16,12.17,náa,na˧˥a↘,naa,naa,yes,single-word
ADJ_new_01_spkrJS.xml,ADJ_new_01_spkrJS.wav,1,0,0.66,tsaa,tsaː↗↘,tsaː,t͡saa,yes,single-word
ADJ_new_02_spkrJS.xml,ADJ_new_02_spkrJS.wav,1,0,0.65,tsaa,tsaː↗↘,tsaː,t͡saa,yes,single-word
ADJ_not-difficult_01_02_03_spkrTS.xml,ADJ_not-difficult_01_02_03_spkrTS.wav,1,0,0.98,kue nchichi,kwe˧ ndʒ˥tʃi˩,kwe ndʒtʃi,kwe nd͡ʒt͡ʃi,yes,single-word
ADJ_not-difficult_01_02_03_spkrTS.xml,ADJ_not-difficult_01_02_03_spkrTS.wav,2,0.98,2.64,kue nchichi,kwe˧ndʒi˥tʃi˩,kwendʒitʃi,kwend͡ʒit͡ʃi,yes,single-word
ADJ_not-difficult_01_02_03_spkrTS.xml,ADJ_not-difficult_01_02_03_spkrTS.wav,3,2.64,4.27,kue nchichi,kwe˧ndʒi˥tʃi˩,kwendʒitʃi,kwend͡ʒit͡ʃi,yes,single-word
ADJ_sacred_01_02_03_04_JS.xml,ADJ_sacred_01_02_03_04_JS.wav,1,0,0.75,ii,iː↘↗,iː,ii,yes,single-word
ADJ_sacred_01_02_03_04_JS.xml,ADJ_sacred_01_02_03_04_JS.wav,2,0.75,1.39,ii,iː↘↗,iː,ii,yes,single-word
ADJ_sacred_01_02_03_04_JS.xml,ADJ_sacred_01_02_03_04_JS.wav,3,1.39,1.99,ii,iː↘↗,iː,ii,yes,single-word
ADJ_short_01_02_03_JS.xml,ADJ_short_01_02_03_JS.wav,1,0,1.51,cha'a,tʃa˥ʔa˩,tʃaʔa,t͡ʃaʔa,yes,single-word
ADJ_short_01_02_03_JS.xml,ADJ_short_01_02_03_JS.wav,2,1.51,3.42,cha'a,tʃa˥ʔa˩,tʃaʔa,t͡ʃaʔa,yes,single-word
ADJ_short_01_02_03_JS.xml,ADJ_short_01_02_03_JS.wav,3,3.42,4.90,cha'a,tʃ˥aʔa˩,tʃaʔa,t͡ʃaʔa,yes,single-word
ADJ_skinny_01_02_03_spkrJS.xml,ADJ_skinny_01_02_03_spkrJS.wav,1,0,1.48,tikatsa,di˩ka˩tsa˥,dikatsa,dikat͡sa,yes,single-word
ADJ_skinny_01_02_03_spkrJS.xml,ADJ_skinny_01_02_03_spkrJS.wav,2,1.48,3.14,tikatsa,di˩ka˩tsa˥,dikatsa,dikat͡sa,yes,single-word
ADJ_skinny_01_02_03_spkrJS.xml,ADJ_skinny_01_02_03_spkrJS.wav,3,3.14,4.72,tikatsa,di˩ka˩tsa˥,dikatsa,dikat͡sa,yes,single-word
ADJ_small_01_spkrJS.xml,ADJ_small_01_spkrJS.wav,1,0,1.38,luu,luː˥,luː,luu,yes,single-word
ADJ_smelly_01_02_03_spkrTS.xml,ADJ_smelly_01_02_03_spkrTS.wav,1,0,0.83,tsa'an,tsã˥ʔã˩,tsãʔã,t͡sãʔã,yes,single-word
ADJ_smelly_01_02_03_spkrTS.xml,ADJ_smelly_01_02_03_spkrTS.wav,2,0.83,1.67,tsa'an,tsã˥ʔã˩,tsãʔã,t͡sãʔã,yes,single-word
ADJ_smelly_01_02_03_spkrTS.xml,ADJ_smelly_01_02_03_spkrTS.wav,3,1.67,2.58,tsa'an,tsã˥ʔã˩,tsãʔã,t͡sãʔã,yes,single-word
ADJ_tall_1st_pl_01_JS.xml,ADJ_tall_1st_pl_01_JS.wav,,1,6,suku,su˥ku↘,suku,suku,yes,sentence-level-word
ADJ_tall_1st_pl_01_JS.xml,ADJ_tall_1st_pl_01_JS.wav,,8,12,ko,ɣo↗,ɣo,ɣo,yes,sentence-level-word
ADJ_tall_1st_pl_01_JS.xml,ADJ_tall_1st_pl_01_JS.wav,,6,8,kue,we˩,we,we,yes,sentence-level-word
ADJ_tall_1st_pl_01_JS.xml,ADJ_tall_1st_pl_01_JS.wav,,0,1.24,suku kue ko,,,suku we ɣo,,sentence-level-full
ADJ_tall_1st_sg_01_JS.xml,ADJ_tall_1st_sg_01_JS.wav,,1,6,suku,su˥ku↘,suku,suku,yes,sentence-level-word
ADJ_tall_1st_sg_01_JS.xml,ADJ_tall_1st_sg_01_JS.wav,,6,10,yu,ju↘,ju,ju,yes,sentence-level-word
ADJ_tall_1st_sg_01_JS.xml,ADJ_tall_1st_sg_01_JS.wav,,0,0.71,suku yu,,,suku ju,,sentence-level-full
ADJ_tall_2nd_sg_form_01_JS.xml,ADJ_tall_2nd_sg_form_01_JS.wav,,1,7,suku,su˥ku↘,suku,suku,yes,sentence-level-word
ADJ_tall_2nd_sg_form_01_JS.xml,ADJ_tall_2nd_sg_form_01_JS.wav,,7,11,ni,ni↗,ni,ni,yes,sentence-level-word
ADJ_tall_2nd_sg_form_01_JS.xml,ADJ_tall_2nd_sg_form_01_JS.wav,,0,1.00,suku ni,,,suku ni,,sentence-level-full
ADJ_tall_2nd_sg_inf_01_JS.xml,ADJ_tall_2nd_sg_inf_01_JS.wav,,1,6,suku,su˥ku↘,suku,suku,yes,sentence-level-word
ADJ_tall_2nd_sg_inf_01_JS.xml,ADJ_tall_2nd_sg_inf_01_JS.wav,,6,10,ku,ɣu↗,ɣu,ɣu,yes,sentence-level-word
ADJ_tall_2nd_sg_inf_01_JS.xml,ADJ_tall_2nd_sg_inf_01_JS.wav,,0,0.94,suku ku,,,suku ɣu,,sentence-level-full
ADJ_thick_OBJ_01_02_03_JS.xml,ADJ_thick_OBJ_01_02_03_JS.wav,1,0,1.53,kuku,ku˥ku˥,kuku,kuku,yes,single-word
ADJ_thick_OBJ_01_02_03_JS.xml,ADJ_thick_OBJ_01_02_03_JS.wav,2,1.53,2.71,kuku,ku˥ku˥,kuku,kuku,yes,single-word
ADJ_thick_OBJ_01_02_03_JS.xml,ADJ_thick_OBJ_01_02_03_JS.wav,3,2.71,3.82,kuku,ku˥ku˥,kuku,kuku,yes,single-word
ADJ_thin-narrow_OBJ_01_02_03_JS.xml,ADJ_thin-narrow_OBJ_01_02_03_JS.wav,1,0,1.21,kuiyi,kwĩ˥↘jĩ↗,kwĩjĩ,kwĩjĩ,yes,single-word
ADJ_thin-narrow_OBJ_01_02_03_JS.xml,ADJ_thin-narrow_OBJ_01_02_03_JS.wav,2,1.21,2.39,kuiyi,kwĩ˥↘jĩ↗,kwĩjĩ,kwĩjĩ,yes,single-word
ADJ_thin-narrow_OBJ_01_02_03_JS.xml,ADJ_thin-narrow_OBJ_01_02_03_JS.wav,3,2.39,3.74,kuiyi,kwĩ˥↘jĩ↗,kwĩjĩ,kwĩjĩ,yes,single-word
ADJ_wide_01_02_03_JS.xml,ADJ_wide_01_02_03_JS.wav,1,0,1.33,ntika,nd̪i˥ka↘,nd̪ika,ndika,yes,single-word
ADJ_wide_01_02_03_JS.xml,ADJ_wide_01_02_03_JS.wav,2,1.33,2.69,ntika,nd̪i˥ka↘,nd̪ika,ndika,yes,single-word
ADJ_wide_01_02_03_JS.xml,ADJ_wide_01_02_03_JS.wav,3,2.69,3.97,ntika,nd̪i˥ka↘,nd̪ika,ndika,yes,single-word
ADPOS-CONFG_above-over-north_01_02_03_spkrTS.xml,ADPOS-CONFG_above-over-north_01_02_03_spkrTS.wav,,1,4,chi,tʃi˥,tʃi,t͡ʃi,yes,sentence-level-word
ADPOS-CONFG_above-over-north_01_02_03_spkrTS.xml,ADPOS-CONFG_above-over-north_01_02_03_spkrTS.wav,,4,30,Kuchi,ku˩tʃi˩,kutʃi,kut͡ʃi,yes,sentence-level-word
ADPOS-CONFG_above-over-north_01_02_03_spkrTS.xml,ADPOS-CONFG_above-over-north_01_02_03_spkrTS.wav,,0,0.75,chi Kuchi,,,t͡ʃi kut͡ʃi,,sentence-level-full
ADPOS-CONFG_above-over-north_01_02_03_spkrTS.xml,ADPOS-CONFG_above-over-north_01_02_03_spkrTS.wav,,10,13,chi,tʃi˥,tʃi,t͡ʃi,yes,sentence-level-word
ADPOS-CONFG_above-over-north_01_02_03_spkrTS.xml,ADPOS-CONFG_above-over-north_01_02_03_spkrTS.wav,,13,31,Kuchi,ku˩tʃi˩,kutʃi,kut͡ʃi,yes,sentence-level-word
ADPOS-CONFG_above-over-north_01_02_03_spkrTS.xml,ADPOS-CONFG_above-over-north_01_02_03_spkrTS.wav,,0.75,1.62,chi Kuchi,,,t͡ʃi kut͡ʃi,,sentence-level-full
ADPOS-CONFG_above-over-north_01_02_03_spkrTS.xml,ADPOS-CONFG_above-over-north_01_02_03_spkrTS.wav,,22,32,Kuchi,ku˩tʃi˩,kutʃi,kut͡ʃi,yes,sentence-level-word
ADPOS-CONFG_above-over-north_01_02_03_spkrTS.xml,ADPOS-CONFG_above-over-north_01_02_03_spkrTS.wav,,19,22,chi,tʃi˥,tʃi,t͡ʃi,yes,sentence-level-word
ADPOS-CONFG_above-over-north_01_02_03_spkrTS.xml,ADPOS-CONFG_above-over-north_01_02_03_spkrTS.wav,,1.62,2.38,chi Kuchi,,,t͡ʃi kut͡ʃi,,sentence-level-full
ADPOS-CONFG_below-under-south_01_02_spkrTS.xml,ADPOS-CONFG_below-under-south_01_02_spkrTS.wav,,1,6,chi,tʃi˥ni˥,tʃini,t͡ʃini,yes,sentence-level-word
ADPOS-CONFG_below-under-south_01_02_spkrTS.xml,ADPOS-CONFG_below-under-south_01_02_spkrTS.wav,,6,19,Ninu,nũ˩,nũ,nũ,yes,sentence-level-word
ADPOS-CONFG_below-under-south_01_02_spkrTS.xml,ADPOS-CONFG_below-under-south_01_02_spkrTS.wav,,0,0.97,chi Ninu,,,t͡ʃini nũ,,sentence-level-full
ADPOS-CONFG_below-under-south_01_02_spkrTS.xml,ADPOS-CONFG_below-under-south_01_02_spkrTS.wav,,14,20,Ninu,nũ˩,nũ,nũ,yes,sentence-level-word
ADPOS-CONFG_below-under-south_01_02_spkrTS.xml,ADPOS-CONFG_below-under-south_01_02_spkrTS.wav,,8,14,chi,tʃi˥ni˥,tʃini,t͡ʃini,yes,sentence-level-word
ADPOS-CONFG_below-under-south_01_02_spkrTS.xml,ADPOS-CONFG_below-under-south_01_02_spkrTS.wav,,0.97,1.94,chi Ninu,,,t͡ʃini nũ,,sentence-level-full
ADV_NEG_not_01_02_spkrJS.xml,ADV_NEG_not_01_02_spkrJS.wav,1,0,0.71,kuee,kweː↗,kweː,kwee,yes,single-word
ADV_NEG_not_01_02_spkrJS.xml,ADV_NEG_not_01_02_spkrJS.wav,2,0.71,1.75,kuee,kweː↗,kweː,kwee,yes,single-word
ADV_TEMP_early_01_02_03_spkrTS.xml,ADV_TEMP_early_01_02_03_spkrTS.wav,1,0,1.16,na'a,na˥ʔa↘,naʔa,naʔa,yes,single-word
ADV_TEMP_early_01_02_03_spkrTS.xml,ADV_TEMP_early_01_02_03_spkrTS.wav,2,1.16,2.27,na'a,na˥ʔa↘,naʔa,naʔa,yes,single-word
ADV_TEMP_early_01_02_03_spkrTS.xml,ADV_TEMP_early_01_02_03_spkrTS.wav,3,2.27,3.23,na'a,na˥ʔa∙,naʔa,naʔa,yes,single-word
ADV_again_01_JS.xml,ADV_again_01_JS.wav,1,0,1.22,inka tuku,ĩːk̬aː˩t̪u˩ɣu˩,ĩːk̬aːt̪uɣu,ĩːk̬aatuɣu,yes,single-word
ADV_again_02_JS.xml,ADV_again_02_JS.wav,1,0,1.34,inkaatuku,ŋk̬aː˩tu˩ɣu˩,ŋk̬aːtuɣu,ŋk̬aatuɣu,yes,single-word
ADV_no_01_02_spkrTS.xml,ADV_no_01_02_spkrTS.wav,1,0,1.07,a'an,ã̰˩ʔã̰˥,ã̰ʔã̰,ã̰ʔã̰,yes,single-word
ADV_no_01_02_spkrTS.xml,ADV_no_01_02_spkrTS.wav,2,1.07,2.14,a'an,ã̰˩ʔã̰˥,ã̰ʔã̰,ã̰ʔã̰,yes,single-word
ADV_no_01_spkrJS.xml,ADV_no_01_spkrJS.wav,1,0,0.60,a'an,a̰˩ʔã̰ː↗↘,a̰ʔã̰ː,aʔã̰ː,yes,single-word
ADV_no_01_spkrTS.xml,ADV_no_01_spkrTS.wav,1,0,0.65,a'an,a̰˩ʔã̰↗↘,a̰ʔã̰,aʔã̰,yes,single-word
ADV_no_02_spkrJS.xml,ADV_no_02_spkrJS.wav,1,0,0.56,a'an,a̰˩ʔa̰ː↗↘,a̰ʔa̰ː,aʔa̰a̰,yes,single-word
ADV_no_02_spkrTS.xml,ADV_no_02_spkrTS.wav,1,0,0.60,a'an,a̰∙ʔa̰↗↘,a̰ʔa̰,aʔa̰,yes,single-word
ADV_not_02_spkrJS.xml,ADV_not_02_spkrJS.wav,1,0,1.21,kuee,kweː↗,kweː,kwee,yes,single-word
ADV_only_01_spkrTS.xml,ADV_only_01_spkrTS.wav,1,0,0.64,ni,niː˩,niː,nii,yes,single-word
ADV_the_other_day_01_spkrTS.xml,ADV_the_other_day_01_spkrTS.wav,1,0,1.00,ta'ikuñuu,t̬a˥ʔi↘ku↘ɲũː↘↗ꜜ,t̬aʔikuɲũː,t̬aʔikuɲũː,yes,single-word
ADV_yes_01_02_spkrTS.xml,ADV_yes_01_02_spkrTS.wav,1,0,1.39,aan,ãː˧,ãː,ãː,yes,single-word
ADV_yes_01_02_spkrTS.xml,ADV_yes_01_02_spkrTS.wav,2,1.39,2.79,aan,ãː˧,ãː,ãː,yes,single-word
ADV_yes_01_spkrJS.xml,ADV_yes_01_spkrJS.wav,1,0,0.55,aan,ãː˧,ãː,ãː,yes,single-word
ADV_yes_01_spkrTS.xml,ADV_yes_01_spkrTS.wav,1,0,0.60,aan,ã:˧,ã:,ã:,yes,single-word
ADV_yes_02_spkrJS.xml,ADV_yes_02_spkrJS.wav,1,0,0.57,aan,ãː˧,ãː,ãː,yes,single-word
ADV_yes_02_spkrTS.xml,ADV_yes_02_spkrTS.wav,1,0,0.60,aan,ã:˧,ã:,ã:,yes,single-word
ADV_yes_v2_01_02_spkrTS.xml,ADV_yes_v2_01_02_spkrTS.wav,1,0,1.28,uun,ũː˧,ũː,ũː,yes,single-word
ADV_yes_v2_01_02_spkrTS.xml,ADV_yes_v2_01_02_spkrTS.wav,2,1.28,2.56,uun,ũː˧,ũː,ũː,yes,single-word
ADV_yesterday_01_spkrTS.xml,ADV_yesterday_01_spkrTS.wav,1,0,0.78,takuni,t̬a˥ku↘ni∙,t̬akuni,t̬akuni,yes,single-word
BPT_arm_01_02_03_spkrTS.xml,BPT_arm_01_02_03_spkrTS.wav,1,0,0.82,nta'a,nda∙ʔa˥,ndaʔa,ndaʔa,yes,single-word
BPT_arm_01_02_03_spkrTS.xml,BPT_arm_01_02_03_spkrTS.wav,2,0.82,1.67,nta'a,nda˩ʔa˥,ndaʔa,ndaʔa,yes,single-word
BPT_arm_01_02_03_spkrTS.xml,BPT_arm_01_02_03_spkrTS.wav,3,1.67,2.48,nta'a,nda˩ʔa˥,ndaʔa,ndaʔa,yes,single-word
BPT_belly_button_01_02_03_spkrTS.xml,BPT_belly_button_01_02_03_spkrTS.wav,1,0,0.95,nxandu,ʃa↘↗ndu˥,ʃandu,ʃandu,yes,single-word
BPT_belly_button_01_02_03_spkrTS.xml,BPT_belly_button_01_02_03_spkrTS.wav,2,0.95,2.10,nxandu,ʃa↘↗ndu˥,ʃandu,ʃandu,yes,single-word
BPT_belly_button_01_02_03_spkrTS.xml,BPT_belly_button_01_02_03_spkrTS.wav,3,2.10,3.21,nxandu,ʃa↘↗ꜜndu˥ꜜ,ʃandu,ʃandu,yes,single-word
BPT_body_01_02_03_spkrTS.xml,BPT_body_01_02_03_spkrTS.wav,1,0,0.69,kuñu,kũ↗ɲũ∙,kũɲũ,kũɲũ,yes,single-word
BPT_body_01_02_03_spkrTS.xml,BPT_body_01_02_03_spkrTS.wav,2,0.69,1.54,kuñu,kũ↗ɲũ↘,kũɲũ,kũɲũ,yes,single-word
BPT_body_01_02_03_spkrTS.xml,BPT_body_01_02_03_spkrTS.wav,3,1.54,2.38,kuñu,kũ↗ɲũ∙,kũɲũ,kũɲũ,yes,single-word
BPT_face_01_TS.xml,BPT_face_01_TS.wav,1,0,0.62,nuu,nũː↘↗,nũː,nũː,yes,single-word
CLR_blue_01_02_TS.xml,CLR_blue_01_02_TS.wav,1,0,3.05,nchaa,ndʒaː˥,ndʒaː,nd͡ʒaa,yes,single-word
CLR_blue_01_02_TS.xml,CLR_blue_01_02_TS.wav,2,3.05,4.41,nchaa,ndʒaː˥,ndʒaː,nd͡ʒaa,yes,single-word
CLR_dark_grey_01_02_TS.xml,CLR_dark_grey_01_02_TS.wav,1,0,1.08,ya'a,ja˥ʔa↘,jaʔa,jaʔa,yes,single-word
CLR_dark_grey_01_02_TS.xml,CLR_dark_grey_01_02_TS.wav,2,1.08,2.15,ya'a,ja˥ʔa∙,jaʔa,jaʔa,yes,single-word
CLR_green_01_spkrJS.xml,CLR_green_01_spkrJS.wav,1,0,0.77,kuiyi,kwi↘ji↗,kwiji,kwiji,yes,single-word
CLR_white_01_spkrJS.xml,CLR_white_01_spkrJS.wav,1,0,0.68,yaa,jaː↘,jaː,jaa,yes,single-word
CLR_white_02_spkrJS.xml,CLR_white_02_spkrJS.wav,1,0,0.61,yaa,jaː↘,jaː,jaa,yes,single-word
CLR_yellow_01_02_TS.xml,CLR_yellow_01_02_TS.wav,1,0,1.20,kuaan,kwãː˥,kwãː,kwãː,yes,single-word
CLR_yellow_01_02_TS.xml,CLR_yellow_01_02_TS.wav,2,1.20,2.39,kuaan,kwãː˥ꜜ,kwãː,kwãː,yes,single-word
CMND_come_DEIXS_LOC_1st_sg_01_02_03_spkrTS.xml,CMND_come_DEIXS_LOC_1st_sg_01_02_03_spkrTS.wav,,1,7,kaka,ka˥ka˥,kaka,kaka,yes,sentence-level-word
CMND_come_DEIXS_LOC_1st_sg_01_02_03_spkrTS.xml,CMND_come_DEIXS_LOC_1st_sg_01_02_03_spkrTS.wav,,13,17,inkaa,ŋk̬aː↘,ŋk̬aː,ŋk̬aa,yes,sentence-level-word
CMND_come_DEIXS_LOC_1st_sg_01_02_03_spkrTS.xml,CMND_come_DEIXS_LOC_1st_sg_01_02_03_spkrTS.wav,,7,13,chinu,tʃi˥nu˩,tʃinu,t͡ʃinu,yes,sentence-level-word
CMND_come_DEIXS_LOC_1st_sg_01_02_03_spkrTS.xml,CMND_come_DEIXS_LOC_1st_sg_01_02_03_spkrTS.wav,,17,60,yu,ju˩ꜛ,juꜛ,ju,yes,sentence-level-word
CMND_come_DEIXS_LOC_1st_sg_01_02_03_spkrTS.xml,CMND_come_DEIXS_LOC_1st_sg_01_02_03_spkrTS.wav,,0,1.47,kaka chinu inkaa yu,,,kaka t͡ʃinu ŋk̬aa ju,,sentence-level-full
CMND_come_DEIXS_LOC_1st_sg_01_02_03_spkrTS.xml,CMND_come_DEIXS_LOC_1st_sg_01_02_03_spkrTS.wav,,30,34,inkaa,ŋk̬aː↘ꜛ,ŋk̬aːꜛ,ŋk̬aa,yes,sentence-level-word
CMND_come_DEIXS_LOC_1st_sg_01_02_03_spkrTS.xml,CMND_come_DEIXS_LOC_1st_sg_01_02_03_spkrTS.wav,,34,61,yu,ju↘,ju,ju,yes,sentence-level-word
CMND_come_DEIXS_LOC_1st_sg_01_02_03_spkrTS.xml,CMND_come_DEIXS_LOC_1st_sg_01_02_03_spkrTS.wav,,25,30,chinu,tʃi˥ꜜn˩u,tʃinu,t͡ʃinu,yes,sentence-level-word
CMND_come_DEIXS_LOC_1st_sg_01_02_03_spkrTS.xml,CMND_come_DEIXS_LOC_1st_sg_01_02_03_spkrTS.wav,,19,25,kaka,ka˥ꜜka˥,kaka,kaka,yes,sentence-level-word
CMND_come_DEIXS_LOC_1st_sg_01_02_03_spkrTS.xml,CMND_come_DEIXS_LOC_1st_sg_01_02_03_spkrTS.wav,,1.47,3.13,kaka chinu inkaa yu,,,kaka t͡ʃinu ŋk̬aa ju,,sentence-level-full
CMND_come_DEIXS_LOC_1st_sg_01_02_03_spkrTS.xml,CMND_come_DEIXS_LOC_1st_sg_01_02_03_spkrTS.wav,,48,52,inkaa,ŋk̬a↘ꜛ,ŋk̬aꜛ,ŋk̬a,yes,sentence-level-word
CMND_come_DEIXS_LOC_1st_sg_01_02_03_spkrTS.xml,CMND_come_DEIXS_LOC_1st_sg_01_02_03_spkrTS.wav,,52,62,yu,ju∙,ju,ju,yes,sentence-level-word
CMND_come_DEIXS_LOC_1st_sg_01_02_03_spkrTS.xml,CMND_come_DEIXS_LOC_1st_sg_01_02_03_spkrTS.wav,,43,48,chinu,tʃ˥ꜜinu˩,tʃinu,t͡ʃinu,yes,sentence-level-word
CMND_come_DEIXS_LOC_1st_sg_01_02_03_spkrTS.xml,CMND_come_DEIXS_LOC_1st_sg_01_02_03_spkrTS.wav,,37,43,kaka,ka˥ka˥,kaka,kaka,yes,sentence-level-word
CMND_come_DEIXS_LOC_1st_sg_01_02_03_spkrTS.xml,CMND_come_DEIXS_LOC_1st_sg_01_02_03_spkrTS.wav,,3.13,4.37,kaka chinu inkaa yu,,,kaka t͡ʃinu ŋk̬a ju,,sentence-level-full
CMND_come_down_01_02_03_TS.xml,CMND_come_down_01_02_03_TS.wav,,1,5,kua,kw˥an,kwan,kwan,yes,sentence-level-word
CMND_come_down_01_02_03_TS.xml,CMND_come_down_01_02_03_TS.wav,,5,25,nuu,ũː↘↗,ũː,ũː,yes,sentence-level-word
CMND_come_down_01_02_03_TS.xml,CMND_come_down_01_02_03_TS.wav,,0,1.36,kua nuu,,,kwan ũː,,sentence-level-full
CMND_come_down_01_02_03_TS.xml,CMND_come_down_01_02_03_TS.wav,,8,12,kua,kwa˥,kwa,kwa,yes,sentence-level-word
CMND_come_down_01_02_03_TS.xml,CMND_come_down_01_02_03_TS.wav,,12,26,nuu,nũː↘↗ꜜ,nũː,nũː,yes,sentence-level-word
CMND_come_down_01_02_03_TS.xml,CMND_come_down_01_02_03_TS.wav,,1.36,2.67,kua nuu,,,kwa nũː,,sentence-level-full
CMND_come_down_01_02_03_TS.xml,CMND_come_down_01_02_03_TS.wav,,15,19,kua,kwa˥,kwa,kwa,yes,sentence-level-word
CMND_come_down_01_02_03_TS.xml,CMND_come_down_01_02_03_TS.wav,,19,27,nuu,nũː↘↗ꜜ,nũː,nũː,yes,sentence-level-word
CMND_come_down_01_02_03_TS.xml,CMND_come_down_01_02_03_TS.wav,,2.67,4.12,kua nuu,,,kwa nũː,,sentence-level-full
CONFIG-body_parts-back_butt_01_02_03_TS.xml,CONFIG-body_parts-back_butt_01_02_03_TS.wav,,11,16,inkaa,iŋk̬aː↘,iŋk̬aː,iŋk̬aa,yes,sentence-level-word
CONFIG-body_parts-back_butt_01_02_03_TS.xml,CONFIG-body_parts-back_butt_01_02_03_TS.wav,,37,43,xicha,ʃi↘tʃa↗,ʃitʃa,ʃit͡ʃa,yes,sentence-level-word
CONFIG-body_parts-back_butt_01_02_03_TS.xml,CONFIG-body_parts-back_butt_01_02_03_TS.wav,,1,11,chikuchi,tʃi˥ku↘tʃi↗ꜜ,tʃikutʃi,t͡ʃikut͡ʃi,yes,sentence-level-word
CONFIG-body_parts-back_butt_01_02_03_TS.xml,CONFIG-body_parts-back_butt_01_02_03_TS.wav,,22,25,ra,ɾa˧,ɾa,ɾa,yes,sentence-level-word
CONFIG-body_parts-back_butt_01_02_03_TS.xml,CONFIG-body_parts-back_butt_01_02_03_TS.wav,,16,22,satu,sa˩t̪u↗ꜜ,sat̪u,satu,yes,sentence-level-word
CONFIG-body_parts-back_butt_01_02_03_TS.xml,CONFIG-body_parts-back_butt_01_02_03_TS.wav,,32,37,inkaa,iŋk̬aː↘,iŋk̬aː,iŋk̬aa,yes,sentence-level-word
CONFIG-body_parts-back_butt_01_02_03_TS.xml,CONFIG-body_parts-back_butt_01_02_03_TS.wav,,25,32,chininu,tʃi˥n↘in↘↗ꜜu,tʃininu,t͡ʃininu,yes,sentence-level-word
CONFIG-body_parts-back_butt_01_02_03_TS.xml,CONFIG-body_parts-back_butt_01_02_03_TS.wav,,43,99,ku,ɣu↗,ɣu,ɣu,yes,sentence-level-word
CONFIG-body_parts-back_butt_01_02_03_TS.xml,CONFIG-body_parts-back_butt_01_02_03_TS.wav,,0,7.16,chikuchi inkaa satu ra chininu inkaa xicha ku,,,t͡ʃikut͡ʃi iŋk̬aa satu ɾa t͡ʃininu iŋk̬aa ʃit͡ʃa ɣu,,sentence-level-full
CONFIG-body_parts-back_butt_01_02_03_TS.xml,CONFIG-body_parts-back_butt_01_02_03_TS.wav,,54,59,inkaa,iŋk̬aː↘,iŋk̬aː,iŋk̬aa,yes,sentence-level-word
CONFIG-body_parts-back_butt_01_02_03_TS.xml,CONFIG-body_parts-back_butt_01_02_03_TS.wav,,46,54,chikuchi,tʃ˥iku↘tʃi↗ꜜ,tʃikutʃi,t͡ʃikut͡ʃi,yes,sentence-level-word
CONFIG-body_parts-back_butt_01_02_03_TS.xml,CONFIG-body_parts-back_butt_01_02_03_TS.wav,,80,86,xicha,ʃi˩tʃa↗ꜜ,ʃitʃa,ʃit͡ʃa,yes,sentence-level-word
CONFIG-body_parts-back_butt_01_02_03_TS.xml,CONFIG-body_parts-back_butt_01_02_03_TS.wav,,68,76,chininu,tʃi˥ni↘ꜜn↘↗ꜜu,tʃininu,t͡ʃininu,yes,sentence-level-word
CONFIG-body_parts-back_butt_01_02_03_TS.xml,CONFIG-body_parts-back_butt_01_02_03_TS.wav,,86,100,ku,ɣu↗ꜜ,ɣu,ɣu,yes,sentence-level-word
CONFIG-body_parts-back_butt_01_02_03_TS.xml,CONFIG-body_parts-back_butt_01_02_03_TS.wav,,76,80,inkaa,iŋk̬↘aː,iŋk̬aː,iŋk̬aa,yes,sentence-level-word
CONFIG-body_parts-back_butt_01_02_03_TS.xml,CONFIG-body_parts-back_butt_01_02_03_TS.wav,,65,68,ra,ɾa˧,ɾa,ɾa,yes,sentence-level-word
CONFIG-body_parts-back_butt_01_02_03_TS.xml,CONFIG-body_parts-back_butt_01_02_03_TS.wav,,59,65,satu,sa˩t̪u↗,sat̪u,satu,yes,sentence-level-word
CONFIG-body_parts-back_butt_01_02_03_TS.xml,CONFIG-body_parts-back_butt_01_02_03_TS.wav,,7.16,13.07,chikuchi inkaa satu ra chininu inkaa xicha ku,,,t͡ʃikut͡ʃi iŋk̬aa satu ɾa t͡ʃininu iŋk̬aa ʃit͡ʃa ɣu,,sentence-level-full
CONFIG-body_parts-ears_head_01_02_TS.xml,CONFIG-body_parts-ears_head_01_02_TS.wav,,14,43,xinu,ʃi↘nu↗ꜜ,ʃinu,ʃinu,yes,sentence-level-word
CONFIG-body_parts-ears_head_01_02_TS.xml,CONFIG-body_parts-ears_head_01_02_TS.wav,,1,7,so'o,so˥ʔo˧,soʔo,soʔo,yes,sentence-level-word
CONFIG-body_parts-ears_head_01_02_TS.xml,CONFIG-body_parts-ears_head_01_02_TS.wav,,7,10,ku,ɣu↗,ɣu,ɣu,yes,sentence-level-word
CONFIG-body_parts-ears_head_01_02_TS.xml,CONFIG-body_parts-ears_head_01_02_TS.wav,,10,14,inkai,iŋai˥↘,iŋai,iŋai,yes,sentence-level-word
CONFIG-body_parts-ears_head_01_02_TS.xml,CONFIG-body_parts-ears_head_01_02_TS.wav,,1.57,4.62,so'o ku inkai xinu,,,soʔo ɣu iŋai ʃinu,,sentence-level-full
CONFIG-body_parts-ears_head_01_02_TS.xml,CONFIG-body_parts-ears_head_01_02_TS.wav,,33,44,xinu,ʃi↘nũ↗,ʃinũ,ʃinũ,yes,sentence-level-word
CONFIG-body_parts-ears_head_01_02_TS.xml,CONFIG-body_parts-ears_head_01_02_TS.wav,,26,28,ku,ɣɔ↗,ɣɔ,ɣɔ,yes,sentence-level-word
CONFIG-body_parts-ears_head_01_02_TS.xml,CONFIG-body_parts-ears_head_01_02_TS.wav,,28,33,inkai,iŋk̬ai˥˩,iŋk̬ai,iŋk̬ai,yes,sentence-level-word
CONFIG-body_parts-ears_head_01_02_TS.xml,CONFIG-body_parts-ears_head_01_02_TS.wav,,20,26,so'o,so˥ꜛʔo˩,soꜛʔo,soʔo,yes,sentence-level-word
CONFIG-body_parts-ears_head_01_02_TS.xml,CONFIG-body_parts-ears_head_01_02_TS.wav,,4.62,7.48,so'o ku inkai xinu,,,soʔo ɣɔ iŋk̬ai ʃinũ,,sentence-level-full
CONFIG-body_parts-ears_head_3form-all_01_02_TS.xml,CONFIG-body_parts-ears_head_3form-all_01_02_TS.wav,,7,10,na,na˩,na,na,yes,sentence-level-word
CONFIG-body_parts-ears_head_3form-all_01_02_TS.xml,CONFIG-body_parts-ears_head_3form-all_01_02_TS.wav,,10,14,inkai,iŋk̬˥↘ai,iŋk̬ai,iŋk̬ai,yes,sentence-level-word
CONFIG-body_parts-ears_head_3form-all_01_02_TS.xml,CONFIG-body_parts-ears_head_3form-all_01_02_TS.wav,,19,47,na,na˩ꜛ,naꜛ,na,yes,sentence-level-word
CONFIG-body_parts-ears_head_3form-all_01_02_TS.xml,CONFIG-body_parts-ears_head_3form-all_01_02_TS.wav,,14,19,xini,ʃi↘ni↗,ʃini,ʃini,yes,sentence-level-word
CONFIG-body_parts-ears_head_3form-all_01_02_TS.xml,CONFIG-body_parts-ears_head_3form-all_01_02_TS.wav,,1,7,so'o,so˥ʔo˩,soʔo,soʔo,yes,sentence-level-word
CONFIG-body_parts-ears_head_3form-all_01_02_TS.xml,CONFIG-body_parts-ears_head_3form-all_01_02_TS.wav,,5.49,7.99,so'o na inkai xini na,,,soʔo na iŋk̬ai ʃini na,,sentence-level-full
CONFIG-body_parts-ears_head_3form-all_01_02_TS.xml,CONFIG-body_parts-ears_head_3form-all_01_02_TS.wav,,31,35,inkai,ŋk̬ai↘,ŋk̬ai,ŋk̬ai,yes,sentence-level-word
CONFIG-body_parts-ears_head_3form-all_01_02_TS.xml,CONFIG-body_parts-ears_head_3form-all_01_02_TS.wav,,22,28,so'o,soʔ˥o˩,soʔo,soʔo,yes,sentence-level-word
CONFIG-body_parts-ears_head_3form-all_01_02_TS.xml,CONFIG-body_parts-ears_head_3form-all_01_02_TS.wav,,28,31,na,na˩,na,na,yes,sentence-level-word
CONFIG-body_parts-ears_head_3form-all_01_02_TS.xml,CONFIG-body_parts-ears_head_3form-all_01_02_TS.wav,,35,41,xini,ʃi↘ni↗,ʃini,ʃini,yes,sentence-level-word
CONFIG-body_parts-ears_head_3form-all_01_02_TS.xml,CONFIG-body_parts-ears_head_3form-all_01_02_TS.wav,,41,48,na,na˩ꜛ,naꜛ,na,yes,sentence-level-word
CONFIG-body_parts-ears_head_3form-all_01_02_TS.xml,CONFIG-body_parts-ears_head_3form-all_01_02_TS.wav,,7.99,10.60,so'o na inkai xini na,,,soʔo na ŋk̬ai ʃini na,,sentence-level-full
CONFIG-body_parts-face_head_01_02_TS.xml,CONFIG-body_parts-face_head_01_02_TS.wav,,1,4,nuu,nũː↘↗,nũː,nũː,yes,sentence-level-word
CONFIG-body_parts-face_head_01_02_TS.xml,CONFIG-body_parts-face_head_01_02_TS.wav,,4,7,ku,ɣu↗,ɣu,ɣu,yes,sentence-level-word
CONFIG-body_parts-face_head_01_02_TS.xml,CONFIG-body_parts-face_head_01_02_TS.wav,,7,12,inkai,iŋk̬ai˥↘,iŋk̬ai,iŋk̬ai,yes,sentence-level-word
CONFIG-body_parts-face_head_01_02_TS.xml,CONFIG-body_parts-face_head_01_02_TS.wav,,12,39,xinu,ʃi↘nũ↗,ʃinũ,ʃinũ,yes,sentence-level-word
CONFIG-body_parts-face_head_01_02_TS.xml,CONFIG-body_parts-face_head_01_02_TS.wav,,0,2.66,nuu ku inkai xinu,,,nũː ɣu iŋk̬ai ʃinũ,,sentence-level-full
CONFIG-body_parts-face_head_01_02_TS.xml,CONFIG-body_parts-face_head_01_02_TS.wav,,21,24,ku,ɣu↗,ɣu,ɣu,yes,sentence-level-word
CONFIG-body_parts-face_head_01_02_TS.xml,CONFIG-body_parts-face_head_01_02_TS.wav,,29,40,xinu,ʃi↘nũ↗,ʃinũ,ʃinũ,yes,sentence-level-word
CONFIG-body_parts-face_head_01_02_TS.xml,CONFIG-body_parts-face_head_01_02_TS.wav,,18,21,nuu,nũː↘↗,nũː,nũː,yes,sentence-level-word
CONFIG-body_parts-face_head_01_02_TS.xml,CONFIG-body_parts-face_head_01_02_TS.wav,,24,29,inkai,iŋk̬ai˥↘,iŋk̬ai,iŋk̬ai,yes,sentence-level-word
CONFIG-body_parts-face_head_01_02_TS.xml,CONFIG-body_parts-face_head_01_02_TS.wav,,2.66,5.45,nuu ku inkai xinu,,,nũː ɣu iŋk̬ai ʃinũ,,sentence-level-full
CONFIG-body_parts-face_head_3s-inf_01_02_TS.xml,CONFIG-body_parts-face_head_3s-inf_01_02_TS.wav,,1,4,nuu,nũː↘↗,nũː,nũː,yes,sentence-level-word
CONFIG-body_parts-face_head_3s-inf_01_02_TS.xml,CONFIG-body_parts-face_head_3s-inf_01_02_TS.wav,,4,6,ra,ɾ˩ꜛa,ɾꜛa,ɾa,yes,sentence-level-word
CONFIG-body_parts-face_head_3s-inf_01_02_TS.xml,CONFIG-body_parts-face_head_3s-inf_01_02_TS.wav,,11,36,xini,ʃi↘ꜜni↗↘,ʃini,ʃini,yes,sentence-level-word
CONFIG-body_parts-face_head_3s-inf_01_02_TS.xml,CONFIG-body_parts-face_head_3s-inf_01_02_TS.wav,,6,11,inkai,iŋk̬ai˥↘,iŋk̬ai,iŋk̬ai,yes,sentence-level-word
CONFIG-body_parts-face_head_3s-inf_01_02_TS.xml,CONFIG-body_parts-face_head_3s-inf_01_02_TS.wav,,0,2.61,nuu ra inkai xini,,,nũː ɾa iŋk̬ai ʃini,,sentence-level-full
CONFIG-body_parts-face_head_3s-inf_01_02_TS.xml,CONFIG-body_parts-face_head_3s-inf_01_02_TS.wav,,17,20,nuu,nũː↘↗,nũː,nũː,yes,sentence-level-word
CONFIG-body_parts-face_head_3s-inf_01_02_TS.xml,CONFIG-body_parts-face_head_3s-inf_01_02_TS.wav,,27,37,xini,ʃi↘ꜜni↗↘,ʃini,ʃini,yes,sentence-level-word
CONFIG-body_parts-face_head_3s-inf_01_02_TS.xml,CONFIG-body_parts-face_head_3s-inf_01_02_TS.wav,,23,27,inkai,iŋk̬˥↘ai,iŋk̬ai,iŋk̬ai,yes,sentence-level-word
CONFIG-body_parts-face_head_3s-inf_01_02_TS.xml,CONFIG-body_parts-face_head_3s-inf_01_02_TS.wav,,20,23,ra,ɾa˩,ɾa,ɾa,yes,sentence-level-word
CONFIG-body_parts-face_head_3s-inf_01_02_TS.xml,CONFIG-body_parts-face_head_3s-inf_01_02_TS.wav,,2.61,5.03,nuu ra inkai xini,,,nũː ɾa iŋk̬ai ʃini,,sentence-level-full
CONFIG-body_parts-head_chest_01_02_TS.xml,CONFIG-body_parts-head_chest_01_02_TS.wav,,7,9,ku,ɣ↗u,ɣu,ɣu,yes,sentence-level-word
CONFIG-body_parts-head_chest_01_02_TS.xml,CONFIG-body_parts-head_chest_01_02_TS.wav,,21,50,ku,ɣu↗,ɣu,ɣu,yes,sentence-level-word
CONFIG-body_parts-head_chest_01_02_TS.xml,CONFIG-body_parts-head_chest_01_02_TS.wav,,9,14,inkai,iŋk̬aː˥↘,iŋk̬aː,iŋk̬aa,yes,sentence-level-word
CONFIG-body_parts-head_chest_01_02_TS.xml,CONFIG-body_parts-head_chest_01_02_TS.wav,,14,21,nchika,ntʃi˩ka˩,ntʃika,nt͡ʃika,yes,sentence-level-word
CONFIG-body_parts-head_chest_01_02_TS.xml,CONFIG-body_parts-head_chest_01_02_TS.wav,,1,7,xinu,tʃi˥nũː↘↗,tʃinũː,t͡ʃinũː,yes,sentence-level-word
CONFIG-body_parts-head_chest_01_02_TS.xml,CONFIG-body_parts-head_chest_01_02_TS.wav,,0,3.50,xinu ku inkai nchika ku,,,t͡ʃinũː ɣu iŋk̬aa nt͡ʃika ɣu,,sentence-level-full
CONFIG-body_parts-head_chest_01_02_TS.xml,CONFIG-body_parts-head_chest_01_02_TS.wav,,24,30,xinu,tʃi˥nũː↘↗,tʃinũː,t͡ʃinũː,yes,sentence-level-word
CONFIG-body_parts-head_chest_01_02_TS.xml,CONFIG-body_parts-head_chest_01_02_TS.wav,,33,38,inkai,iŋk̬ãː˥↘,iŋk̬ãː,iŋk̬ãː,yes,sentence-level-word
CONFIG-body_parts-head_chest_01_02_TS.xml,CONFIG-body_parts-head_chest_01_02_TS.wav,,38,44,nchika,ntʃi˩k˩a,ntʃika,nt͡ʃika,yes,sentence-level-word
CONFIG-body_parts-head_chest_01_02_TS.xml,CONFIG-body_parts-head_chest_01_02_TS.wav,,44,51,ku,ɣu↗,ɣu,ɣu,yes,sentence-level-word
CONFIG-body_parts-head_chest_01_02_TS.xml,CONFIG-body_parts-head_chest_01_02_TS.wav,,30,33,ku,ɣu↗,ɣu,ɣu,yes,sentence-level-word
CONFIG-body_parts-head_chest_01_02_TS.xml,CONFIG-body_parts-head_chest_01_02_TS.wav,,3.50,6.89,xinu ku inkai nchika ku,,,t͡ʃinũː ɣu iŋk̬ãː nt͡ʃika ɣu,,sentence-level-full
CONFIG-body_parts-head_foot_01_02_TS.xml,CONFIG-body_parts-head_foot_01_02_TS.wav,,37,94,tsa'u,tsa∙ʔo̰↗,tsaʔo̰,t͡saʔo̰,yes,sentence-level-word
CONFIG-body_parts-head_foot_01_02_TS.xml,CONFIG-body_parts-head_foot_01_02_TS.wav,,10,16,inkaa,iŋk̬ãː˥↘,iŋk̬ãː,iŋk̬ãː,yes,sentence-level-word
CONFIG-body_parts-head_foot_01_02_TS.xml,CONFIG-body_parts-head_foot_01_02_TS.wav,,22,25,ra,ɾa˧,ɾa,ɾa,yes,sentence-level-word
CONFIG-body_parts-head_foot_01_02_TS.xml,CONFIG-body_parts-head_foot_01_02_TS.wav,,33,37,inkaa,iŋk̬˥↘aː,iŋk̬aː,iŋk̬aa,yes,sentence-level-word
CONFIG-body_parts-head_foot_01_02_TS.xml,CONFIG-body_parts-head_foot_01_02_TS.wav,,16,22,xinu,ʃi↘ꜜnũ↗,ʃinũ,ʃinũ,yes,sentence-level-word
CONFIG-body_parts-head_foot_01_02_TS.xml,CONFIG-body_parts-head_foot_01_02_TS.wav,,1,10,chikuchi,tʃi˥ku↘tʃi↗,tʃikutʃi,t͡ʃikut͡ʃi,yes,sentence-level-word
CONFIG-body_parts-head_foot_01_02_TS.xml,CONFIG-body_parts-head_foot_01_02_TS.wav,,25,33,chininu,tʃini↘nũ↘↗ꜜ,tʃininũ,t͡ʃininũ,yes,sentence-level-word
CONFIG-body_parts-head_foot_01_02_TS.xml,CONFIG-body_parts-head_foot_01_02_TS.wav,,0,4.20,chikuchi inkaa xinu ra chininu inkaa tsa'u,,,t͡ʃikut͡ʃi iŋk̬ãː ʃinũ ɾa t͡ʃininũ iŋk̬aa t͡saʔo̰,,sentence-level-full
CONFIG-body_parts-head_foot_01_02_TS.xml,CONFIG-body_parts-head_foot_01_02_TS.wav,,51,56,inkaa,iŋk̬aː˥↘ꜛ,iŋk̬aːꜛ,iŋk̬aa,yes,sentence-level-word
CONFIG-body_parts-head_foot_01_02_TS.xml,CONFIG-body_parts-head_foot_01_02_TS.wav,,56,62,xinu,ʃi↘nũ↗ꜜ,ʃinũ,ʃinũ,yes,sentence-level-word
CONFIG-body_parts-head_foot_01_02_TS.xml,CONFIG-body_parts-head_foot_01_02_TS.wav,,62,64,ra,ɾ˧a,ɾa,ɾa,yes,sentence-level-word
CONFIG-body_parts-head_foot_01_02_TS.xml,CONFIG-body_parts-head_foot_01_02_TS.wav,,64,72,chininu,tʃi˥n↘inũː↘↗ꜜ,tʃininũː,t͡ʃininũː,yes,sentence-level-word
CONFIG-body_parts-head_foot_01_02_TS.xml,CONFIG-body_parts-head_foot_01_02_TS.wav,,77,95,tsa'u,tsa̰∙ʔṵ↗ꜜ,tsa̰ʔṵ,t͡saʔṵ,yes,sentence-level-word
CONFIG-body_parts-head_foot_01_02_TS.xml,CONFIG-body_parts-head_foot_01_02_TS.wav,,72,77,inkaa,iŋk̬aː˥↘,iŋk̬aː,iŋk̬aa,yes,sentence-level-word
CONFIG-body_parts-head_foot_01_02_TS.xml,CONFIG-body_parts-head_foot_01_02_TS.wav,,43,51,chikuchi,tʃi˥k˩utʃi↗ꜜ,tʃikutʃi,t͡ʃikut͡ʃi,yes,sentence-level-word
CONFIG-body_parts-head_foot_01_02_TS.xml,CONFIG-body_parts-head_foot_01_02_TS.wav,,4.20,8.11,chikuchi inkaa xinu ra chininu inkaa tsa'u,,,t͡ʃikut͡ʃi iŋk̬aa ʃinũ ɾa t͡ʃininũː iŋk̬aa t͡saʔṵ,,sentence-level-full
CONFIG-body_parts-nose_eyes_face_3form-all_01_02_TS.xml,CONFIG-body_parts-nose_eyes_face_3form-all_01_02_TS.wav,,31,75,na,na˩,na,na,yes,sentence-level-word
CONFIG-body_parts-nose_eyes_face_3form-all_01_02_TS.xml,CONFIG-body_parts-nose_eyes_face_3form-all_01_02_TS.wav,,15,20,xichi,ʃi˩tʃ˩i,ʃitʃi,ʃit͡ʃi,yes,sentence-level-word
CONFIG-body_parts-nose_eyes_face_3form-all_01_02_TS.xml,CONFIG-body_parts-nose_eyes_face_3form-all_01_02_TS.wav,,12,15,tsi,tsi˩ꜛ,tsiꜛ,t͡si,yes,sentence-level-word
CONFIG-body_parts-nose_eyes_face_3form-all_01_02_TS.xml,CONFIG-body_parts-nose_eyes_face_3form-all_01_02_TS.wav,,20,23,na,na˩,na,na,yes,sentence-level-word
CONFIG-body_parts-nose_eyes_face_3form-all_01_02_TS.xml,CONFIG-body_parts-nose_eyes_face_3form-all_01_02_TS.wav,,9,12,na,na↘,na,na,yes,sentence-level-word
CONFIG-body_parts-nose_eyes_face_3form-all_01_02_TS.xml,CONFIG-body_parts-nose_eyes_face_3form-all_01_02_TS.wav,,28,31,nuu,nũː↘↗ꜜ,nũː,nũː,yes,sentence-level-word
CONFIG-body_parts-nose_eyes_face_3form-all_01_02_TS.xml,CONFIG-body_parts-nose_eyes_face_3form-all_01_02_TS.wav,,1,9,ntuchinuu,du˥tʃi↘n↘↗ũː,dutʃinũː,dut͡ʃinũː,yes,sentence-level-word
CONFIG-body_parts-nose_eyes_face_3form-all_01_02_TS.xml,CONFIG-body_parts-nose_eyes_face_3form-all_01_02_TS.wav,,23,28,inkaa,iŋk̬↘ai,iŋk̬ai,iŋk̬ai,yes,sentence-level-word
CONFIG-body_parts-nose_eyes_face_3form-all_01_02_TS.xml,CONFIG-body_parts-nose_eyes_face_3form-all_01_02_TS.wav,,0,4.63,ntuchinuu na tsi xichi na inkaa nuu na,,,dut͡ʃinũː na t͡si ʃit͡ʃi na iŋk̬ai nũː na,,sentence-level-full
CONFIG-body_parts-nose_eyes_face_3form-all_01_02_TS.xml,CONFIG-body_parts-nose_eyes_face_3form-all_01_02_TS.wav,,45,48,tsi,tsi˩,tsi,t͡si,yes,sentence-level-word
CONFIG-body_parts-nose_eyes_face_3form-all_01_02_TS.xml,CONFIG-body_parts-nose_eyes_face_3form-all_01_02_TS.wav,,42,45,na,na˩,na,na,yes,sentence-level-word
CONFIG-body_parts-nose_eyes_face_3form-all_01_02_TS.xml,CONFIG-body_parts-nose_eyes_face_3form-all_01_02_TS.wav,,57,63,inkai,iŋk̬ai↘,iŋk̬ai,iŋk̬ai,yes,sentence-level-word
CONFIG-body_parts-nose_eyes_face_3form-all_01_02_TS.xml,CONFIG-body_parts-nose_eyes_face_3form-all_01_02_TS.wav,,48,54,xichi,ʃi˥tʃi˩,ʃitʃi,ʃit͡ʃi,yes,sentence-level-word
CONFIG-body_parts-nose_eyes_face_3form-all_01_02_TS.xml,CONFIG-body_parts-nose_eyes_face_3form-all_01_02_TS.wav,,54,57,na,na˩,na,na,yes,sentence-level-word
CONFIG-body_parts-nose_eyes_face_3form-all_01_02_TS.xml,CONFIG-body_parts-nose_eyes_face_3form-all_01_02_TS.wav,,66,76,na,na↘,na,na,yes,sentence-level-word
CONFIG-body_parts-nose_eyes_face_3form-all_01_02_TS.xml,CONFIG-body_parts-nose_eyes_face_3form-all_01_02_TS.wav,,63,66,nuu,nũː↘↗,nũː,nũː,yes,sentence-level-word
CONFIG-body_parts-nose_eyes_face_3form-all_01_02_TS.xml,CONFIG-body_parts-nose_eyes_face_3form-all_01_02_TS.wav,,34,42,ntuchinuu,du˥ꜜtʃi˩ũː↘↗ꜜ,dutʃiũː,dut͡ʃiũː,yes,sentence-level-word
CONFIG-body_parts-nose_eyes_face_3form-all_01_02_TS.xml,CONFIG-body_parts-nose_eyes_face_3form-all_01_02_TS.wav,,4.63,9.56,ntuchinuu na tsi xichi na inkai nuu na,,,dut͡ʃiũː na t͡si ʃit͡ʃi na iŋk̬ai nũː na,,sentence-level-full
CORP_bone_01_02_03_spkrTS.xml,CORP_bone_01_02_03_spkrTS.wav,1,0,0.76,kiche'e,ki˥ꜜtʃ∙ɛ̰ʔɛ̰˥,kitʃɛ̰ʔɛ̰,kit͡ʃɛʔɛ̰,yes,single-word
CORP_bone_01_02_03_spkrTS.xml,CORP_bone_01_02_03_spkrTS.wav,2,0.76,1.58,kiche'e,ki˥tʃɛ̰∙ʔɛ̰˥ꜜ,kitʃɛ̰ʔɛ̰,kit͡ʃɛʔɛ̰,yes,single-word
CORP_bone_01_02_03_spkrTS.xml,CORP_bone_01_02_03_spkrTS.wav,3,1.58,2.39,kiche'e,ki∙tʃɛ̰∙ʔɛ̰˥,kitʃɛ̰ʔɛ̰,kit͡ʃɛʔɛ̰,yes,single-word
CORP_butt_01_02_03_spkrTS.xml,CORP_butt_01_02_03_spkrTS.wav,1,0,0.88,xicha,ʃi˧tʃa˩,ʃitʃa,ʃit͡ʃa,yes,single-word
CORP_butt_01_02_03_spkrTS.xml,CORP_butt_01_02_03_spkrTS.wav,2,0.88,1.72,xicha,ʃi˧tʃa˩,ʃitʃa,ʃit͡ʃa,yes,single-word
CORP_butt_01_02_03_spkrTS.xml,CORP_butt_01_02_03_spkrTS.wav,3,1.72,2.52,xicha,ʃi˧tʃa˩,ʃitʃa,ʃit͡ʃa,yes,single-word
CORP_ears_01_02_03_spkrTS.xml,CORP_ears_01_02_03_spkrTS.wav,1,0,0.82,so'o,so̰∙ʔo̰↗,so̰ʔo̰,soʔo̰,yes,single-word
CORP_ears_01_02_03_spkrTS.xml,CORP_ears_01_02_03_spkrTS.wav,2,0.82,1.65,so'o,so̰˩ʔo̰˧,so̰ʔo̰,soʔo̰,yes,single-word
CORP_ears_01_02_03_spkrTS.xml,CORP_ears_01_02_03_spkrTS.wav,3,1.65,2.44,so'o,so̰∙ʔo̰↗ꜜ,so̰ʔo̰,soʔo̰,yes,single-word
CORP_eyes_01_02_03_spkrTS.xml,CORP_eyes_01_02_03_spkrTS.wav,1,0,1.30,ntuchinuu,du˧tʃi˥nũː↘↗,dutʃinũː,dut͡ʃinũː,yes,single-word
CORP_eyes_01_02_03_spkrTS.xml,CORP_eyes_01_02_03_spkrTS.wav,2,1.30,2.49,ntuchinuu,d̪u˧tʃi˥nũː↘↗,d̪utʃinũː,dut͡ʃinũː,yes,single-word
CORP_eyes_01_02_03_spkrTS.xml,CORP_eyes_01_02_03_spkrTS.wav,3,2.49,3.71,ntuchinuu,ndu˧tʃi˥nũː↘↗,ndutʃinũː,ndut͡ʃinũː,yes,single-word
CORP_face_01_02_03_spkrTS.xml,CORP_face_01_02_03_spkrTS.wav,1,0,0.65,nuu,nũː↘↗,nũː,nũː,yes,single-word
CORP_face_01_02_03_spkrTS.xml,CORP_face_01_02_03_spkrTS.wav,2,0.65,1.31,nuu,n↘↗ũː,nũː,nũː,yes,single-word
CORP_face_01_02_03_spkrTS.xml,CORP_face_01_02_03_spkrTS.wav,3,1.31,1.92,nuu,nũː↘↗,nũː,nũː,yes,single-word
CORP_head_01_02_03_spkrTS.xml,CORP_head_01_02_03_spkrTS.wav,1,0,1.00,xiní,ʃi↘ni↗,ʃini,ʃini,yes,single-word
CORP_head_01_02_03_spkrTS.xml,CORP_head_01_02_03_spkrTS.wav,2,1.00,1.96,xiní,ʃi↘ꜜni↗,ʃini,ʃini,yes,single-word
CORP_head_01_02_03_spkrTS.xml,CORP_head_01_02_03_spkrTS.wav,3,1.96,2.93,xiní,ʃi˩ni↗,ʃini,ʃini,yes,single-word
CORP_leg-1s_01_02_03_TS.xml,CORP_leg-1s_01_02_03_TS.wav,1,0,1.29,si'i̠n,sḭ̃˧ʔḭ̃↘,sḭ̃ʔḭ̃,sḭ̃ʔḭ̃,yes,single-word
CORP_leg-1s_01_02_03_TS.xml,CORP_leg-1s_01_02_03_TS.wav,2,1.29,2.46,si'i̠n,sḭ̃˧ꜜʔḭ̃↘,sḭ̃ʔḭ̃,sḭ̃ʔḭ̃,yes,single-word
CORP_leg-1s_01_02_03_TS.xml,CORP_leg-1s_01_02_03_TS.wav,3,2.46,3.47,si'in,sḭ̃˧ꜜʔḭ̃↘,sḭ̃ʔḭ̃,sḭ̃ʔḭ̃,yes,single-word
CORP_leg-3s-inf_01_02_03_TS.xml,CORP_leg-3s-inf_01_02_03_TS.wav,1,0,1.27,si'a,sḭ̃∙ʔa↘,sḭ̃ʔa,sḭ̃ʔa,yes,single-word
CORP_leg-3s-inf_01_02_03_TS.xml,CORP_leg-3s-inf_01_02_03_TS.wav,2,1.27,2.39,si'a,sḭ̃˩ʔa↘,sḭ̃ʔa,sḭ̃ʔa,yes,single-word
CORP_leg-3s-inf_01_02_03_TS.xml,CORP_leg-3s-inf_01_02_03_TS.wav,3,2.39,3.52,si'a,sḭ̃ʔ˩a↘,sḭ̃ʔa,sḭ̃ʔa,yes,single-word
CORP_leg-3s-inf_01_02_03_TS.xml,CORP_leg-3s-inf_01_02_03_TS.wav,4,3.52,4.46,si'a,sĩ˩ʔa↘,sĩʔa,sĩʔa,yes,single-word
CORP_mouth_01_02_spkrTS.xml,CORP_mouth_01_02_spkrTS.wav,1,0,0.61,yu'u,ju˧ʔu↗,juʔu,juʔu,yes,single-word
CORP_mouth_01_02_spkrTS.xml,CORP_mouth_01_02_spkrTS.wav,2,0.61,1.23,yu'u,ju˧ʔu↗,juʔu,juʔu,yes,single-word
CORP_ribs_01_02_03_spkrTS.xml,CORP_ribs_01_02_03_spkrTS.wav,1,0,0.86,nchika,nʤi˩ka˥,nʤika,nd͡ʒika,yes,single-word
CORP_ribs_01_02_03_spkrTS.xml,CORP_ribs_01_02_03_spkrTS.wav,2,0.86,1.62,nchika,nʤi˩ka↗,nʤika,nd͡ʒika,yes,single-word
CORP_ribs_01_02_03_spkrTS.xml,CORP_ribs_01_02_03_spkrTS.wav,3,1.62,2.48,nchika,nʤi˩ka↗,nʤika,nd͡ʒika,yes,single-word
CORP_ribs_1st_sg_01_02_03_spkrTS.xml,CORP_ribs_1st_sg_01_02_03_spkrTS.wav,1,0,0.74,nchika̠,nʤi∙ka↘,nʤika,nd͡ʒika,yes,single-word
CORP_ribs_1st_sg_01_02_03_spkrTS.xml,CORP_ribs_1st_sg_01_02_03_spkrTS.wav,2,0.74,1.55,nchika̠,nʤi˩kaF,nʤikaF,nd͡ʒikaf,yes,single-word
CORP_ribs_1st_sg_01_02_03_spkrTS.xml,CORP_ribs_1st_sg_01_02_03_spkrTS.wav,3,1.55,2.41,nchika̠,nʤi˩ka↘,nʤika,nd͡ʒika,yes,single-word
CORP_skin_03_05_06_spkrJS.xml,CORP_skin_03_05_06_spkrJS.wav,1,0,0.99,ii,iː↘↗,iː,ii,yes,single-word
CORP_skin_03_05_06_spkrJS.xml,CORP_skin_03_05_06_spkrJS.wav,2,0.99,1.90,ii,iː↘↗,iː,ii,yes,single-word
CORP_skin_03_05_06_spkrJS.xml,CORP_skin_03_05_06_spkrJS.wav,3,1.90,2.68,ii,iː↘↗,iː,ii,yes,single-word
DEM-LOC-PROX_here_01_02_spkrJS.xml,DEM-LOC-PROX_here_01_02_spkrJS.wav,1,0,1.26,ño'o,ɲõ↗ʔõ˩ꜛ,ɲõʔõꜛ,ɲõʔõ,yes,single-word
DEM-LOC-PROX_here_01_02_spkrJS.xml,DEM-LOC-PROX_here_01_02_spkrJS.wav,2,1.26,2.81,ño'o,ɲõ↗ʔõ˩ꜛ,ɲõʔõꜛ,ɲõʔõ,yes,single-word
DEM-LOC_DIST_01_02_spkrJS.xml,DEM-LOC_DIST_01_02_spkrJS.wav,1,0,0.86,ika,i˧ka˥,ika,ika,yes,single-word
DEM-LOC_DIST_01_02_spkrJS.xml,DEM-LOC_DIST_01_02_spkrJS.wav,2,0.86,1.91,ika,i˧ka˥,ika,ika,yes,single-word
DEM_DIST_there_01_02_spkrJS.xml,DEM_DIST_there_01_02_spkrJS.wav,1,0,1.16,ñaka,ɲa↘k̬a↗,ɲak̬a,ɲak̬a,yes,single-word
DEM_DIST_there_01_02_spkrJS.xml,DEM_DIST_there_01_02_spkrJS.wav,2,1.16,2.52,ñaka,ɲa˩k̬a↗,ɲak̬a,ɲak̬a,yes,single-word
DEM_PROX_this_01_02_spkrJS.xml,DEM_PROX_this_01_02_spkrJS.wav,1,0,1.40,yo'o,jo˥ʔo˧,joʔo,joʔo,yes,single-word
DEM_PROX_this_01_02_spkrJS.xml,DEM_PROX_this_01_02_spkrJS.wav,2,1.40,2.79,yo'o,jo˥ʔo˩,joʔo,joʔo,yes,single-word
DGTS_1-10_01_spkrTS.xml,DGTS_1-10_01_spkrTS.wav,1,0.25,0.82,in,ĩː˧,ĩː,ĩː,yes,single-word
DGTS_1-10_01_spkrTS.xml,DGTS_1-10_01_spkrTS.wav,2,0.82,1.47,uvi,o↘βi˩,oβi,oβi,yes,single-word
DGTS_1-10_01_spkrTS.xml,DGTS_1-10_01_spkrTS.wav,3,1.47,2.21,uni,u˩ni˩,uni,uni,yes,single-word
DGTS_1-10_01_spkrTS.xml,DGTS_1-10_01_spkrTS.wav,4,2.21,2.83,kumi,ku˩mi↗,kumi,kumi,yes,single-word
DGTS_1-10_01_spkrTS.xml,DGTS_1-10_01_spkrTS.wav,5,2.83,3.63,u'un,ũ∙ʔm̩̰↘,ũʔm̩̰,ũʔm̰,yes,single-word
DGTS_1-10_01_spkrTS.xml,DGTS_1-10_01_spkrTS.wav,6,3.63,4.55,iñu,ĩ˧ɲõ˧,ĩɲõ,ĩɲõ,yes,single-word
DGTS_1-10_01_spkrTS.xml,DGTS_1-10_01_spkrTS.wav,7,4.55,5.52,utsa,u˩tsa↘,utsa,ut͡sa,yes,single-word
DGTS_1-10_01_spkrTS.xml,DGTS_1-10_01_spkrTS.wav,8,5.52,6.33,una,ũ↘na˩,ũna,ũna,yes,single-word
DGTS_1-10_01_spkrTS.xml,DGTS_1-10_01_spkrTS.wav,9,6.33,7.00,iin,i:↘,i:,i:,yes,single-word
DGTS_1-10_01_spkrTS.xml,DGTS_1-10_01_spkrTS.wav,10,7.00,7.77,utsi,u↘tsi↘,utsi,ut͡si,yes,single-word
DGTS_191919191919_01_spkrTS.xml,DGTS_191919191919_01_spkrTS.wav,,17,19,in,iː˥,iː,ii,yes,sentence-level-word
DGTS_191919191919_01_spkrTS.xml,DGTS_191919191919_01_spkrTS.wav,,5,7,in,ĩː˥,ĩː,ĩː,yes,sentence-level-word
DGTS_191919191919_01_spkrTS.xml,DGTS_191919191919_01_spkrTS.wav,,11,13,iin,ĩː↘,ĩː,ĩː,yes,sentence-level-word
DGTS_191919191919_01_spkrTS.xml,DGTS_191919191919_01_spkrTS.wav,,7,9,iin,iː↘,iː,ii,yes,sentence-level-word
DGTS_191919191919_01_spkrTS.xml,DGTS_191919191919_01_spkrTS.wav,,1,3,in,ĩː˥,ĩː,ĩː,yes,sentence-level-word
DGTS_191919191919_01_spkrTS.xml,DGTS_191919191919_01_spkrTS.wav,,15,17,iin,ĩː↘,ĩː,ĩː,yes,sentence-level-word
DGTS_191919191919_01_spkrTS.xml,DGTS_191919191919_01_spkrTS.wav,,19,31,iin,ĩː↘,ĩː,ĩː,yes,sentence-level-word
DGTS_191919191919_01_spkrTS.xml,DGTS_191919191919_01_spkrTS.wav,,9,11,in,ĩː˥,ĩː,ĩː,yes,sentence-level-word
DGTS_191919191919_01_spkrTS.xml,DGTS_191919191919_01_spkrTS.wav,,13,15,in,iː˥,iː,ii,yes,sentence-level-word
DGTS_191919191919_01_spkrTS.xml,DGTS_191919191919_01_spkrTS.wav,,3,5,iin,iː↘,iː,ii,yes,sentence-level-word
DGTS_191919191919_01_spkrTS.xml,DGTS_191919191919_01_spkrTS.wav,,0,7.84,in iin in iin in iin in iin in iin,,,ĩː ii ĩː ii ĩː ĩː ii ĩː ii ĩː,,sentence-level-full
DGTS_415-251-1554_01_spkrTS.xml,DGTS_415-251-1554_01_spkrTS.wav,,31,35,u'un,m̩̰∙ʔ˩m̩̰,m̩̰ʔm̩̰,mʔm̰,yes,sentence-level-word
DGTS_415-251-1554_01_spkrTS.xml,DGTS_415-251-1554_01_spkrTS.wav,,7,9,in,ĩː˥,ĩː,ĩː,yes,sentence-level-word
DGTS_415-251-1554_01_spkrTS.xml,DGTS_415-251-1554_01_spkrTS.wav,,18,22,u'un,õ̰∙ʔ˩m̩̰,õ̰ʔm̩̰,õ̰ʔm̰,yes,sentence-level-word
DGTS_415-251-1554_01_spkrTS.xml,DGTS_415-251-1554_01_spkrTS.wav,,24,26,in,ĩː↘ꜜ,ĩː,ĩː,yes,sentence-level-word
DGTS_415-251-1554_01_spkrTS.xml,DGTS_415-251-1554_01_spkrTS.wav,,22,24,in,ĩː↘ꜜ,ĩː,ĩː,yes,sentence-level-word
DGTS_415-251-1554_01_spkrTS.xml,DGTS_415-251-1554_01_spkrTS.wav,,9,14,u'un,m̩̰∙ʔm̩̰˩,m̩̰ʔm̩̰,mʔm̰,yes,sentence-level-word
DGTS_415-251-1554_01_spkrTS.xml,DGTS_415-251-1554_01_spkrTS.wav,,35,51,kumi,ku↘mi↗,kumi,kumi,yes,sentence-level-word
DGTS_415-251-1554_01_spkrTS.xml,DGTS_415-251-1554_01_spkrTS.wav,,14,18,uvi,u↘βi˩,uβi,uβi,yes,sentence-level-word
DGTS_415-251-1554_01_spkrTS.xml,DGTS_415-251-1554_01_spkrTS.wav,,1,7,kumi,ku↘mi↗,kumi,kumi,yes,sentence-level-word
DGTS_415-251-1554_01_spkrTS.xml,DGTS_415-251-1554_01_spkrTS.wav,,26,31,u'un,m̩̰∙ʔm̩̰˩,m̩̰ʔm̩̰,mʔm̰,yes,sentence-level-word
DGTS_415-251-1554_01_spkrTS.xml,DGTS_415-251-1554_01_spkrTS.wav,,0,5.69,kumi in u'un uvi u'un in in u'un u'un kumi,,,kumi ĩː mʔm̰ uβi õ̰ʔm̰ ĩː ĩː mʔm̰ mʔm̰ kumi,,sentence-level-full
GRT_RESP-hello-how_are_you_inf_01_02_03_TS.xml,GRT_RESP-hello-how_are_you_inf_01_02_03_TS.wav,,1,6,va'a,mba̰ː∙,mba̰ː,mba̰a̰,yes,sentence-level-word
GRT_RESP-hello-how_are_you_inf_01_02_03_TS.xml,GRT_RESP-hello-how_are_you_inf_01_02_03_TS.wav,,9,35,yu,ju↘,ju,ju,yes,sentence-level-word
GRT_RESP-hello-how_are_you_inf_01_02_03_TS.xml,GRT_RESP-hello-how_are_you_inf_01_02_03_TS.wav,,6,9,yee,jeː˥,jeː,jee,yes,sentence-level-word
GRT_RESP-hello-how_are_you_inf_01_02_03_TS.xml,GRT_RESP-hello-how_are_you_inf_01_02_03_TS.wav,,0,1.43,va'a yee yu,,,mba̰a̰ jee ju,,sentence-level-full
GRT_RESP-hello-how_are_you_inf_01_02_03_TS.xml,GRT_RESP-hello-how_are_you_inf_01_02_03_TS.wav,,14,17,yee,jeː↗↘,jeː,jee,yes,sentence-level-word
GRT_RESP-hello-how_are_you_inf_01_02_03_TS.xml,GRT_RESP-hello-how_are_you_inf_01_02_03_TS.wav,,17,36,yu,ju˩,ju,ju,yes,sentence-level-word
GRT_RESP-hello-how_are_you_inf_01_02_03_TS.xml,GRT_RESP-hello-how_are_you_inf_01_02_03_TS.wav,,11,14,va'a,ba̰ː˥,ba̰ː,ba̰a̰,yes,sentence-level-word
GRT_RESP-hello-how_are_you_inf_01_02_03_TS.xml,GRT_RESP-hello-how_are_you_inf_01_02_03_TS.wav,,1.43,2.64,va'a yee yu,,,ba̰a̰ jee ju,,sentence-level-full
GRT_RESP-hello-how_are_you_inf_01_02_03_TS.xml,GRT_RESP-hello-how_are_you_inf_01_02_03_TS.wav,,25,29,yee,jeː↗↘,jeː,jee,yes,sentence-level-word
GRT_RESP-hello-how_are_you_inf_01_02_03_TS.xml,GRT_RESP-hello-how_are_you_inf_01_02_03_TS.wav,,29,37,yu,ju↘,ju,ju,yes,sentence-level-word
GRT_RESP-hello-how_are_you_inf_01_02_03_TS.xml,GRT_RESP-hello-how_are_you_inf_01_02_03_TS.wav,,20,25,va'a,mβa̰ː↘,mβa̰ː,mβa̰a̰,yes,sentence-level-word
GRT_RESP-hello-how_are_you_inf_01_02_03_TS.xml,GRT_RESP-hello-how_are_you_inf_01_02_03_TS.wav,,2.64,3.73,va'a yee yu,,,mβa̰a̰ jee ju,,sentence-level-full
GRT_hello-how_are_you-form_01_spkrTS.xml,GRT_hello-how_are_you-form_01_spkrTS.wav,,1,7,taku,t̪a˩ku˩,t̪aku,taku,yes,sentence-level-word
GRT_hello-how_are_you-form_01_spkrTS.xml,GRT_hello-how_are_you-form_01_spkrTS.wav,,7,11,ni,ni↗,ni,ni,yes,sentence-level-word
GRT_hello-how_are_you-form_01_spkrTS.xml,GRT_hello-how_are_you-form_01_spkrTS.wav,,0,1.03,taku ni,,,taku ni,,sentence-level-full
GRT_hello-how_are_you_inf_02_spkrTS.xml,GRT_hello-how_are_you_inf_02_spkrTS.wav,1,0,0.69,taku,t̪a∙ku↗,t̪aku,taku,yes,single-word
N-LOC_Yucunany_01_TS.xml,N-LOC_Yucunany_01_TS.wav,1,0,0.96,Yucunani,ju˧ku˥na˧ni˩,jukunani,jukunani,yes,single-word
N-V_pain-hurt-JS-TTS.xml,N-V_pain-hurt-JS-TTS.wav,,,,ii,iː↗,iː,ii,yes,whole-utterance
NP-ADJ_short_man_01_02_JS.xml,NP-ADJ_short_man_01_02_JS.wav,,1,4,chaa,tʃaː˩,tʃaː,t͡ʃaa,yes,sentence-level-word
NP-ADJ_short_man_01_02_JS.xml,NP-ADJ_short_man_01_02_JS.wav,,4,22,cha'a,tʃa˥ʔa˩,tʃaʔa,t͡ʃaʔa,yes,sentence-level-word
NP-ADJ_short_man_01_02_JS.xml,NP-ADJ_short_man_01_02_JS.wav,,0,1.95,chaa cha'a,,,t͡ʃaa t͡ʃaʔa,,sentence-level-full
NP-ADJ_short_man_01_02_JS.xml,NP-ADJ_short_man_01_02_JS.wav,,10,13,chaa,tʃaː˩,tʃaː,t͡ʃaa,yes,sentence-level-word
NP-ADJ_short_man_01_02_JS.xml,NP-ADJ_short_man_01_02_JS.wav,,13,23,cha'a,tʃa̰˥ʔ˩a,tʃa̰ʔa,t͡ʃaʔa,yes,sentence-level-word
NP-ADJ_short_man_01_02_JS.xml,NP-ADJ_short_man_01_02_JS.wav,,1.95,3.79,chaa cha'a,,,t͡ʃaa t͡ʃaʔa,,sentence-level-full
NP-ADJ_tall_woman_01_02_03_JS.xml,NP-ADJ_tall_woman_01_02_03_JS.wav,,1,4,ña'a,ɲã̰ː↗↘,ɲã̰ː,ɲã̰ː,yes,sentence-level-word
NP-ADJ_tall_woman_01_02_03_JS.xml,NP-ADJ_tall_woman_01_02_03_JS.wav,,4,19,suku,su˥ku↘,suku,suku,yes,sentence-level-word
NP-ADJ_tall_woman_01_02_03_JS.xml,NP-ADJ_tall_woman_01_02_03_JS.wav,,0,1.47,ña'a suku,,,ɲã̰ː suku,,sentence-level-full
NP-ADJ_tall_woman_01_02_03_JS.xml,NP-ADJ_tall_woman_01_02_03_JS.wav,,10,13,ña'a,ɲã̰ː↗↘,ɲã̰ː,ɲã̰ː,yes,sentence-level-word
NP-ADJ_tall_woman_01_02_03_JS.xml,NP-ADJ_tall_woman_01_02_03_JS.wav,,13,20,suku,s˥uk↘u,suku,suku,yes,sentence-level-word
NP-ADJ_tall_woman_01_02_03_JS.xml,NP-ADJ_tall_woman_01_02_03_JS.wav,,1.47,3.05,ña'a suku,,,ɲã̰ː suku,,sentence-level-full
NP_LOC_river-lake_bed_01_02_03_spkrTS.xml,NP_LOC_river-lake_bed_01_02_03_spkrTS.wav,,1,4,yu'u,ju↗↘,ju,ju,yes,sentence-level-word
NP_LOC_river-lake_bed_01_02_03_spkrTS.xml,NP_LOC_river-lake_bed_01_02_03_spkrTS.wav,,4,29,yucha,ju↘tʃa˩,jutʃa,jut͡ʃa,yes,sentence-level-word
NP_LOC_river-lake_bed_01_02_03_spkrTS.xml,NP_LOC_river-lake_bed_01_02_03_spkrTS.wav,,0,0.79,yu'u yucha,,,ju jut͡ʃa,,sentence-level-full
NP_LOC_river-lake_bed_01_02_03_spkrTS.xml,NP_LOC_river-lake_bed_01_02_03_spkrTS.wav,,10,13,yu'u,ju↗↘,ju,ju,yes,sentence-level-word
NP_LOC_river-lake_bed_01_02_03_spkrTS.xml,NP_LOC_river-lake_bed_01_02_03_spkrTS.wav,,13,30,yucha,ju↘tʃa˩,jutʃa,jut͡ʃa,yes,sentence-level-word
NP_LOC_river-lake_bed_01_02_03_spkrTS.xml,NP_LOC_river-lake_bed_01_02_03_spkrTS.wav,,0.79,1.95,yu'u yucha,,,ju jut͡ʃa,,sentence-level-full
NP_LOC_river-lake_bed_01_02_03_spkrTS.xml,NP_LOC_river-lake_bed_01_02_03_spkrTS.wav,,17,20,yu'u,ju↗↘,ju,ju,yes,sentence-level-word
NP_LOC_river-lake_bed_01_02_03_spkrTS.xml,NP_LOC_river-lake_bed_01_02_03_spkrTS.wav,,20,31,yucha,ju↘tʃa∙,jutʃa,jut͡ʃa,yes,sentence-level-word
NP_LOC_river-lake_bed_01_02_03_spkrTS.xml,NP_LOC_river-lake_bed_01_02_03_spkrTS.wav,,1.95,2.98,yu'u yucha,,,ju jut͡ʃa,,sentence-level-full
NP_a_fat_baby_01_spkrTS.xml,NP_a_fat_baby_01_spkrTS.wav,,1,4,in,ĩː˧,ĩː,ĩː,yes,sentence-level-word
NP_a_fat_baby_01_spkrTS.xml,NP_a_fat_baby_01_spkrTS.wav,,4,10,suluu,su˥luː˥,suluː,suluu,yes,sentence-level-word
NP_a_fat_baby_01_spkrTS.xml,NP_a_fat_baby_01_spkrTS.wav,,10,18,kochi,ko∙ʧi˩,koʧi,kot͡ʃi,yes,sentence-level-word
NP_a_fat_baby_01_spkrTS.xml,NP_a_fat_baby_01_spkrTS.wav,,0,1.72,in suluu kochi,,,ĩː suluu kot͡ʃi,,sentence-level-full
NP_a_fat_baby_02_spkrTS.xml,NP_a_fat_baby_02_spkrTS.wav,,1,3,in,ĩː˧,ĩː,ĩː,yes,sentence-level-word
NP_a_fat_baby_02_spkrTS.xml,NP_a_fat_baby_02_spkrTS.wav,,9,18,kochi,ko∙ʧi∙,koʧi,kot͡ʃi,yes,sentence-level-word
NP_a_fat_baby_02_spkrTS.xml,NP_a_fat_baby_02_spkrTS.wav,,3,9,suluu,su˥luː˥,suluː,suluu,yes,sentence-level-word
NP_a_fat_baby_02_spkrTS.xml,NP_a_fat_baby_02_spkrTS.wav,,0,1.72,in suluu kochi,,,ĩː suluu kot͡ʃi,,sentence-level-full
NP_new_bird_01_spkrJS.xml,NP_new_bird_01_spkrJS.wav,,1,4,saa,sa:↘,sa:,sa:,yes,sentence-level-word
NP_new_bird_01_spkrJS.xml,NP_new_bird_01_spkrJS.wav,,4,9,tsaa,tsa:↗↘,tsa:,t͡sa:,yes,sentence-level-word
NP_new_bird_01_spkrJS.xml,NP_new_bird_01_spkrJS.wav,,0,1.65,saa tsaa,,,sa: t͡sa:,,sentence-level-full
NP_new_bird_02_spkrJS.xml,NP_new_bird_02_spkrJS.wav,,1,4,saa,sa:↘,sa:,sa:,yes,sentence-level-word
NP_new_bird_02_spkrJS.xml,NP_new_bird_02_spkrJS.wav,,4,9,tsaa,tsa:↗↘,tsa:,t͡sa:,yes,sentence-level-word
NP_new_bird_02_spkrJS.xml,NP_new_bird_02_spkrJS.wav,,0,1.65,saa tsaa,,,sa: t͡sa:,,sentence-level-full
NP_opening_of_two_mountains_01_02_03_spkrTS.xml,NP_opening_of_two_mountains_01_02_03_spkrTS.wav,,1,3,yu'u,ju↘ꜜ,ju,ju,yes,sentence-level-word
NP_opening_of_two_mountains_01_02_03_spkrTS.xml,NP_opening_of_two_mountains_01_02_03_spkrTS.wav,,3,30,yuku,ju↘ku↗ꜜ,juku,juku,yes,sentence-level-word
NP_opening_of_two_mountains_01_02_03_spkrTS.xml,NP_opening_of_two_mountains_01_02_03_spkrTS.wav,,0.59,1.41,yu'u yuku,,,ju juku,,sentence-level-full
NP_opening_of_two_mountains_01_02_03_spkrTS.xml,NP_opening_of_two_mountains_01_02_03_spkrTS.wav,,9,12,yu'u,ju↘ꜜ,ju,ju,yes,sentence-level-word
NP_opening_of_two_mountains_01_02_03_spkrTS.xml,NP_opening_of_two_mountains_01_02_03_spkrTS.wav,,12,31,yuku,ju↘ku↗,juku,juku,yes,sentence-level-word
NP_opening_of_two_mountains_01_02_03_spkrTS.xml,NP_opening_of_two_mountains_01_02_03_spkrTS.wav,,1.41,2.68,yu'u yuku,,,ju juku,,sentence-level-full
NP_opening_of_two_mountains_01_02_03_spkrTS.xml,NP_opening_of_two_mountains_01_02_03_spkrTS.wav,,21,32,yuku,ju↘ku↗,juku,juku,yes,sentence-level-word
NP_opening_of_two_mountains_01_02_03_spkrTS.xml,NP_opening_of_two_mountains_01_02_03_spkrTS.wav,,18,21,yu'u,ju˩,ju,ju,yes,sentence-level-word
NP_opening_of_two_mountains_01_02_03_spkrTS.xml,NP_opening_of_two_mountains_01_02_03_spkrTS.wav,,2.68,3.98,yu'u yuku,,,ju juku,,sentence-level-full
NUM_five_01_spkrJS.xml,NUM_five_01_spkrJS.wav,1,0,0.66,u'un,ũ˥ʔũ↘,ũʔũ,ũʔũ,yes,single-word
NUM_five_02_spkrJS.xml,NUM_five_02_spkrJS.wav,1,0,0.72,u'un,ũ∙ʔũ↘,ũʔũ,ũʔũ,yes,single-word
NUM_nine_01_spkrJS.xml,NUM_nine_01_spkrJS.wav,1,0,0.63,iin,iː↘,iː,ii,yes,single-word
NUM_nine_02_spkrJS.xml,NUM_nine_02_spkrJS.wav,1,0,0.63,iin,iː↘,iː,ii,yes,single-word
NUM_nine_04_spkrJS.xml,NUM_nine_04_spkrJS.wav,1,0,0.63,iin,iː↘,iː,ii,yes,single-word
NUM_nine_05_spkrJS.xml,NUM_nine_05_spkrJS.wav,1,0,0.48,iin,↘iː,iː,ii,yes,single-word
NUM_one_01_spkrJS.xml,NUM_one_01_spkrJS.wav,1,0,0.62,in,ĩː˧,ĩː,ĩː,yes,single-word
NUM_one_01_spkrTS.xml,NUM_one_01_spkrTS.wav,1,0,0.66,in,ĩː˧,ĩː,ĩː,yes,single-word
NUM_one_02_spkrJS.xml,NUM_one_02_spkrJS.wav,1,0,0.58,in,ĩː˥,ĩː,ĩː,yes,single-word
NUM_one_05_spkrJS.xml,NUM_one_05_spkrJS.wav,1,0,0.51,in,ĩː˧,ĩː,ĩː,yes,single-word
NUM_one_06_spkrJS.xml,NUM_one_06_spkrJS.wav,1,0,0.51,in,ĩː˧,ĩː,ĩː,yes,single-word
NUM_three_01_spkrTS.xml,NUM_three_01_spkrTS.wav,1,0,0.71,uni,u˩ni˩,uni,uni,yes,single-word
NUM_twenty_twentyone_01_spkrTS.xml,NUM_twenty_twentyone_01_spkrTS.wav,1,0,0.80,oko,o˩ko˩,oko,oko,yes,single-word
NUM_twenty_twentyone_01_spkrTS.xml,NUM_twenty_twentyone_01_spkrTS.wav,,10,14,in,ĩː˧,ĩː,ĩː,yes,sentence-level-word
NUM_twenty_twentyone_01_spkrTS.xml,NUM_twenty_twentyone_01_spkrTS.wav,,6,10,oko,o∙ko˩,oko,oko,yes,sentence-level-word
NUM_twenty_twentyone_01_spkrTS.xml,NUM_twenty_twentyone_01_spkrTS.wav,,0.80,1.81,oko in,,,oko ĩː,,sentence-level-full
NUM_two_01_spkrTS.xml,NUM_two_01_spkrTS.wav,1,0,0.67,uvi,o↘βi˩,oβi,oβi,yes,single-word
NUM_two_02_spkrJS.xml,NUM_two_02_spkrJS.wav,1,0,0.77,uvi,u˩vi˩,uvi,uvi,yes,single-word
NUM_two_03_spkrJS.xml,NUM_two_03_spkrJS.wav,1,0,0.72,uvi,u˩vi˩,uvi,uvi,yes,single-word
NUM_two_04_spkrJS.xml,NUM_two_04_spkrJS.wav,,2,9,uvi,u˩vi˩,uvi,uvi,yes,sentence-level-word
NUM_two_04_spkrJS.xml,NUM_two_04_spkrJS.wav,,0,0.87,uvi,,,uvi,,sentence-level-full
N_ADJ_green_fish_01_02_03_JS.xml,N_ADJ_green_fish_01_02_03_JS.wav,,1,7,chaka,tʃa˧ka˩,tʃaka,t͡ʃaka,yes,sentence-level-word
N_ADJ_green_fish_01_02_03_JS.xml,N_ADJ_green_fish_01_02_03_JS.wav,,7,42,kuiyi,kwi˥ji↘↗,kwiji,kwiji,yes,sentence-level-word
N_ADJ_green_fish_01_02_03_JS.xml,N_ADJ_green_fish_01_02_03_JS.wav,,0,1.58,chaka kuiyi,,,t͡ʃaka kwiji,,sentence-level-full
N_ADJ_green_fish_01_02_03_JS.xml,N_ADJ_green_fish_01_02_03_JS.wav,,12,18,chaka,tʃa˧ka˩,tʃaka,t͡ʃaka,yes,sentence-level-word
N_ADJ_green_fish_01_02_03_JS.xml,N_ADJ_green_fish_01_02_03_JS.wav,,18,43,kuiyi,kwi˥ji↘↗,kwiji,kwiji,yes,sentence-level-word
N_ADJ_green_fish_01_02_03_JS.xml,N_ADJ_green_fish_01_02_03_JS.wav,,1.58,3.10,chaka kuiyi,,,t͡ʃaka kwiji,,sentence-level-full
N_ADJ_green_fish_01_02_03_JS.xml,N_ADJ_green_fish_01_02_03_JS.wav,,31,44,kuiyi,kw˥iji↘↗,kwiji,kwiji,yes,sentence-level-word
N_ADJ_green_fish_01_02_03_JS.xml,N_ADJ_green_fish_01_02_03_JS.wav,,25,31,chaka,tʃa˧ka˧,tʃaka,t͡ʃaka,yes,sentence-level-word
N_ADJ_green_fish_01_02_03_JS.xml,N_ADJ_green_fish_01_02_03_JS.wav,,3.10,4.57,chaka kuiyi,,,t͡ʃaka kwiji,,sentence-level-full
N_ADJ_red_flower_01_02_03_JS.xml,N_ADJ_red_flower_01_02_03_JS.wav,,1,7,ita,i˥t̪a↘,it̪a,ita,yes,sentence-level-word
N_ADJ_red_flower_01_02_03_JS.xml,N_ADJ_red_flower_01_02_03_JS.wav,,7,47,kua'a,kwa˥ʔa˩,kwaʔa,kwaʔa,yes,sentence-level-word
N_ADJ_red_flower_01_02_03_JS.xml,N_ADJ_red_flower_01_02_03_JS.wav,,0,1.65,ita kua'a,,,ita kwaʔa,,sentence-level-full
N_ADJ_red_flower_01_02_03_JS.xml,N_ADJ_red_flower_01_02_03_JS.wav,,15,21,ita,i˥t̪a˩,it̪a,ita,yes,sentence-level-word
N_ADJ_red_flower_01_02_03_JS.xml,N_ADJ_red_flower_01_02_03_JS.wav,,21,48,kua'a,kwa˥ʔa∙,kwaʔa,kwaʔa,yes,sentence-level-word
N_ADJ_red_flower_01_02_03_JS.xml,N_ADJ_red_flower_01_02_03_JS.wav,,1.65,3.20,ita kua'a,,,ita kwaʔa,,sentence-level-full
N_ADJ_red_flower_01_02_03_JS.xml,N_ADJ_red_flower_01_02_03_JS.wav,,34,49,kua'a,kwa˥ʔa˩,kwaʔa,kwaʔa,yes,sentence-level-word
N_ADJ_red_flower_01_02_03_JS.xml,N_ADJ_red_flower_01_02_03_JS.wav,,28,34,ita,i˥t̪a↘,it̪a,ita,yes,sentence-level-word
N_ADJ_red_flower_01_02_03_JS.xml,N_ADJ_red_flower_01_02_03_JS.wav,,3.20,4.86,ita kua'a,,,ita kwaʔa,,sentence-level-full
N_LANG_ESP_fancy-language_01_02_03_TS.xml,N_LANG_ESP_fancy-language_01_02_03_TS.wav,,1,7,sa'an,sã̰˩ʔã̰˥,sã̰ʔã̰,sã̰ʔã̰,yes,sentence-level-word
N_LANG_ESP_fancy-language_01_02_03_TS.xml,N_LANG_ESP_fancy-language_01_02_03_TS.wav,,7,34,xchila,ʃtʃi˥la↘,ʃtʃila,ʃt͡ʃila,yes,sentence-level-word
N_LANG_ESP_fancy-language_01_02_03_TS.xml,N_LANG_ESP_fancy-language_01_02_03_TS.wav,,0,1.80,sa'an xchila,,,sã̰ʔã̰ ʃt͡ʃila,,sentence-level-full
N_LANG_ESP_fancy-language_01_02_03_TS.xml,N_LANG_ESP_fancy-language_01_02_03_TS.wav,,13,16,sa'an,sã̰ː↘↗,sã̰ː,sã̰ː,yes,sentence-level-word
N_LANG_ESP_fancy-language_01_02_03_TS.xml,N_LANG_ESP_fancy-language_01_02_03_TS.wav,,16,35,xchila,ʃtʃi˥ꜜla˩ꜛ,ʃtʃilaꜛ,ʃt͡ʃila,yes,sentence-level-word
N_LANG_ESP_fancy-language_01_02_03_TS.xml,N_LANG_ESP_fancy-language_01_02_03_TS.wav,,1.80,3.21,sa'an xchila,,,sã̰ː ʃt͡ʃila,,sentence-level-full
N_LANG_ESP_fancy-language_01_02_03_TS.xml,N_LANG_ESP_fancy-language_01_02_03_TS.wav,3,3.21,4.68,sa'an xchila,sã̰ː↘↗ꜜʃtʃi˥la˩,sã̰ːʃtʃila,sã̰ːʃt͡ʃila,yes,single-word
N_LANG_MIX_poor-language_01_02_03_TS.xml,N_LANG_MIX_poor-language_01_02_03_TS.wav,1,0,2.12,sa'an ntavi,sa̰∙ʔã˥nda˥vi˩,sa̰ʔãndavi,saʔãndavi,yes,single-word
N_LANG_MIX_poor-language_01_02_03_TS.xml,N_LANG_MIX_poor-language_01_02_03_TS.wav,2,2.12,3.30,sa'an ntavi,sã̰∙ʔã˥nda˥vi˩,sã̰ʔãndavi,sã̰ʔãndavi,yes,single-word
N_LANG_MIX_poor-language_01_02_03_TS.xml,N_LANG_MIX_poor-language_01_02_03_TS.wav,,27,33,sa'an,sã˩ʔã˥,sãʔã,sãʔã,yes,sentence-level-word
N_LANG_MIX_poor-language_01_02_03_TS.xml,N_LANG_MIX_poor-language_01_02_03_TS.wav,,33,42,ntavi,nda˥vi˩,ndavi,ndavi,yes,sentence-level-word
N_LANG_MIX_poor-language_01_02_03_TS.xml,N_LANG_MIX_poor-language_01_02_03_TS.wav,,3.30,4.72,sa'an ntavi,,,sãʔã ndavi,,sentence-level-full
N_LOC_Mixtepec_01_spkrJS.xml,N_LOC_Mixtepec_01_spkrJS.wav,1,0,1.08,Xnuviko,ʃnũː ↘↗bi˥ko˥,ʃnũː biko,ʃnũː biko,yes,single-word
N_LOC_Mixtepec_02_spkrJS.xml,N_LOC_Mixtepec_02_spkrJS.wav,2,0,1.08,Xnuviko,ʃnũː˥βi˥ko˥,ʃnũːβiko,ʃnũːβiko,yes,single-word
N_animal_01_02_JS.xml,N_animal_01_02_JS.wav,1,0,0.94,kiti,ki↘t̪i↗,kit̪i,kiti,yes,single-word
N_animal_01_02_JS.xml,N_animal_01_02_JS.wav,2,0.94,1.96,kiti,k↘it̪i↗,kit̪i,kiti,yes,single-word
N_animal_horse_1st_pl_01_spkrJS.xml,N_animal_horse_1st_pl_01_spkrJS.wav,,1,7,kiti,ki↘t̪i˩,kit̪i,kiti,yes,sentence-level-word
N_animal_horse_1st_pl_01_spkrJS.xml,N_animal_horse_1st_pl_01_spkrJS.wav,,7,11,ko,ɣo↗,ɣo,ɣo,yes,sentence-level-word
N_animal_horse_1st_pl_01_spkrJS.xml,N_animal_horse_1st_pl_01_spkrJS.wav,,0,1.14,kiti ko,,,kiti ɣo,,sentence-level-full
N_animal_horse_1st_sg_02_spkrJS.xml,N_animal_horse_1st_sg_02_spkrJS.wav,2,0,0.85,kiti̠,ki↘t̪iːR_F,kit̪iːR_F,kitiir_f,yes,single-word
N_animal_horse_POSS_1st_sg_02_spkrJS.xml,N_animal_horse_POSS_1st_sg_02_spkrJS.wav,1,0,0.79,kiti yu,ki↘t̪↗↘iː,kit̪iː,kitii,yes,single-word
N_bird_01_spkrTS.xml,N_bird_01_spkrTS.wav,1,0,0.60,saa,saːL,saːL,saal,no,single-word
N_bird_02_spkrTS.xml,N_bird_02_spkrTS.wav,1,0,0.58,saa,saː˩,saː,saa,yes,single-word
N_black_bird_01_TS.xml,N_black_bird_01_TS.wav,,1,4,saa,sa:↘,sa:,sa:,yes,sentence-level-word
N_black_bird_01_TS.xml,N_black_bird_01_TS.wav,,4,12,ncha'i,nʤ˥aʔi˩,nʤaʔi,nd͡ʒaʔi,yes,sentence-level-word
N_black_bird_01_TS.xml,N_black_bird_01_TS.wav,,0,1.15,saa ncha'i,,,sa: nd͡ʒaʔi,,sentence-level-full
N_blood_01_spkrJS.xml,N_blood_01_spkrJS.wav,1,0,0.93,niin,nĩː↗,nĩː,nĩː,yes,single-word
N_blood_02_spkrJS.xml,N_blood_02_spkrJS.wav,1,0,0.84,niin,nĩː↗,nĩː,nĩː,yes,single-word
N_booger_03_spkrJS.xml,N_booger_03_spkrJS.wav,1,0,0.78,la'la,la˩ʔla˩,laʔla,laʔla,yes,single-word
N_booger_04_spkrJS.xml,N_booger_04_spkrJS.wav,1,0,0.78,la'la,la˩ʔla˩,laʔla,laʔla,yes,single-word
N_bull_01_02_JS.xml,N_bull_01_02_JS.wav,1,0,1.05,stiki,sti↘ki↗,stiki,stiki,yes,single-word
N_bull_01_02_JS.xml,N_bull_01_02_JS.wav,2,1.05,2.10,stiki,sti↘ki↗,stiki,stiki,yes,single-word
N_cactus-javi_01_02_03_JS.xml,N_cactus-javi_01_02_03_JS.wav,1,0,0.72,javi,ja↘v↗i,javi,javi,yes,single-word
N_cactus-javi_01_02_03_JS.xml,N_cactus-javi_01_02_03_JS.wav,2,0.72,1.49,javi,ja↘vi↗,javi,javi,yes,single-word
N_cactus-javi_01_02_03_JS.xml,N_cactus-javi_01_02_03_JS.wav,3,1.49,2.40,javi,ja↘vi↗,javi,javi,yes,single-word
N_cat_04_JS.xml,N_cat_04_JS.wav,1,0,0.77,vilu,βi˥luː˥,βiluː,βiluu,yes,single-word
N_chicken_01_02_spkrTS.xml,N_chicken_01_02_spkrTS.wav,1,0,0.68,chuun,tʃũː↘↗,tʃũː,t͡ʃũː,yes,single-word
N_chicken_01_02_spkrTS.xml,N_chicken_01_02_spkrTS.wav,2,0.68,1.36,chuun,tʃũː↘↗,tʃũː,t͡ʃũː,yes,single-word
N_chicken_1st_pl_02_spkrJS.xml,N_chicken_1st_pl_02_spkrJS.wav,,1,4,chuun,tʃũː↘↗,tʃũː,t͡ʃũː,yes,sentence-level-word
N_chicken_1st_pl_02_spkrJS.xml,N_chicken_1st_pl_02_spkrJS.wav,,4,8,ko,ɣo↗,ɣo,ɣo,yes,sentence-level-word
N_chicken_1st_pl_02_spkrJS.xml,N_chicken_1st_pl_02_spkrJS.wav,,0,1.00,chuun ko,,,t͡ʃũː ɣo,,sentence-level-full
N_child_01_02_03_JS.xml,N_child_01_02_03_JS.wav,1,0,0.82,suluu,su˥luː˥,suluː,suluu,yes,single-word
N_child_01_02_03_JS.xml,N_child_01_02_03_JS.wav,2,0.82,1.64,suluu,su˥luː˥,suluː,suluu,yes,single-word
N_child_01_02_03_JS.xml,N_child_01_02_03_JS.wav,3,1.64,2.48,suluu,su˥l˥uː,suluː,suluu,yes,single-word
N_child_baby_01_spkrTS.xml,N_child_baby_01_spkrTS.wav,1,0,0.81,suluu,su˥lu:˥,sulu:,sulu:,yes,single-word
N_child_baby_02_spkrTS.xml,N_child_baby_02_spkrTS.wav,1,0,0.80,suluu,su˥lu:˥ꜜ,sulu:,sulu:,yes,single-word
N_cloud_01_spkrJS.xml,N_cloud_01_spkrJS.wav,1,0,0.92,viko,ᵐbḭ˩ko↗,ᵐbḭko,ᵐbḭko,yes,single-word
N_cloud_02_spkrJS.xml,N_cloud_02_spkrJS.wav,1,0,0.73,viko,ᵐb˩iko↗,ᵐbiko,ᵐbiko,yes,single-word
N_coffee_01_02_TS.xml,N_coffee_01_02_TS.wav,1,0,0.65,kafé,ka˩fɛ˥,kafɛ,kafɛ,yes,single-word
N_coffee_01_02_TS.xml,N_coffee_01_02_TS.wav,2,0.65,1.51,kafé,ka˩fɛ˥ꜜ,kafɛ,kafɛ,yes,single-word
N_corn_uncooked_01_spkrJS.xml,N_corn_uncooked_01_spkrJS.wav,1,0,0.73,nii,nĩː↘↗,nĩː,nĩː,yes,single-word
N_corn_uncooked_02_spkrJS.xml,N_corn_uncooked_02_spkrJS.wav,,2,6,niin,nĩː↘↗,nĩː,nĩː,yes,sentence-level-word
N_corn_uncooked_02_spkrJS.xml,N_corn_uncooked_02_spkrJS.wav,,0,0.77,niin,,,nĩː,,sentence-level-full
N_crow_01_TS.xml,N_crow_01_TS.wav,1,0,0.85,tikaka,t̪i˩ka˩ka˥,t̪ikaka,tikaka,yes,single-word
N_day_01_02_spkrJS.xml,N_day_01_02_spkrJS.wav,1,0,0.99,kii,kiː↘↗,kiː,kii,yes,single-word
N_day_01_02_spkrJS.xml,N_day_01_02_spkrJS.wav,2,0.99,2.27,kii,kiː↘↗,kiː,kii,yes,single-word
N_day_01_spkrTS.xml,N_day_01_spkrTS.wav,1,0,0.63,<li k i:_R >lf,kiː↗,kiː,kii,yes,single-word
N_day_02_spkrTS.xml,N_day_02_spkrTS.wav,1,0,0.69,kii,kiː↗,kiː,kii,yes,single-word
N_door_01_02_03_spkrTS.xml,N_door_01_02_03_spkrTS.wav,1,0,0.94,ye'e,jɛ↗ʔɛ↘,jɛʔɛ,jɛʔɛ,yes,single-word
N_door_01_02_03_spkrTS.xml,N_door_01_02_03_spkrTS.wav,2,0.94,1.87,ye'e,jɛ↗ʔɛ↘,jɛʔɛ,jɛʔɛ,yes,single-word
N_door_01_02_03_spkrTS.xml,N_door_01_02_03_spkrTS.wav,3,1.87,2.73,ye'e,jɛ↗ʔɛ↘,jɛʔɛ,jɛʔɛ,yes,single-word
N_dust_dirt_01_02_03_spkrTS.xml,N_dust_dirt_01_02_03_spkrTS.wav,1,0,0.92,yaka,ja↗ka↘,jaka,jaka,yes,single-word
N_dust_dirt_01_02_03_spkrTS.xml,N_dust_dirt_01_02_03_spkrTS.wav,2,0.92,1.90,yaka,ja↗ka↘,jaka,jaka,yes,single-word
N_dust_dirt_01_02_03_spkrTS.xml,N_dust_dirt_01_02_03_spkrTS.wav,3,1.90,2.87,yaka,ja↗ka↘,jaka,jaka,yes,single-word
N_fire_01_spkrJS.xml,N_fire_01_spkrJS.wav,1,0,1.17,ñu'un,ɲũ˥ʔõ↘,ɲũʔõ,ɲũʔõ,yes,single-word
N_fruit_01_spkrJS.xml,N_fruit_01_spkrJS.wav,1,0,0.54,kui'i,kwi˧ʔi↗,kwiʔi,kwiʔi,yes,single-word
N_fruit_1pl_01_JS.xml,N_fruit_1pl_01_JS.wav,,1,8,kui'i,kwi˧ʔi˥ꜜ,kwiʔi,kwiʔi,yes,sentence-level-word
N_fruit_1pl_01_JS.xml,N_fruit_1pl_01_JS.wav,,8,13,ko,ɣo˥,ɣo,ɣo,yes,sentence-level-word
N_fruit_1pl_01_JS.xml,N_fruit_1pl_01_JS.wav,,0,1.02,kui'i ko,,,kwiʔi ɣo,,sentence-level-full
N_fruit_1st_sg_01_spkrJS.xml,N_fruit_1st_sg_01_spkrJS.wav,1,0,0.68,kui'i,kwḭ↘ʔi↗↘,kwḭʔi,kwiʔi,yes,single-word
N_fruit_1st_sg_02_spkrJS.xml,N_fruit_1st_sg_02_spkrJS.wav,2,0,0.68,kui'i̠,kwḭ˥ʔiː↗↘,kwḭʔiː,kwiʔii,yes,single-word
N_hail_01_spkrJS.xml,N_hail_01_spkrJS.wav,1,0,0.64,iin,ĩː˥,ĩː,ĩː,yes,single-word
N_hawk_01_TS.xml,N_hawk_01_TS.wav,1,0,0.83,xi'an,ʃĩ˥ʔãː↘,ʃĩʔãː,ʃĩʔãː,yes,single-word
N_heart_01_spkrTS.xml,N_heart_01_spkrTS.wav,1,0,0.61,ana,a˥na↘,ana,ana,yes,single-word
N_heart_02_spkrTS.xml,N_heart_02_spkrTS.wav,1,0,0.60,ana,a˥ꜜna↘,ana,ana,yes,single-word
N_holy_water_01_spkrTS.xml,N_holy_water_01_spkrTS.wav,,1,6,chikuii,ʧi∙kwi↗,ʧikwi,t͡ʃikwi,yes,sentence-level-word
N_holy_water_01_spkrTS.xml,N_holy_water_01_spkrTS.wav,,6,10,ii,iː↘↗,iː,ii,yes,sentence-level-word
N_holy_water_01_spkrTS.xml,N_holy_water_01_spkrTS.wav,,0,1.47,chikuii ii,,,t͡ʃikwi ii,,sentence-level-full
N_holy_water_02_spkrTS.xml,N_holy_water_02_spkrTS.wav,,1,6,chikuii,ʧkwi↗,ʧkwi,t͡ʃkwi,yes,sentence-level-word
N_holy_water_02_spkrTS.xml,N_holy_water_02_spkrTS.wav,,6,10,ii,iː↘↗,iː,ii,yes,sentence-level-word
N_holy_water_02_spkrTS.xml,N_holy_water_02_spkrTS.wav,,0,1.47,chikuii ii,,,t͡ʃkwi ii,,sentence-level-full
N_honey_01_02_03_TS.xml,N_honey_01_02_03_TS.wav,1,0,0.86,ntuxi,nd̪u∙ʃi˩,nd̪uʃi,nduʃi,yes,single-word
N_honey_01_02_03_TS.xml,N_honey_01_02_03_TS.wav,2,0.86,1.67,ntuxi,nd̪u˩ʃi˩,nd̪uʃi,nduʃi,yes,single-word
N_honey_01_02_03_TS.xml,N_honey_01_02_03_TS.wav,3,1.67,2.69,ntuxi,nd̪u∙ʃi˩,nd̪uʃi,nduʃi,yes,single-word
N_husband_02_spkrJS.xml,N_husband_02_spkrJS.wav,1,0,0.64,iin,ĩː↘↗,ĩː,ĩː,yes,single-word
N_husband_03_spkrJS.xml,N_husband_03_spkrJS.wav,1,0,0.64,iin,ĩː↘↗,ĩː,ĩː,yes,single-word
N_husband_05_spkrJS.xml,N_husband_05_spkrJS.wav,1,0,0.64,iin,iː↘↗,iː,ii,yes,single-word
N_husband_06_spkrJS.xml,N_husband_06_spkrJS.wav,1,0,0.51,iin,ĩː↘↗,ĩː,ĩː,yes,single-word
N_husband_pl_01_spkrJS.xml,N_husband_pl_01_spkrJS.wav,,1,4,kue,we˧,we,we,yes,sentence-level-word
N_husband_pl_01_spkrJS.xml,N_husband_pl_01_spkrJS.wav,,4,8,iin,iː↘↗,iː,ii,yes,sentence-level-word
N_husband_pl_01_spkrJS.xml,N_husband_pl_01_spkrJS.wav,,0,1.08,kue iin,,,we ii,,sentence-level-full
N_mint-herb_01_02_03_TS.xml,N_mint-herb_01_02_03_TS.wav,,1,7,minu,mi↘nu˥,minu,minu,yes,sentence-level-word
N_mint-herb_01_02_03_TS.xml,N_mint-herb_01_02_03_TS.wav,,7,35,xchila,ʃtʃi˧la˥,ʃtʃila,ʃt͡ʃila,yes,sentence-level-word
N_mint-herb_01_02_03_TS.xml,N_mint-herb_01_02_03_TS.wav,,0,1.45,minu xchila,,,minu ʃt͡ʃila,,sentence-level-full
N_mint-herb_01_02_03_TS.xml,N_mint-herb_01_02_03_TS.wav,,16,36,xchila,ʃtʃi˧la˥,ʃtʃila,ʃt͡ʃila,yes,sentence-level-word
N_mint-herb_01_02_03_TS.xml,N_mint-herb_01_02_03_TS.wav,,12,16,minu,mi↘nu˥,minu,minu,yes,sentence-level-word
N_mint-herb_01_02_03_TS.xml,N_mint-herb_01_02_03_TS.wav,,1.45,2.95,minu xchila,,,minu ʃt͡ʃila,,sentence-level-full
N_mint-herb_01_02_03_TS.xml,N_mint-herb_01_02_03_TS.wav,,27,37,xchila,ʃtʃi˧la˥,ʃtʃila,ʃt͡ʃila,yes,sentence-level-word
N_mint-herb_01_02_03_TS.xml,N_mint-herb_01_02_03_TS.wav,,21,27,minu,mi˩nu↗,minu,minu,yes,sentence-level-word
N_mint-herb_01_02_03_TS.xml,N_mint-herb_01_02_03_TS.wav,,2.95,4.90,minu xchila,,,minu ʃt͡ʃila,,sentence-level-full
N_mixtec_people_01_02_03_TS.xml,N_mixtec_people_01_02_03_TS.wav,,1,7,se'e,se↘ʔɛ↗,seʔɛ,seʔɛ,yes,sentence-level-word
N_mixtec_people_01_02_03_TS.xml,N_mixtec_people_01_02_03_TS.wav,,7,37,savi,sa˩vi↗,savi,savi,yes,sentence-level-word
N_mixtec_people_01_02_03_TS.xml,N_mixtec_people_01_02_03_TS.wav,,0,1.35,se'e savi,,,seʔɛ savi,,sentence-level-full
N_mixtec_people_01_02_03_TS.xml,N_mixtec_people_01_02_03_TS.wav,,13,19,se'e,sḛ∙ʔɛ̰↗,sḛʔɛ̰,seʔɛ̰,yes,sentence-level-word
N_mixtec_people_01_02_03_TS.xml,N_mixtec_people_01_02_03_TS.wav,,19,38,savi,sa˩vi↗,savi,savi,yes,sentence-level-word
N_mixtec_people_01_02_03_TS.xml,N_mixtec_people_01_02_03_TS.wav,,1.35,2.62,se'e savi,,,seʔɛ̰ savi,,sentence-level-full
N_mixtec_people_01_02_03_TS.xml,N_mixtec_people_01_02_03_TS.wav,,29,39,savi,sa˩vi↗,savi,savi,yes,sentence-level-word
N_mixtec_people_01_02_03_TS.xml,N_mixtec_people_01_02_03_TS.wav,,24,29,se'e,sḛ↘ʔɛ↗,sḛʔɛ,seʔɛ,yes,sentence-level-word
N_mixtec_people_01_02_03_TS.xml,N_mixtec_people_01_02_03_TS.wav,,2.62,3.82,se'e savi,,,seʔɛ savi,,sentence-level-full
N_mother_01_spkrJS.xml,N_mother_01_spkrJS.wav,1,0,0.82,maa,maː˧,maː,maa,yes,single-word
N_mother_02_spkrTS.xml,N_mother_02_spkrTS.wav,1,0,0.47,maa,mãː˧,mãː,mãː,yes,single-word
N_mother_03_spkrTS.xml,N_mother_03_spkrTS.wav,1,0,0.47,maa,mãː˧,mãː,mãː,yes,single-word
N_mother_1st_sg_01_spkrTS.xml,N_mother_1st_sg_01_spkrTS.wav,,1,4,maa,mãː˧,mãː,mãː,yes,sentence-level-word
N_mother_1st_sg_01_spkrTS.xml,N_mother_1st_sg_01_spkrTS.wav,,4,8,yu,ju↘,ju,ju,yes,sentence-level-word
N_mother_1st_sg_01_spkrTS.xml,N_mother_1st_sg_01_spkrTS.wav,,0,2.18,maa yu,,,mãː ju,,sentence-level-full
N_mother_1st_sg_02_spkrTS.xml,N_mother_1st_sg_02_spkrTS.wav,,1,4,maa,mãː˧,mãː,mãː,yes,sentence-level-word
N_mother_1st_sg_02_spkrTS.xml,N_mother_1st_sg_02_spkrTS.wav,,4,7,yu,j↘u,ju,ju,yes,sentence-level-word
N_mother_1st_sg_02_spkrTS.xml,N_mother_1st_sg_02_spkrTS.wav,,0,0.64,maa yu,,,mãː ju,,sentence-level-full
N_mother_POSS_2nd_sg_form_01_02.xml,N_mother_POSS_2nd_sg_form_01_02.wav,,1,4,maa,maː˧,maː,maa,yes,sentence-level-word
N_mother_POSS_2nd_sg_form_01_02.xml,N_mother_POSS_2nd_sg_form_01_02.wav,,4,14,ni,ni˥,ni,ni,yes,sentence-level-word
N_mother_POSS_2nd_sg_form_01_02.xml,N_mother_POSS_2nd_sg_form_01_02.wav,,0,1.20,maa ni,,,maa ni,,sentence-level-full
N_mother_POSS_2nd_sg_form_01_02.xml,N_mother_POSS_2nd_sg_form_01_02.wav,,9,15,ni,ni˥,ni,ni,yes,sentence-level-word
N_mother_POSS_2nd_sg_form_01_02.xml,N_mother_POSS_2nd_sg_form_01_02.wav,,6,9,maa,maː˧,maː,maa,yes,sentence-level-word
N_mother_POSS_2nd_sg_form_01_02.xml,N_mother_POSS_2nd_sg_form_01_02.wav,,1.20,2.39,maa ni,,,maa ni,,sentence-level-full
N_mother_POSS_2nd_sg_inf_01_02.xml,N_mother_POSS_2nd_sg_inf_01_02.wav,,1,4,maa,maː˧,maː,maa,yes,sentence-level-word
N_mother_POSS_2nd_sg_inf_01_02.xml,N_mother_POSS_2nd_sg_inf_01_02.wav,,4,15,ku,ɣu↗,ɣu,ɣu,yes,sentence-level-word
N_mother_POSS_2nd_sg_inf_01_02.xml,N_mother_POSS_2nd_sg_inf_01_02.wav,,0,1.23,maa ku,,,maa ɣu,,sentence-level-full
N_mother_POSS_2nd_sg_inf_01_02.xml,N_mother_POSS_2nd_sg_inf_01_02.wav,,10,16,ku,ɣu↗ꜜ,ɣu,ɣu,yes,sentence-level-word
N_mother_POSS_2nd_sg_inf_01_02.xml,N_mother_POSS_2nd_sg_inf_01_02.wav,,7,10,maa,maː˧,maː,maa,yes,sentence-level-word
N_mother_POSS_2nd_sg_inf_01_02.xml,N_mother_POSS_2nd_sg_inf_01_02.wav,,1.23,2.47,maa ku,,,maa ɣu,,sentence-level-full
N_mourning_dove_01_TS.xml,N_mourning_dove_01_TS.wav,1,0,0.91,lakuku,la˩ku˥ku˧˥,lakuku,lakuku,yes,single-word
N_mud_01_02_03_spkrTS.xml,N_mud_01_02_03_spkrTS.wav,1,0,0.79,ncha'i,ndʒa˩ʔi˩,ndʒaʔi,nd͡ʒaʔi,yes,single-word
N_mud_01_02_03_spkrTS.xml,N_mud_01_02_03_spkrTS.wav,2,0.79,1.91,ncha'i,ndʒa˩ʔi˩,ndʒaʔi,nd͡ʒaʔi,yes,single-word
N_mud_01_02_03_spkrTS.xml,N_mud_01_02_03_spkrTS.wav,3,1.91,2.87,ncha'i,ndʒa∙ʔi˩,ndʒaʔi,nd͡ʒaʔi,yes,single-word
N_nothing_01_spkrTS.xml,N_nothing_01_spkrTS.wav,,1,3,koo,kɔː↘,kɔː,kɔɔ,yes,sentence-level-word
N_nothing_01_spkrTS.xml,N_nothing_01_spkrTS.wav,,3,9,ña'a,ɲã̰˥ʔa̰˩,ɲã̰ʔa̰,ɲã̰ʔa̰,yes,sentence-level-word
N_nothing_01_spkrTS.xml,N_nothing_01_spkrTS.wav,,0,0.65,koo ña'a,,,kɔɔ ɲã̰ʔa̰,,sentence-level-full
N_owl_01_TS.xml,N_owl_01_TS.wav,1,0,0.75,chumi,ʧu↘mi↗,ʧumi,t͡ʃumi,yes,single-word
N_parrot_01_02_TS.xml,N_parrot_01_02_TS.wav,1,0,1.18,loro,loː↗ro↘,loːro,looro,yes,single-word
N_parrot_01_02_TS.xml,N_parrot_01_02_TS.wav,2,1.18,2.55,loro,loː↗↘ꜜro,loːro,looro,yes,single-word
N_peach_02_spkrJS.xml,N_peach_02_spkrJS.wav,1,0,0.43,nche'e,nʤɛ̰˧ʔɛ̰↗,nʤɛ̰ʔɛ̰,nd͡ʒɛʔɛ̰,yes,single-word
N_people_children_offspring_01_02_TS.xml,N_people_children_offspring_01_02_TS.wav,1,0,0.89,se'e,sɛ̰∙ʔɛ↘,sɛ̰ʔɛ,sɛʔɛ,yes,single-word
N_people_children_offspring_01_02_TS.xml,N_people_children_offspring_01_02_TS.wav,2,0.89,1.77,se'e,sɛ̰∙ʔɛ↘,sɛ̰ʔɛ,sɛʔɛ,yes,single-word
N_rabbit_1pl_01_JS.xml,N_rabbit_1pl_01_JS.wav,,1,8,salurru,sa˥luː˥ꜛru↘,saluːꜛru,saluuru,yes,sentence-level-word
N_rabbit_1pl_01_JS.xml,N_rabbit_1pl_01_JS.wav,,8,12,ko,ɣo↗,ɣo,ɣo,yes,sentence-level-word
N_rabbit_1pl_01_JS.xml,N_rabbit_1pl_01_JS.wav,,0,1.36,salurru ko,,,saluuru ɣo,,sentence-level-full
N_rooster_01_TS.xml,N_rooster_01_TS.wav,1,0,0.64,to'lo,to˥ʔlo˩,toʔlo,toʔlo,yes,single-word
N_saa_savi_01_spkrFS.xml,N_saa_savi_01_spkrFS.wav,,1,4,savi,sãː↗,sãː,sãː,yes,sentence-level-word
N_saa_savi_01_spkrFS.xml,N_saa_savi_01_spkrFS.wav,,0,0.82,savi,,,sãː,,sentence-level-full
N_salt_01_02_03_05_06_JS.xml,N_salt_01_02_03_05_06_JS.wav,2,0.66,1.56,iin,ĩː↗,ĩː,ĩː,yes,single-word
N_salt_01_02_03_05_06_JS.xml,N_salt_01_02_03_05_06_JS.wav,3,1.56,2.24,iin,ĩː↗,ĩː,ĩː,yes,single-word
N_salt_01_02_03_05_06_JS.xml,N_salt_01_02_03_05_06_JS.wav,4,2.24,2.96,iin,iː↗,iː,ii,yes,single-word
N_salt_01_02_03_05_06_JS.xml,N_salt_01_02_03_05_06_JS.wav,5,2.96,3.93,iin,ĩː↗,ĩː,ĩː,yes,single-word
N_scrub_jay_01_TS.xml,N_scrub_jay_01_TS.wav,1,0,0.69,kuilu,kwɪ↗li˧,kwɪli,kwɪli,yes,single-word
N_sister_01_02_JS.xml,N_sister_01_02_JS.wav,1,0,0.71,kua'a,kwa↘ʔa↗,kwaʔa,kwaʔa,yes,single-word
N_star_01_02_TS.xml,N_star_01_02_TS.wav,1,0,0.65,chuun,tʃũː↘,tʃũː,t͡ʃũː,yes,single-word
N_star_01_02_TS.xml,N_star_01_02_TS.wav,2,0.65,1.30,chuun,tʃũː↘,tʃũː,t͡ʃũː,yes,single-word
N_sun_02_JS.xml,N_sun_02_JS.wav,1,0,1.08,nikanchii,ni˩ka˩ndʒiː↘↗,nikandʒiː,nikand͡ʒii,yes,single-word
N_sun_02_spkrJS.xml,N_sun_02_spkrJS.wav,1,0,1.08,nikanchii,ni˩k˩andʒiː↘↗,nikandʒiː,nikand͡ʒii,yes,single-word
N_swallow_01_TS.xml,N_swallow_01_TS.wav,1,0,0.86,tixikua,ti˩ʃi˩kwa↗,tiʃikwa,tiʃikwa,yes,single-word
N_tail_feather_01_02_spkrJS.xml,N_tail_feather_01_02_spkrJS.wav,,1,7,tumi,d̪u↘mi↗,d̪umi,dumi,yes,sentence-level-word
N_tail_feather_01_02_spkrJS.xml,N_tail_feather_01_02_spkrJS.wav,,7,27,nto'o,nd̪o˧ʔo↗,nd̪oʔo,ndoʔo,yes,sentence-level-word
N_tail_feather_01_02_spkrJS.xml,N_tail_feather_01_02_spkrJS.wav,,0,1.89,tumi nto'o,,,dumi ndoʔo,,sentence-level-full
N_tail_feather_01_02_spkrJS.xml,N_tail_feather_01_02_spkrJS.wav,,13,18,tumi,d̪u↘mi↗ꜜ,d̪umi,dumi,yes,sentence-level-word
N_tail_feather_01_02_spkrJS.xml,N_tail_feather_01_02_spkrJS.wav,,18,28,nto'o,nd̪o˧ʔo↗,nd̪oʔo,ndoʔo,yes,sentence-level-word
N_tail_feather_01_02_spkrJS.xml,N_tail_feather_01_02_spkrJS.wav,,1.89,3.78,tumi nto'o,,,dumi ndoʔo,,sentence-level-full
N_tongue_01_spkrJS.xml,N_tongue_01_spkrJS.wav,1,0,0.89,jaa,jaː↘↗,jaː,jaa,yes,single-word
N_tongue_02_spkrJS.xml,N_tongue_02_spkrJS.wav,1,0,0.64,jaa,jaː↘↗,jaː,jaa,yes,single-word
N_turkey_f_01_TS.xml,N_turkey_f_01_TS.wav,1,0,0.85,koni,ko˥ni˥,koni,koni,yes,single-word
N_turkey_m_01_TS.xml,N_turkey_m_01_TS.wav,1,0,0.81,kolo,ko˥lo˥,kolo,kolo,yes,single-word
N_vulcher_01_TS.xml,N_vulcher_01_TS.wav,1,0,0.91,lochi,lo˥ʧi˥,loʧi,lot͡ʃi,yes,single-word
N_woodpecker_01_TS.xml,N_woodpecker_01_TS.wav,1,0,0.83,taka,t̬a↗ka↘,t̬aka,t̬aka,yes,single-word
PRON_1pl_excl_01_02_JS.xml,PRON_1pl_excl_01_02_JS.wav,1,0,1.66,meeko,meː˧ɣo↗,meːɣo,meeɣo,yes,single-word
PRON_1pl_excl_01_02_JS.xml,PRON_1pl_excl_01_02_JS.wav,2,1.66,3.32,meeko,meː˧ɣo↗,meːɣo,meeɣo,yes,single-word
PRON_1pl_incl_JS.xml,PRON_1pl_incl_JS.wav,1,0,1.24,meekue,meː˩we˧,meːwe,meewe,yes,single-word
PRON_1s_01_JS.xml,PRON_1s_01_JS.wav,1,0,0.56,mee,mɛː↗,mɛː,mɛɛ,yes,single-word
PRON_2pl_all_01_02_JS.xml,PRON_2pl_all_01_02_JS.wav,1,0,1.75,meekue yu,meː↗we˧ju↗,meːweju,meeweju,yes,single-word
PRON_2pl_all_01_02_JS.xml,PRON_2pl_all_01_02_JS.wav,2,1.75,3.51,meekue yu,meː↗we˧ju↗,meːweju,meeweju,yes,single-word
PRON_2s_form_01_JS.xml,PRON_2s_form_01_JS.wav,1,0,0.31,ni,ni↗,ni,ni,yes,single-word
PRON_2s_inf_02_JS.xml,PRON_2s_inf_02_JS.wav,1,0,0.68,meu,me:˧ũ↗,me:ũ,me:ũ,yes,single-word
PRON_3pl_form_01_02_JS.xml,PRON_3pl_form_01_02_JS.wav,1,0,1.26,naká,na˩k̬a↗,nak̬a,nak̬a,yes,single-word
PRON_3pl_form_01_02_JS.xml,PRON_3pl_form_01_02_JS.wav,2,1.26,2.52,naká,na˩k̬a↗,nak̬a,nak̬a,yes,single-word
PRON_3s_f_inf_01_02_JS.xml,PRON_3s_f_inf_01_02_JS.wav,1,0,1.66,ñáká,ɲa˧ꜛk̬a˥,ɲaꜛk̬a,ɲak̬a,yes,single-word
PRON_3s_f_inf_01_02_JS.xml,PRON_3s_f_inf_01_02_JS.wav,2,1.66,3.31,ñáká,ɲa˧k̬a˥,ɲak̬a,ɲak̬a,yes,single-word
PRON_3s_m_inf_01_02_JS.xml,PRON_3s_m_inf_01_02_JS.wav,1,0,1.43,chaká,tʃaˑ↘k̬a↗,tʃaˑk̬a,t͡ʃaˑk̬a,yes,single-word
PRON_3s_m_inf_01_02_JS.xml,PRON_3s_m_inf_01_02_JS.wav,2,1.43,2.86,chaká,tʃa↘ꜜk̬a˥ꜜ,tʃak̬a,t͡ʃak̬a,yes,single-word
PRP_across_01_spkrJS.xml,PRP_across_01_spkrJS.wav,,1,7,inka,ĩ˥ŋgaː˩,ĩŋgaː,ĩŋgaa,yes,sentence-level-word
PRP_across_01_spkrJS.xml,PRP_across_01_spkrJS.wav,,7,12,tsio,tsjo˧,tsjo,t͡sjo,yes,sentence-level-word
PRP_across_01_spkrJS.xml,PRP_across_01_spkrJS.wav,,0,1.45,inka tsio,,,ĩŋgaa t͡sjo,,sentence-level-full
PRP_across_02_spkrJS.xml,PRP_across_02_spkrJS.wav,,1,5,inka,ŋ˥k̬↘aː,ŋk̬aː,ŋk̬aa,yes,sentence-level-word
PRP_across_02_spkrJS.xml,PRP_across_02_spkrJS.wav,,5,11,tsio,tsi˧jo˩,tsijo,t͡sijo,yes,sentence-level-word
PRP_across_02_spkrJS.xml,PRP_across_02_spkrJS.wav,,0,1.36,inka tsio,,,ŋk̬aa t͡sijo,,sentence-level-full
PRP_across_03_spkrJS.xml,PRP_across_03_spkrJS.wav,,1,7,inka,ĩː˥ŋgaː˩,ĩːŋgaː,ĩːŋgaa,yes,sentence-level-word
PRP_across_03_spkrJS.xml,PRP_across_03_spkrJS.wav,,7,12,tsio,tsjo˧,tsjo,t͡sjo,yes,sentence-level-word
PRP_across_03_spkrJS.xml,PRP_across_03_spkrJS.wav,,0,1.35,inka tsio,,,ĩːŋgaa t͡sjo,,sentence-level-full
P_five_chicken_eggs_01_spkrJS.xml,P_five_chicken_eggs_01_spkrJS.wav,,14,20,chuun,ʧũː↘↗,ʧũː,t͡ʃũː,yes,sentence-level-word
P_five_chicken_eggs_01_spkrJS.xml,P_five_chicken_eggs_01_spkrJS.wav,,1,7,u'un,ũ∙ʔm̹↘,ũʔm̹,ũʔm,yes,sentence-level-word
P_five_chicken_eggs_01_spkrJS.xml,P_five_chicken_eggs_01_spkrJS.wav,,7,14,tivi,nd̪i↘βi↗,nd̪iβi,ndiβi,yes,sentence-level-word
P_five_chicken_eggs_01_spkrJS.xml,P_five_chicken_eggs_01_spkrJS.wav,,0,1.83,u'un tivi chuun,,,ũʔm ndiβi t͡ʃũː,,sentence-level-full
P_new_heart_01_spkrTS.xml,P_new_heart_01_spkrTS.wav,,1,6,ana,a∙na↘,ana,ana,yes,sentence-level-word
P_new_heart_01_spkrTS.xml,P_new_heart_01_spkrTS.wav,,6,11,tsaa,tsaː↗↘,tsaː,t͡saa,yes,sentence-level-word
P_new_heart_01_spkrTS.xml,P_new_heart_01_spkrTS.wav,,0,1.08,ana tsaa,,,ana t͡saa,,sentence-level-full
P_nine_husbands_01_spkrJS.xml,P_nine_husbands_01_spkrJS.wav,,1,3,iin,iː↘,iː,ii,yes,sentence-level-word
P_nine_husbands_01_spkrJS.xml,P_nine_husbands_01_spkrJS.wav,,3,7,iin,ĩː↗,ĩː,ĩː,yes,sentence-level-word
P_nine_husbands_01_spkrJS.xml,P_nine_husbands_01_spkrJS.wav,,0,1.38,iin iin,,,ii ĩː,,sentence-level-full
P_nine_husbands_02_spkrJS.xml,P_nine_husbands_02_spkrJS.wav,,1,3,iin,ĩː↘,ĩː,ĩː,yes,sentence-level-word
P_nine_husbands_02_spkrJS.xml,P_nine_husbands_02_spkrJS.wav,,3,7,iin,ĩː↘↗,ĩː,ĩː,yes,sentence-level-word
P_nine_husbands_02_spkrJS.xml,P_nine_husbands_02_spkrJS.wav,,0,1.48,iin iin,,,ĩː ĩː,,sentence-level-full
P_that_thin_green_fruit_01_spkrJS.xml,P_that_thin_green_fruit_01_spkrJS.wav,,1,6,iki,i˧ki˩,iki,iki,yes,sentence-level-word
P_that_thin_green_fruit_01_spkrJS.xml,P_that_thin_green_fruit_01_spkrJS.wav,,6,13,kui'i,kwḭ↘ʔiː↗,kwḭʔiː,kwiʔii,yes,sentence-level-word
P_that_thin_green_fruit_01_spkrJS.xml,P_that_thin_green_fruit_01_spkrJS.wav,,16,23,kuiyi,kwi↘ji↗,kwiji,kwiji,yes,sentence-level-word
P_that_thin_green_fruit_01_spkrJS.xml,P_that_thin_green_fruit_01_spkrJS.wav,,13,16,kuiin,kwĩː↘↗,kwĩː,kwĩː,yes,sentence-level-word
P_that_thin_green_fruit_01_spkrJS.xml,P_that_thin_green_fruit_01_spkrJS.wav,,23,29,ka,ɣa↗,ɣa,ɣa,yes,sentence-level-word
P_that_thin_green_fruit_01_spkrJS.xml,P_that_thin_green_fruit_01_spkrJS.wav,,0,3.77,iki kui'i kuiin kuiyi ka,,,iki kwiʔii kwĩː kwiji ɣa,,sentence-level-full
P_that_thin_green_fruit_02_spkrJS.xml,P_that_thin_green_fruit_02_spkrJS.wav,,5,12,kui'i,kwḭ↘ʔiː↗,kwḭʔiː,kwiʔii,yes,sentence-level-word
P_that_thin_green_fruit_02_spkrJS.xml,P_that_thin_green_fruit_02_spkrJS.wav,,15,22,kuiyi,kwi↘↗ji↗,kwiji,kwiji,yes,sentence-level-word
P_that_thin_green_fruit_02_spkrJS.xml,P_that_thin_green_fruit_02_spkrJS.wav,,12,15,kuiin,kwĩː↘↗,kwĩː,kwĩː,yes,sentence-level-word
P_that_thin_green_fruit_02_spkrJS.xml,P_that_thin_green_fruit_02_spkrJS.wav,,22,29,ka,ɣa↗,ɣa,ɣa,yes,sentence-level-word
P_that_thin_green_fruit_02_spkrJS.xml,P_that_thin_green_fruit_02_spkrJS.wav,,1,5,iki,i˧k˥i,iki,iki,yes,sentence-level-word
P_that_thin_green_fruit_02_spkrJS.xml,P_that_thin_green_fruit_02_spkrJS.wav,,0,3.02,iki kui'i kuiin kuiyi ka,,,iki kwiʔii kwĩː kwiji ɣa,,sentence-level-full
P_thin_green_fruit_1st_sg_01_spkrJS.xml,P_thin_green_fruit_1st_sg_01_spkrJS.wav,,15,26,kuiyi̠,kwi↘jiR_F,kwijiR_F,kwijir_f,yes,sentence-level-word
P_thin_green_fruit_1st_sg_01_spkrJS.xml,P_thin_green_fruit_1st_sg_01_spkrJS.wav,,1,5,iki,i˧ki˥,iki,iki,yes,sentence-level-word
P_thin_green_fruit_1st_sg_01_spkrJS.xml,P_thin_green_fruit_1st_sg_01_spkrJS.wav,,5,11,kui'i,kwḭ↘ʔiː↗,kwḭʔiː,kwiʔii,yes,sentence-level-word
P_thin_green_fruit_1st_sg_01_spkrJS.xml,P_thin_green_fruit_1st_sg_01_spkrJS.wav,,11,15,kuiin,kwĩː↘↗,kwĩː,kwĩː,yes,sentence-level-word
P_thin_green_fruit_1st_sg_01_spkrJS.xml,P_thin_green_fruit_1st_sg_01_spkrJS.wav,,0,3.70,iki kui'i kuiin kuiyi̠,,,iki kwiʔii kwĩː kwijir_f,,sentence-level-full
P_thin_green_fruit_1st_sg_02_spkrJS.xml,P_thin_green_fruit_1st_sg_02_spkrJS.wav,,1,6,iki,i˧k↗i,iki,iki,yes,sentence-level-word
P_thin_green_fruit_1st_sg_02_spkrJS.xml,P_thin_green_fruit_1st_sg_02_spkrJS.wav,,13,17,kuiin,kwĩː↘↗,kwĩː,kwĩː,yes,sentence-level-word
P_thin_green_fruit_1st_sg_02_spkrJS.xml,P_thin_green_fruit_1st_sg_02_spkrJS.wav,,6,13,kui'i,kwḭ↘ʔḭː↗,kwḭʔḭː,kwiʔḭː,yes,sentence-level-word
P_thin_green_fruit_1st_sg_02_spkrJS.xml,P_thin_green_fruit_1st_sg_02_spkrJS.wav,,17,28,kuiyi̠,kwi↘ji↗↘,kwiji,kwiji,yes,sentence-level-word
P_thin_green_fruit_1st_sg_02_spkrJS.xml,P_thin_green_fruit_1st_sg_02_spkrJS.wav,,0,3.70,iki kui'i kuiin kuiyi̠,,,iki kwiʔḭː kwĩː kwiji,,sentence-level-full
QNTY_all_everything_01_02_03_spkrTS.xml,QNTY_all_everything_01_02_03_spkrTS.wav,1,0,1.22,nti'i,nd̪i↗ʔ↘i,nd̪iʔi,ndiʔi,yes,single-word
QNTY_all_everything_01_02_03_spkrTS.xml,QNTY_all_everything_01_02_03_spkrTS.wav,2,1.22,2.39,nti'i,nd̪i↗ʔi↘,nd̪iʔi,ndiʔi,yes,single-word
QNTY_all_everything_01_02_03_spkrTS.xml,QNTY_all_everything_01_02_03_spkrTS.wav,3,2.39,3.54,nti'i,nd̪i˥ʔi↘,nd̪iʔi,ndiʔi,yes,single-word
QNTY_everyone_01_02_03_spkrTS.xml,QNTY_everyone_01_02_03_spkrTS.wav,,1,7,nti'i,nd̪i˥ʔi↘,nd̪iʔi,ndiʔi,yes,sentence-level-word
QNTY_everyone_01_02_03_spkrTS.xml,QNTY_everyone_01_02_03_spkrTS.wav,,7,33,na,na↘,na,na,yes,sentence-level-word
QNTY_everyone_01_02_03_spkrTS.xml,QNTY_everyone_01_02_03_spkrTS.wav,,0,1.13,nti'i na,,,ndiʔi na,,sentence-level-full
QNTY_everyone_01_02_03_spkrTS.xml,QNTY_everyone_01_02_03_spkrTS.wav,,10,17,nti'i,nd̪i↗ʔi↘,nd̪iʔi,ndiʔi,yes,sentence-level-word
QNTY_everyone_01_02_03_spkrTS.xml,QNTY_everyone_01_02_03_spkrTS.wav,,17,34,na,na↘,na,na,yes,sentence-level-word
QNTY_everyone_01_02_03_spkrTS.xml,QNTY_everyone_01_02_03_spkrTS.wav,,1.13,2.21,nti'i na,,,ndiʔi na,,sentence-level-full
QNTY_everyone_01_02_03_spkrTS.xml,QNTY_everyone_01_02_03_spkrTS.wav,,27,35,na,na↘,na,na,yes,sentence-level-word
QNTY_everyone_01_02_03_spkrTS.xml,QNTY_everyone_01_02_03_spkrTS.wav,,19,27,nti'i,nd̪i˥ʔi↘,nd̪iʔi,ndiʔi,yes,sentence-level-word
QNTY_everyone_01_02_03_spkrTS.xml,QNTY_everyone_01_02_03_spkrTS.wav,,2.21,3.26,nti'i na,,,ndiʔi na,,sentence-level-full
QNTY_few_01_02_03_TS.xml,QNTY_few_01_02_03_TS.wav,1,0,0.72,xoo,ʃoː↘↗,ʃoː,ʃoo,yes,single-word
QNTY_few_01_02_03_TS.xml,QNTY_few_01_02_03_TS.wav,2,0.72,1.48,xoo,ʃoː↘↗ꜜ,ʃoː,ʃoo,yes,single-word
QNTY_few_01_02_03_TS.xml,QNTY_few_01_02_03_TS.wav,3,1.48,2.30,xoo,ʃoː↘↗ꜜ,ʃoː,ʃoo,yes,single-word
QNTY_nobody_01_02_03_spkrTS.xml,QNTY_nobody_01_02_03_spkrTS.wav,,1,4,koo,koː↗,koː,koo,yes,sentence-level-word
QNTY_nobody_01_02_03_spkrTS.xml,QNTY_nobody_01_02_03_spkrTS.wav,,4,22,na,na↘,na,na,yes,sentence-level-word
QNTY_nobody_01_02_03_spkrTS.xml,QNTY_nobody_01_02_03_spkrTS.wav,,0,0.87,koo na,,,koo na,,sentence-level-full
QNTY_nobody_01_02_03_spkrTS.xml,QNTY_nobody_01_02_03_spkrTS.wav,,10,23,na,na∙,na,na,yes,sentence-level-word
QNTY_nobody_01_02_03_spkrTS.xml,QNTY_nobody_01_02_03_spkrTS.wav,,7,10,koo,koː↗,koː,koo,yes,sentence-level-word
QNTY_nobody_01_02_03_spkrTS.xml,QNTY_nobody_01_02_03_spkrTS.wav,,0.87,1.79,koo na,,,koo na,,sentence-level-full
QNTY_nobody_01_02_03_spkrTS.xml,QNTY_nobody_01_02_03_spkrTS.wav,,13,16,koo,koː↗,koː,koo,yes,sentence-level-word
QNTY_nobody_01_02_03_spkrTS.xml,QNTY_nobody_01_02_03_spkrTS.wav,,16,24,na,na∙,na,na,yes,sentence-level-word
QNTY_nobody_01_02_03_spkrTS.xml,QNTY_nobody_01_02_03_spkrTS.wav,,1.79,2.83,koo na,,,koo na,,sentence-level-full
QNTY_none-nothing_01_02_03_spkrTS.xml,QNTY_none-nothing_01_02_03_spkrTS.wav,1,0,0.83,niña'a,ni˧ɲa̰∙ʔa↗ꜜ,niɲa̰ʔa,niɲaʔa,yes,single-word
QNTY_none-nothing_01_02_03_spkrTS.xml,QNTY_none-nothing_01_02_03_spkrTS.wav,2,0.83,1.85,niña'a,ni˧ɲa̰∙ʔa↗ꜜ,niɲa̰ʔa,niɲaʔa,yes,single-word
QNTY_none-nothing_01_02_03_spkrTS.xml,QNTY_none-nothing_01_02_03_spkrTS.wav,3,1.85,2.81,niña'a,ni˧ɲa˩ʔa↗ꜜ,niɲaʔa,niɲaʔa,yes,single-word
Q_do_you_inf_see_me_RESP_yes_I_see_you_inf_01_02_spkrTS.xml,Q_do_you_inf_see_me_RESP_yes_I_see_you_inf_01_02_spkrTS.wav,,1,3,aan,ãː↘,ãː,ãː,yes,sentence-level-word
Q_do_you_inf_see_me_RESP_yes_I_see_you_inf_01_02_spkrTS.xml,Q_do_you_inf_see_me_RESP_yes_I_see_you_inf_01_02_spkrTS.wav,,9,12,yu,ju˩,ju,ju,yes,sentence-level-word
Q_do_you_inf_see_me_RESP_yes_I_see_you_inf_01_02_spkrTS.xml,Q_do_you_inf_see_me_RESP_yes_I_see_you_inf_01_02_spkrTS.wav,,3,9,nche'e,ndʒɛ̰∙ʔɛ↘,ndʒɛ̰ʔɛ,nd͡ʒɛʔɛ,yes,sentence-level-word
Q_do_you_inf_see_me_RESP_yes_I_see_you_inf_01_02_spkrTS.xml,Q_do_you_inf_see_me_RESP_yes_I_see_you_inf_01_02_spkrTS.wav,,12,35,yo'o,jo↘,jo,jo,yes,sentence-level-word
Q_do_you_inf_see_me_RESP_yes_I_see_you_inf_01_02_spkrTS.xml,Q_do_you_inf_see_me_RESP_yes_I_see_you_inf_01_02_spkrTS.wav,,0,1.99,aan nche'e yu yo'o,,,ãː nd͡ʒɛʔɛ ju jo,,sentence-level-full
Q_do_you_inf_see_me_RESP_yes_I_see_you_inf_01_02_spkrTS.xml,Q_do_you_inf_see_me_RESP_yes_I_see_you_inf_01_02_spkrTS.wav,,27,36,yo'o,j∙o̰ʔo̰↘,jo̰ʔo̰,joʔo̰,yes,sentence-level-word
Q_do_you_inf_see_me_RESP_yes_I_see_you_inf_01_02_spkrTS.xml,Q_do_you_inf_see_me_RESP_yes_I_see_you_inf_01_02_spkrTS.wav,,16,18,aan,ãː↘,ãː,ãː,yes,sentence-level-word
Q_do_you_inf_see_me_RESP_yes_I_see_you_inf_01_02_spkrTS.xml,Q_do_you_inf_see_me_RESP_yes_I_see_you_inf_01_02_spkrTS.wav,,18,24,nche'e,dʒɛ̰˧ʔɛ↘,dʒɛ̰ʔɛ,d͡ʒɛʔɛ,yes,sentence-level-word
Q_do_you_inf_see_me_RESP_yes_I_see_you_inf_01_02_spkrTS.xml,Q_do_you_inf_see_me_RESP_yes_I_see_you_inf_01_02_spkrTS.wav,,24,27,yu,ju˩,ju,ju,yes,sentence-level-word
Q_do_you_inf_see_me_RESP_yes_I_see_you_inf_01_02_spkrTS.xml,Q_do_you_inf_see_me_RESP_yes_I_see_you_inf_01_02_spkrTS.wav,,1.99,3.98,aan nche'e yu yo'o,,,ãː d͡ʒɛʔɛ ju joʔo̰,,sentence-level-full
SET_days_of_the_week_01_02_TS.xml,SET_days_of_the_week_01_02_TS.wav,1,0,1.21,lonix,lo↗ni↘ʃ,loniʃ,loniʃ,yes,single-word
SET_days_of_the_week_01_02_TS.xml,SET_days_of_the_week_01_02_TS.wav,2,1.21,2.66,marstix,ma˧rsti∙ʃ,marstiʃ,marstiʃ,yes,single-word
SET_days_of_the_week_01_02_TS.xml,SET_days_of_the_week_01_02_TS.wav,3,2.66,4.06,merkolix,mɛ∙rko∙lɪ∙ʃ,mɛrkolɪʃ,mɛrkolɪʃ,yes,single-word
SET_days_of_the_week_01_02_TS.xml,SET_days_of_the_week_01_02_TS.wav,4,4.06,5.16,huevix,we↗↘ꜜviʃ,weviʃ,weviʃ,yes,single-word
SET_days_of_the_week_01_02_TS.xml,SET_days_of_the_week_01_02_TS.wav,5,5.16,6.22,viernix,vj∙erni˩ʃ,vjerniʃ,vjerniʃ,yes,single-word
SET_days_of_the_week_01_02_TS.xml,SET_days_of_the_week_01_02_TS.wav,6,6.22,6.99,suetu,swe∙t̪o˩,swet̪o,sweto,yes,single-word
SET_days_of_the_week_01_02_TS.xml,SET_days_of_the_week_01_02_TS.wav,7,6.99,8.29,dominko,do˩mi˥ŋgo∙,domiŋgo,domiŋgo,yes,single-word
SET_days_of_the_week_01_02_TS.xml,SET_days_of_the_week_01_02_TS.wav,8,8.29,10.07,lonix,lo↗ni↘ʃ,loniʃ,loniʃ,yes,single-word
SET_days_of_the_week_01_02_TS.xml,SET_days_of_the_week_01_02_TS.wav,9,10.07,11.10,marstix,ma↗rsti∙ʃ,marstiʃ,marstiʃ,yes,single-word
SET_days_of_the_week_01_02_TS.xml,SET_days_of_the_week_01_02_TS.wav,10,11.10,12.05,merkolix,me˥rko∙li∙ʃ,merkoliʃ,merkoliʃ,yes,single-word
SET_days_of_the_week_01_02_TS.xml,SET_days_of_the_week_01_02_TS.wav,11,12.05,12.96,huevix,we˥vi↘ʃ,weviʃ,weviʃ,yes,single-word
SET_days_of_the_week_01_02_TS.xml,SET_days_of_the_week_01_02_TS.wav,12,12.96,14.17,viernix,vje↗rni↘ʃ,vjerniʃ,vjerniʃ,yes,single-word
SET_days_of_the_week_01_02_TS.xml,SET_days_of_the_week_01_02_TS.wav,13,14.17,15.06,suetu,swe˥t̪u↘,swet̪u,swetu,yes,single-word
SET_days_of_the_week_01_02_TS.xml,SET_days_of_the_week_01_02_TS.wav,14,15.06,16.85,dominko,d̪o˧mi˥ŋgo↘,d̪omiŋgo,domiŋgo,yes,single-word
SOC_good_bye_01_02_03_spkrTS.xml,SOC_good_bye_01_02_03_spkrTS.wav,,1,7,sana,sa↘na˥,sana,sana,yes,sentence-level-word
SOC_good_bye_01_02_03_spkrTS.xml,SOC_good_bye_01_02_03_spkrTS.wav,,7,38,ka'a,ka̰∙ʔã̰↗,ka̰ʔã̰,kaʔã̰,yes,sentence-level-word
SOC_good_bye_01_02_03_spkrTS.xml,SOC_good_bye_01_02_03_spkrTS.wav,,0,1.17,sana ka'a,,,sana kaʔã̰,,sentence-level-full
SOC_good_bye_01_02_03_spkrTS.xml,SOC_good_bye_01_02_03_spkrTS.wav,,13,19,sana,sa↘ꜜna↗,sana,sana,yes,sentence-level-word
SOC_good_bye_01_02_03_spkrTS.xml,SOC_good_bye_01_02_03_spkrTS.wav,,19,39,ka'a,k∙a̰ʔã̰↗,ka̰ʔã̰,kaʔã̰,yes,sentence-level-word
SOC_good_bye_01_02_03_spkrTS.xml,SOC_good_bye_01_02_03_spkrTS.wav,,1.17,2.60,sana ka'a,,,sana kaʔã̰,,sentence-level-full
SOC_good_bye_01_02_03_spkrTS.xml,SOC_good_bye_01_02_03_spkrTS.wav,,29,40,ka'a,ka̰∙ʔa↗,ka̰ʔa,kaʔa,yes,sentence-level-word
SOC_good_bye_01_02_03_spkrTS.xml,SOC_good_bye_01_02_03_spkrTS.wav,,24,29,sana,s↘ana↗,sana,sana,yes,sentence-level-word
SOC_good_bye_01_02_03_spkrTS.xml,SOC_good_bye_01_02_03_spkrTS.wav,,2.60,3.94,sana ka'a,,,sana kaʔa,,sentence-level-full
SOC_thank_you_form_01_02_spkrTS.xml,SOC_thank_you_form_01_02_spkrTS.wav,,1,11,tatsa'vi,t̬̪a˩tsa̰∙ʔvi↘,t̬̪atsa̰ʔvi,t̬at͡saʔvi,yes,sentence-level-word
SOC_thank_you_form_01_02_spkrTS.xml,SOC_thank_you_form_01_02_spkrTS.wav,,11,24,ni,ni↗,ni,ni,yes,sentence-level-word
SOC_thank_you_form_01_02_spkrTS.xml,SOC_thank_you_form_01_02_spkrTS.wav,,0,1.01,tatsa'vi ni,,,t̬at͡saʔvi ni,,sentence-level-full
SOC_thank_you_form_01_02_spkrTS.xml,SOC_thank_you_form_01_02_spkrTS.wav,,22,25,ni,n↗i,ni,ni,yes,sentence-level-word
SOC_thank_you_form_01_02_spkrTS.xml,SOC_thank_you_form_01_02_spkrTS.wav,,13,22,tatsa'vi,t̬a˩tsa̰∙ʔvi↗,t̬atsa̰ʔvi,t̬at͡saʔvi,yes,sentence-level-word
SOC_thank_you_form_01_02_spkrTS.xml,SOC_thank_you_form_01_02_spkrTS.wav,,1.01,2.01,tatsa'vi ni,,,t̬at͡saʔvi ni,,sentence-level-full
SOC_thank_you_inf_01_02_spkrTS.xml,SOC_thank_you_inf_01_02_spkrTS.wav,1,0,1.15,tatsa'vo,t̬a˩tsa̰∙ʔv↗o,t̬atsa̰ʔvo,t̬at͡saʔvo,yes,single-word
SOC_thank_you_inf_01_02_spkrTS.xml,SOC_thank_you_inf_01_02_spkrTS.wav,2,1.15,2.30,tatsa'vo,t̬̪a˩tsa̰˥ʔvo↗,t̬̪atsa̰ʔvo,t̬at͡saʔvo,yes,single-word
S_ARVL-HM_my_brothers_are_coming_home_01_02_03_04_TS.xml,S_ARVL-HM_my_brothers_are_coming_home_01_02_03_04_TS.wav,,18,59,ka,ɣa↗ꜜ,ɣa,ɣa,yes,sentence-level-word
S_ARVL-HM_my_brothers_are_coming_home_01_02_03_04_TS.xml,S_ARVL-HM_my_brothers_are_coming_home_01_02_03_04_TS.wav,,15,18,yu,ju↘,ju,ju,yes,sentence-level-word
S_ARVL-HM_my_brothers_are_coming_home_01_02_03_04_TS.xml,S_ARVL-HM_my_brothers_are_coming_home_01_02_03_04_TS.wav,,6,9,kue,we˧ꜛ,weꜛ,we,yes,sentence-level-word
S_ARVL-HM_my_brothers_are_coming_home_01_02_03_04_TS.xml,S_ARVL-HM_my_brothers_are_coming_home_01_02_03_04_TS.wav,,9,15,ñani,ɲa↘ni,ɲani,ɲani,yes,sentence-level-word
S_ARVL-HM_my_brothers_are_coming_home_01_02_03_04_TS.xml,S_ARVL-HM_my_brothers_are_coming_home_01_02_03_04_TS.wav,,1,6,vatsi,βa˥↘tsi˩,βatsi,βat͡si,yes,sentence-level-word
S_ARVL-HM_my_brothers_are_coming_home_01_02_03_04_TS.xml,S_ARVL-HM_my_brothers_are_coming_home_01_02_03_04_TS.wav,,0,1.36,vatsi kue ñani yu ka,,,βat͡si we ɲani ju ɣa,,sentence-level-full
S_ARVL-HM_my_brothers_are_coming_home_01_02_03_04_TS.xml,S_ARVL-HM_my_brothers_are_coming_home_01_02_03_04_TS.wav,,36,60,ka,ɣa↗ꜜ,ɣa,ɣa,yes,sentence-level-word
S_ARVL-HM_my_brothers_are_coming_home_01_02_03_04_TS.xml,S_ARVL-HM_my_brothers_are_coming_home_01_02_03_04_TS.wav,,20,25,vatsi,βa˥ꜜ↘tsi↘,βatsi,βat͡si,yes,sentence-level-word
S_ARVL-HM_my_brothers_are_coming_home_01_02_03_04_TS.xml,S_ARVL-HM_my_brothers_are_coming_home_01_02_03_04_TS.wav,,33,36,yu,ju↘,ju,ju,yes,sentence-level-word
S_ARVL-HM_my_brothers_are_coming_home_01_02_03_04_TS.xml,S_ARVL-HM_my_brothers_are_coming_home_01_02_03_04_TS.wav,,28,33,ñani,ɲa˧ni↘,ɲani,ɲani,yes,sentence-level-word
S_ARVL-HM_my_brothers_are_coming_home_01_02_03_04_TS.xml,S_ARVL-HM_my_brothers_are_coming_home_01_02_03_04_TS.wav,,25,28,kue,we˧,we,we,yes,sentence-level-word
S_ARVL-HM_my_brothers_are_coming_home_01_02_03_04_TS.xml,S_ARVL-HM_my_brothers_are_coming_home_01_02_03_04_TS.wav,,1.36,2.86,vatsi kue ñani yu ka,,,βat͡si we ɲani ju ɣa,,sentence-level-full
S_ARVL-HM_my_brothers_are_coming_home_01_02_03_04_TS.xml,S_ARVL-HM_my_brothers_are_coming_home_01_02_03_04_TS.wav,,51,53,yu,j↘u,ju,ju,yes,sentence-level-word
S_ARVL-HM_my_brothers_are_coming_home_01_02_03_04_TS.xml,S_ARVL-HM_my_brothers_are_coming_home_01_02_03_04_TS.wav,,46,51,ñani,ɲ˥ani↘,ɲani,ɲani,yes,sentence-level-word
S_ARVL-HM_my_brothers_are_coming_home_01_02_03_04_TS.xml,S_ARVL-HM_my_brothers_are_coming_home_01_02_03_04_TS.wav,,53,61,ka,ɣ↗a,ɣa,ɣa,yes,sentence-level-word
S_ARVL-HM_my_brothers_are_coming_home_01_02_03_04_TS.xml,S_ARVL-HM_my_brothers_are_coming_home_01_02_03_04_TS.wav,,38,43,vatsia,βa˥tsi↘,βatsi,βat͡si,yes,sentence-level-word
S_ARVL-HM_my_brothers_are_coming_home_01_02_03_04_TS.xml,S_ARVL-HM_my_brothers_are_coming_home_01_02_03_04_TS.wav,,43,46,kue,we˧,we,we,yes,sentence-level-word
S_ARVL-HM_my_brothers_are_coming_home_01_02_03_04_TS.xml,S_ARVL-HM_my_brothers_are_coming_home_01_02_03_04_TS.wav,,4.23,5.77,vatsia kue ñani yu ka,,,βat͡si we ɲani ju ɣa,,sentence-level-full
S_ARVL_approaching_fast_3s_inf_01_02_03_TS.xml,S_ARVL_approaching_fast_3s_inf_01_02_03_TS.wav,,1,4,tsa'an,tsãː˥,tsãː,t͡sãː,yes,sentence-level-word
S_ARVL_approaching_fast_3s_inf_01_02_03_TS.xml,S_ARVL_approaching_fast_3s_inf_01_02_03_TS.wav,,4,11,ncho'a,ndʒo˥ʔa˩,ndʒoʔa,nd͡ʒoʔa,yes,sentence-level-word
S_ARVL_approaching_fast_3s_inf_01_02_03_TS.xml,S_ARVL_approaching_fast_3s_inf_01_02_03_TS.wav,,11,51,vatsia,βa↘tsia↘,βatsia,βat͡sia,yes,sentence-level-word
S_ARVL_approaching_fast_3s_inf_01_02_03_TS.xml,S_ARVL_approaching_fast_3s_inf_01_02_03_TS.wav,,0,3.56,tsa'an ncho'a vatsia,,,t͡sãː nd͡ʒoʔa βat͡sia,,sentence-level-full
S_ARVL_approaching_fast_3s_inf_01_02_03_TS.xml,S_ARVL_approaching_fast_3s_inf_01_02_03_TS.wav,,16,19,tsa'an,tsãː↘↗↘,tsãː,t͡sãː,yes,sentence-level-word
S_ARVL_approaching_fast_3s_inf_01_02_03_TS.xml,S_ARVL_approaching_fast_3s_inf_01_02_03_TS.wav,,26,52,vatsia,βa∙tsia↘↗,βatsia,βat͡sia,yes,sentence-level-word
S_ARVL_approaching_fast_3s_inf_01_02_03_TS.xml,S_ARVL_approaching_fast_3s_inf_01_02_03_TS.wav,,19,26,ncho'a,ndʒo̰˥ʔa˩,ndʒo̰ʔa,nd͡ʒoʔa,yes,sentence-level-word
S_ARVL_approaching_fast_3s_inf_01_02_03_TS.xml,S_ARVL_approaching_fast_3s_inf_01_02_03_TS.wav,,3.56,5.67,tsa'an ncho'a vatsia,,,t͡sãː nd͡ʒoʔa βat͡sia,,sentence-level-full
S_ARVL_approaching_fast_3s_inf_01_02_03_TS.xml,S_ARVL_approaching_fast_3s_inf_01_02_03_TS.wav,,32,35,tsa'a,tsaː˧,tsaː,t͡saa,yes,sentence-level-word
S_ARVL_approaching_fast_3s_inf_01_02_03_TS.xml,S_ARVL_approaching_fast_3s_inf_01_02_03_TS.wav,,42,53,vatsia,βa∙tsia↘,βatsia,βat͡sia,yes,sentence-level-word
S_ARVL_approaching_fast_3s_inf_01_02_03_TS.xml,S_ARVL_approaching_fast_3s_inf_01_02_03_TS.wav,,35,42,ncho'a,ndʒo̰∙ʔa˩,ndʒo̰ʔa,nd͡ʒoʔa,yes,sentence-level-word
S_ARVL_approaching_fast_3s_inf_01_02_03_TS.xml,S_ARVL_approaching_fast_3s_inf_01_02_03_TS.wav,,5.67,8.27,tsa'a ncho'a vatsia,,,t͡saa nd͡ʒoʔa βat͡sia,,sentence-level-full
S_ARVL_approaching_very_slowly_01_02_03_TS.xml,S_ARVL_approaching_very_slowly_01_02_03_TS.wav,,1,5,kueen,kwẽː↗↘,kwẽː,kwẽː,yes,sentence-level-word
S_ARVL_approaching_very_slowly_01_02_03_TS.xml,S_ARVL_approaching_very_slowly_01_02_03_TS.wav,,5,12,ncho'a,ndʒo˥ʔa˩,ndʒoʔa,nd͡ʒoʔa,yes,sentence-level-word
S_ARVL_approaching_very_slowly_01_02_03_TS.xml,S_ARVL_approaching_very_slowly_01_02_03_TS.wav,,12,20,vatsia,βa∙tsia˧˩,βatsia,βat͡sia,yes,sentence-level-word
S_ARVL_approaching_very_slowly_01_02_03_TS.xml,S_ARVL_approaching_very_slowly_01_02_03_TS.wav,,2.84,4.64,kueen ncho'a vatsia,,,kwẽː nd͡ʒoʔa βat͡sia,,sentence-level-full
S_ATRB_be_siblings_Pablo_Maria_1st_sg_02_spkrTS.xml,S_ATRB_be_siblings_Pablo_Maria_1st_sg_02_spkrTS.wav,,21,24,tsi,tsi˩,tsi,t͡si,yes,sentence-level-word
S_ATRB_be_siblings_Pablo_Maria_1st_sg_02_spkrTS.xml,S_ATRB_be_siblings_Pablo_Maria_1st_sg_02_spkrTS.wav,,1,4,ña,ɲã↘,ɲã,ɲã,yes,sentence-level-word
S_ATRB_be_siblings_Pablo_Maria_1st_sg_02_spkrTS.xml,S_ATRB_be_siblings_Pablo_Maria_1st_sg_02_spkrTS.wav,,10,13,kuu,kuː˥,kuː,kuu,yes,sentence-level-word
S_ATRB_be_siblings_Pablo_Maria_1st_sg_02_spkrTS.xml,S_ATRB_be_siblings_Pablo_Maria_1st_sg_02_spkrTS.wav,,24,36,Pablo,pa↗ꜜblo˩,pablo,pablo,yes,sentence-level-word
S_ATRB_be_siblings_Pablo_Maria_1st_sg_02_spkrTS.xml,S_ATRB_be_siblings_Pablo_Maria_1st_sg_02_spkrTS.wav,,4,10,ta'an,t̪ã↗ʔã̰↘,t̪ãʔã̰,tãʔã̰,yes,sentence-level-word
S_ATRB_be_siblings_Pablo_Maria_1st_sg_02_spkrTS.xml,S_ATRB_be_siblings_Pablo_Maria_1st_sg_02_spkrTS.wav,,13,21,Maria,ma˧ri˥a˧,maria,maria,yes,sentence-level-word
S_ATRB_be_siblings_Pablo_Maria_1st_sg_02_spkrTS.xml,S_ATRB_be_siblings_Pablo_Maria_1st_sg_02_spkrTS.wav,,0,3.53,ña ta'an kuu Maria tsi Pablo,,,ɲã tãʔã̰ kuu maria t͡si pablo,,sentence-level-full
S_ATRB_mother_1st_pl_excl_name_Herminia_01_spkrTS.xml,S_ATRB_mother_1st_pl_excl_name_Herminia_01_spkrTS.wav,,10,18,nania,na˩n˧ija˥,nanija,nanija,yes,sentence-level-word
S_ATRB_mother_1st_pl_excl_name_Herminia_01_spkrTS.xml,S_ATRB_mother_1st_pl_excl_name_Herminia_01_spkrTS.wav,,7,10,ra,ɾa˩,ɾa,ɾa,yes,sentence-level-word
S_ATRB_mother_1st_pl_excl_name_Herminia_01_spkrTS.xml,S_ATRB_mother_1st_pl_excl_name_Herminia_01_spkrTS.wav,,18,30,Herminia,ɛ˩rmi˥ɲa˥,ɛrmiɲa,ɛrmiɲa,yes,sentence-level-word
S_ATRB_mother_1st_pl_excl_name_Herminia_01_spkrTS.xml,S_ATRB_mother_1st_pl_excl_name_Herminia_01_spkrTS.wav,,0,2.57,ra nania Herminia,,,ɾa nanija ɛrmiɲa,,sentence-level-full
S_ATRB_that_man_be_PRS_bad_01_spkrTS.xml,S_ATRB_that_man_be_PRS_bad_01_spkrTS.wav,,1,4,<ui J a_F,ɲa↘,ɲa,ɲa,yes,sentence-level-word
S_ATRB_that_man_be_PRS_bad_01_spkrTS.xml,S_ATRB_that_man_be_PRS_bad_01_spkrTS.wav,,4,7,chaa,ʧaː↗,ʧaː,t͡ʃaa,yes,sentence-level-word
S_ATRB_that_man_be_PRS_bad_01_spkrTS.xml,S_ATRB_that_man_be_PRS_bad_01_spkrTS.wav,,7,10,ra,ra↘,ra,ra,yes,sentence-level-word
S_ATRB_that_man_be_PRS_bad_01_spkrTS.xml,S_ATRB_that_man_be_PRS_bad_01_spkrTS.wav,,10,17,B a_TE ? i_F >uf,βa∙ʔḭ↘,βaʔḭ,βaʔḭ,yes,sentence-level-word
S_ATRB_that_man_be_PRS_bad_01_spkrTS.xml,S_ATRB_that_man_be_PRS_bad_01_spkrTS.wav,,0,1.30,<ui J a_F chaa ra B a_TE ? i_F >uf,,,ɲa t͡ʃaa ra βaʔḭ,,sentence-level-full
S_ATTRB_1s_teacher_also_01_02_03_TS.xml,S_ATTRB_1s_teacher_also_01_02_03_TS.wav,,14,21,tuku,d̪uː↗↘ꜜkuː↘,d̪uːkuː,duukuu,yes,sentence-level-word
S_ATTRB_1s_teacher_also_01_02_03_TS.xml,S_ATTRB_1s_teacher_also_01_02_03_TS.wav,,1,4,mee,mɛː↗,mɛː,mɛɛ,yes,sentence-level-word
S_ATTRB_1s_teacher_also_01_02_03_TS.xml,S_ATTRB_1s_teacher_also_01_02_03_TS.wav,,4,6,ra,ɾ↘a,ɾa,ɾa,yes,sentence-level-word
S_ATTRB_1s_teacher_also_01_02_03_TS.xml,S_ATTRB_1s_teacher_also_01_02_03_TS.wav,,6,14,skuleru,sku↘lɛ↗ꜜɾ˧u,skulɛɾu,skulɛɾu,yes,sentence-level-word
S_ATTRB_1s_teacher_also_01_02_03_TS.xml,S_ATTRB_1s_teacher_also_01_02_03_TS.wav,,0,2.05,mee ra skuleru tuku,,,mɛɛ ɾa skulɛɾu duukuu,,sentence-level-full
S_ATTRB_Pablo_and_Maria_are_teachers_01_TS.xml,S_ATTRB_Pablo_and_Maria_are_teachers_01_TS.wav,,17,20,ra,ɾa↘ꜜ,ɾa,ɾa,yes,sentence-level-word
S_ATTRB_Pablo_and_Maria_are_teachers_01_TS.xml,S_ATTRB_Pablo_and_Maria_are_teachers_01_TS.wav,,7,10,tsi,tsi˩,tsi,t͡si,yes,sentence-level-word
S_ATTRB_Pablo_and_Maria_are_teachers_01_TS.xml,S_ATTRB_Pablo_and_Maria_are_teachers_01_TS.wav,,10,17,Pablo,pa˥βlo˩,paβlo,paβlo,yes,sentence-level-word
S_ATTRB_Pablo_and_Maria_are_teachers_01_TS.xml,S_ATTRB_Pablo_and_Maria_are_teachers_01_TS.wav,,20,29,skuleru,sku↘le↗ɾ˥u,skuleɾu,skuleɾu,yes,sentence-level-word
S_ATTRB_Pablo_and_Maria_are_teachers_01_TS.xml,S_ATTRB_Pablo_and_Maria_are_teachers_01_TS.wav,,29,34,kue,wi↘,wi,wi,yes,sentence-level-word
S_ATTRB_Pablo_and_Maria_are_teachers_01_TS.xml,S_ATTRB_Pablo_and_Maria_are_teachers_01_TS.wav,,1,7,Maria,ma˩ɾia˥˧,maɾia,maɾia,yes,sentence-level-word
S_ATTRB_Pablo_and_Maria_are_teachers_01_TS.xml,S_ATTRB_Pablo_and_Maria_are_teachers_01_TS.wav,,0,3.70,Maria tsi Pablo ra skuleru kue,,,maɾia t͡si paβlo ɾa skuleɾu wi,,sentence-level-full
S_ATTRB_grampas_hat_is_nice_01_02_TS.xml,S_ATTRB_grampas_hat_is_nice_01_02_TS.wav,,1,4,che'e,tʃɛ̰ː↘↗,tʃɛ̰ː,t͡ʃɛ̰ɛ̰,yes,sentence-level-word
S_ATTRB_grampas_hat_is_nice_01_02_TS.xml,S_ATTRB_grampas_hat_is_nice_01_02_TS.wav,,4,8,kaa,kaː↘,kaː,kaa,yes,sentence-level-word
S_ATTRB_grampas_hat_is_nice_01_02_TS.xml,S_ATTRB_grampas_hat_is_nice_01_02_TS.wav,,8,12,xini,ʃi˥ni↘,ʃini,ʃini,yes,sentence-level-word
S_ATTRB_grampas_hat_is_nice_01_02_TS.xml,S_ATTRB_grampas_hat_is_nice_01_02_TS.wav,,12,43,patsa'nu,b̥a˧tsa̰˥nu∙,b̥atsa̰nu,b̥at͡sa̰nu,yes,sentence-level-word
S_ATTRB_grampas_hat_is_nice_01_02_TS.xml,S_ATTRB_grampas_hat_is_nice_01_02_TS.wav,,0,3.12,che'e kaa xini patsa'nu,,,t͡ʃɛ̰ɛ̰ kaa ʃini b̥at͡sa̰nu,,sentence-level-full
S_ATTRB_grampas_hat_is_nice_01_02_TS.xml,S_ATTRB_grampas_hat_is_nice_01_02_TS.wav,,30,44,patsa'nu,pa∙tsa∙nu∙,patsanu,pat͡sanu,yes,sentence-level-word
S_ATTRB_grampas_hat_is_nice_01_02_TS.xml,S_ATTRB_grampas_hat_is_nice_01_02_TS.wav,,26,30,xini,ʃ˥in˩i,ʃini,ʃini,yes,sentence-level-word
S_ATTRB_grampas_hat_is_nice_01_02_TS.xml,S_ATTRB_grampas_hat_is_nice_01_02_TS.wav,,23,26,kaa,kaː↘,kaː,kaa,yes,sentence-level-word
S_ATTRB_grampas_hat_is_nice_01_02_TS.xml,S_ATTRB_grampas_hat_is_nice_01_02_TS.wav,,20,23,che'e,tʃɛ̰ː↘,tʃɛ̰ː,t͡ʃɛ̰ɛ̰,yes,sentence-level-word
S_ATTRB_grampas_hat_is_nice_01_02_TS.xml,S_ATTRB_grampas_hat_is_nice_01_02_TS.wav,,3.12,5.56,che'e kaa xini patsa'nu,,,t͡ʃɛ̰ɛ̰ kaa ʃini pat͡sanu,,sentence-level-full
S_ATTRB_now_she-grandmother_is_old_01_02_TS.xml,S_ATTRB_now_she-grandmother_is_old_01_02_TS.wav,,1,6,vichi,vi↘tʃi↗,vitʃi,vit͡ʃi,yes,sentence-level-word
S_ATTRB_now_she-grandmother_is_old_01_02_TS.xml,S_ATTRB_now_she-grandmother_is_old_01_02_TS.wav,,9,24,nia,n↘↗ia,nia,nia,yes,sentence-level-word
S_ATTRB_now_she-grandmother_is_old_01_02_TS.xml,S_ATTRB_now_she-grandmother_is_old_01_02_TS.wav,,6,9,ra,ɾa˧,ɾa,ɾa,yes,sentence-level-word
S_ATTRB_now_she-grandmother_is_old_01_02_TS.xml,S_ATTRB_now_she-grandmother_is_old_01_02_TS.wav,,0,1.47,vichi ra nia,,,vit͡ʃi ɾa nia,,sentence-level-full
S_ATTRB_now_she-grandmother_is_old_01_02_TS.xml,S_ATTRB_now_she-grandmother_is_old_01_02_TS.wav,,16,19,ra,ɾa˧,ɾa,ɾa,yes,sentence-level-word
S_ATTRB_now_she-grandmother_is_old_01_02_TS.xml,S_ATTRB_now_she-grandmother_is_old_01_02_TS.wav,,11,16,vichi,vi↘tʃ˥i,vitʃi,vit͡ʃi,yes,sentence-level-word
S_ATTRB_now_she-grandmother_is_old_01_02_TS.xml,S_ATTRB_now_she-grandmother_is_old_01_02_TS.wav,,19,25,nia,nia↘↗,nia,nia,yes,sentence-level-word
S_ATTRB_now_she-grandmother_is_old_01_02_TS.xml,S_ATTRB_now_she-grandmother_is_old_01_02_TS.wav,,1.47,2.62,vichi ra nia,,,vit͡ʃi ɾa nia,,sentence-level-full
S_ATTRB_pants_1s_are_blue_01_02_TS.xml,S_ATTRB_pants_1s_are_blue_01_02_TS.wav,,7,9,yu,j↘u,ju,ju,yes,sentence-level-word
S_ATTRB_pants_1s_are_blue_01_02_TS.xml,S_ATTRB_pants_1s_are_blue_01_02_TS.wav,,11,14,ña,ɲa↘,ɲa,ɲa,yes,sentence-level-word
S_ATTRB_pants_1s_are_blue_01_02_TS.xml,S_ATTRB_pants_1s_are_blue_01_02_TS.wav,,18,46,kue,wi∙,wi,wi,yes,sentence-level-word
S_ATTRB_pants_1s_are_blue_01_02_TS.xml,S_ATTRB_pants_1s_are_blue_01_02_TS.wav,,9,11,ra,ɾa˧,ɾa,ɾa,yes,sentence-level-word
S_ATTRB_pants_1s_are_blue_01_02_TS.xml,S_ATTRB_pants_1s_are_blue_01_02_TS.wav,,14,18,nchaa,ndʒa̰ː˥ꜜ,ndʒa̰ː,nd͡ʒa̰a̰,yes,sentence-level-word
S_ATTRB_pants_1s_are_blue_01_02_TS.xml,S_ATTRB_pants_1s_are_blue_01_02_TS.wav,,1,7,satu,sa˧t̪u˥,sat̪u,satu,yes,sentence-level-word
S_ATTRB_pants_1s_are_blue_01_02_TS.xml,S_ATTRB_pants_1s_are_blue_01_02_TS.wav,,0,2.12,satu yu ra ña nchaa kue,,,satu ju ɾa ɲa nd͡ʒa̰a̰ wi,,sentence-level-full
S_ATTRB_pants_1s_are_blue_01_02_TS.xml,S_ATTRB_pants_1s_are_blue_01_02_TS.wav,,36,40,nchaa,ndʒaː˥ꜜ,ndʒaː,nd͡ʒaa,yes,sentence-level-word
S_ATTRB_pants_1s_are_blue_01_02_TS.xml,S_ATTRB_pants_1s_are_blue_01_02_TS.wav,,21,26,satu,sa↗ꜜt̪u˩,sat̪u,satu,yes,sentence-level-word
S_ATTRB_pants_1s_are_blue_01_02_TS.xml,S_ATTRB_pants_1s_are_blue_01_02_TS.wav,,40,47,kue,wi˧,wi,wi,yes,sentence-level-word
S_ATTRB_pants_1s_are_blue_01_02_TS.xml,S_ATTRB_pants_1s_are_blue_01_02_TS.wav,,33,36,ña,ɲaː↘,ɲaː,ɲaa,yes,sentence-level-word
S_ATTRB_pants_1s_are_blue_01_02_TS.xml,S_ATTRB_pants_1s_are_blue_01_02_TS.wav,,30,33,ra,ɾa˧,ɾa,ɾa,yes,sentence-level-word
S_ATTRB_pants_1s_are_blue_01_02_TS.xml,S_ATTRB_pants_1s_are_blue_01_02_TS.wav,,26,30,yu,ju↘,ju,ju,yes,sentence-level-word
S_ATTRB_pants_1s_are_blue_01_02_TS.xml,S_ATTRB_pants_1s_are_blue_01_02_TS.wav,,2.12,4.83,satu yu ra ña nchaa kue,,,satu ju ɾa ɲaa nd͡ʒaa wi,,sentence-level-full
S_ATTRB_shirt_2nd_sg_inf_be_PRS_black_01_spkrTS.xml,S_ATTRB_shirt_2nd_sg_inf_be_PRS_black_01_spkrTS.wav,,11,14,ra,ra↘,ra,ra,yes,sentence-level-word
S_ATTRB_shirt_2nd_sg_inf_be_PRS_black_01_spkrTS.xml,S_ATTRB_shirt_2nd_sg_inf_be_PRS_black_01_spkrTS.wav,,21,26,kue,wi↗,wi,wi,yes,sentence-level-word
S_ATTRB_shirt_2nd_sg_inf_be_PRS_black_01_spkrTS.xml,S_ATTRB_shirt_2nd_sg_inf_be_PRS_black_01_spkrTS.wav,,4,11,sa'mo,sa∙ʔmo˧,saʔmo,saʔmo,yes,sentence-level-word
S_ATTRB_shirt_2nd_sg_inf_be_PRS_black_01_spkrTS.xml,S_ATTRB_shirt_2nd_sg_inf_be_PRS_black_01_spkrTS.wav,,14,21,ncha'i,ndʒa∙ʔi↘,ndʒaʔi,nd͡ʒaʔi,yes,sentence-level-word
S_ATTRB_shirt_2nd_sg_inf_be_PRS_black_01_spkrTS.xml,S_ATTRB_shirt_2nd_sg_inf_be_PRS_black_01_spkrTS.wav,,1,4,ña,ɲaː↘,ɲaː,ɲaa,yes,sentence-level-word
S_ATTRB_shirt_2nd_sg_inf_be_PRS_black_01_spkrTS.xml,S_ATTRB_shirt_2nd_sg_inf_be_PRS_black_01_spkrTS.wav,,0,2.08,ña sa'mo ra ncha'i kue,,,ɲaa saʔmo ra nd͡ʒaʔi wi,,sentence-level-full
S_ATTRB_sibling_pl_1st_sg_be_PRS_older_than_1st_sg_02_spkrTS.xml,S_ATTRB_sibling_pl_1st_sg_be_PRS_older_than_1st_sg_02_spkrTS.wav,,12,19,ta'an,t̪ã̰∙ʔã↘,t̪ã̰ʔã,tã̰ʔã,yes,sentence-level-word
S_ATTRB_sibling_pl_1st_sg_be_PRS_older_than_1st_sg_02_spkrTS.xml,S_ATTRB_sibling_pl_1st_sg_be_PRS_older_than_1st_sg_02_spkrTS.wav,,19,22,ka,ɣa↗,ɣa,ɣa,yes,sentence-level-word
S_ATTRB_sibling_pl_1st_sg_be_PRS_older_than_1st_sg_02_spkrTS.xml,S_ATTRB_sibling_pl_1st_sg_be_PRS_older_than_1st_sg_02_spkrTS.wav,,22,28,nuu yu,nũː↘↗↘ꜜ,nũː,nũː,yes,sentence-level-word
S_ATTRB_sibling_pl_1st_sg_be_PRS_older_than_1st_sg_02_spkrTS.xml,S_ATTRB_sibling_pl_1st_sg_be_PRS_older_than_1st_sg_02_spkrTS.wav,,6,9,ka,ɣa˥,ɣa,ɣa,yes,sentence-level-word
S_ATTRB_sibling_pl_1st_sg_be_PRS_older_than_1st_sg_02_spkrTS.xml,S_ATTRB_sibling_pl_1st_sg_be_PRS_older_than_1st_sg_02_spkrTS.wav,,9,12,kue,we˧,we,we,yes,sentence-level-word
S_ATTRB_sibling_pl_1st_sg_be_PRS_older_than_1st_sg_02_spkrTS.xml,S_ATTRB_sibling_pl_1st_sg_be_PRS_older_than_1st_sg_02_spkrTS.wav,,1,6,ñani,ɲa↘n↗i,ɲani,ɲani,yes,sentence-level-word
S_ATTRB_sibling_pl_1st_sg_be_PRS_older_than_1st_sg_02_spkrTS.xml,S_ATTRB_sibling_pl_1st_sg_be_PRS_older_than_1st_sg_02_spkrTS.wav,,0,2.75,ñani ka kue ta'an ka nuu yu,,,ɲani ɣa we tã̰ʔã ɣa nũː,,sentence-level-full
S_ATTRB_siblings_1s_are_teachers_01_02_TS.xml,S_ATTRB_siblings_1s_are_teachers_01_02_TS.wav,,1,4,ña,ɲaː↘,ɲaː,ɲaa,yes,sentence-level-word
S_ATTRB_siblings_1s_are_teachers_01_02_TS.xml,S_ATTRB_siblings_1s_are_teachers_01_02_TS.wav,,10,13,ta,ɾa↘,ɾa,ɾa,yes,sentence-level-word
S_ATTRB_siblings_1s_are_teachers_01_02_TS.xml,S_ATTRB_siblings_1s_are_teachers_01_02_TS.wav,,4,10,ta'an,t̪ã˥ʔã↘,t̪ãʔã,tãʔã,yes,sentence-level-word
S_ATTRB_siblings_1s_are_teachers_01_02_TS.xml,S_ATTRB_siblings_1s_are_teachers_01_02_TS.wav,,16,52,skuleru,skul˥ɛɾu˧,skulɛɾu,skulɛɾu,yes,sentence-level-word
S_ATTRB_siblings_1s_are_teachers_01_02_TS.xml,S_ATTRB_siblings_1s_are_teachers_01_02_TS.wav,,13,16,kui,kui↘↗↘,kui,kui,yes,sentence-level-word
S_ATTRB_siblings_1s_are_teachers_01_02_TS.xml,S_ATTRB_siblings_1s_are_teachers_01_02_TS.wav,,0,3.72,ña ta'an ta kui skuleru,,,ɲaa tãʔã ɾa kui skulɛɾu,,sentence-level-full
S_ATTRB_siblings_1s_are_teachers_01_02_TS.xml,S_ATTRB_siblings_1s_are_teachers_01_02_TS.wav,,38,53,skuleru,sk∙ulɛ˥ɾo↘,skulɛɾo,skulɛɾo,yes,sentence-level-word
S_ATTRB_siblings_1s_are_teachers_01_02_TS.xml,S_ATTRB_siblings_1s_are_teachers_01_02_TS.wav,,35,38,kui,kui↘,kui,kui,yes,sentence-level-word
S_ATTRB_siblings_1s_are_teachers_01_02_TS.xml,S_ATTRB_siblings_1s_are_teachers_01_02_TS.wav,,32,35,ra,ɾa↘,ɾa,ɾa,yes,sentence-level-word
S_ATTRB_siblings_1s_are_teachers_01_02_TS.xml,S_ATTRB_siblings_1s_are_teachers_01_02_TS.wav,,26,32,ta'an,t̪ã̰˥ʔã̰↘,t̪ã̰ʔã̰,tã̰ʔã̰,yes,sentence-level-word
S_ATTRB_siblings_1s_are_teachers_01_02_TS.xml,S_ATTRB_siblings_1s_are_teachers_01_02_TS.wav,,23,26,ña,ɲaː↘,ɲaː,ɲaa,yes,sentence-level-word
S_ATTRB_siblings_1s_are_teachers_01_02_TS.xml,S_ATTRB_siblings_1s_are_teachers_01_02_TS.wav,,3.72,6.60,ña ta'an ra kui skuleru,,,ɲaa tã̰ʔã̰ ɾa kui skulɛɾo,,sentence-level-full
S_ATTRB_siblings_1s_are_teachers_now_01_02_TS.xml,S_ATTRB_siblings_1s_are_teachers_now_01_02_TS.wav,,1,4,ña,ɲaː↘,ɲaː,ɲaa,yes,sentence-level-word
S_ATTRB_siblings_1s_are_teachers_now_01_02_TS.xml,S_ATTRB_siblings_1s_are_teachers_now_01_02_TS.wav,,27,70,vichi,vi↘tʃi↘,vitʃi,vit͡ʃi,yes,sentence-level-word
S_ATTRB_siblings_1s_are_teachers_now_01_02_TS.xml,S_ATTRB_siblings_1s_are_teachers_now_01_02_TS.wav,,10,13,ra,ɾa↘,ɾa,ɾa,yes,sentence-level-word
S_ATTRB_siblings_1s_are_teachers_now_01_02_TS.xml,S_ATTRB_siblings_1s_are_teachers_now_01_02_TS.wav,,22,25,kuu,kuː↘,kuː,kuu,yes,sentence-level-word
S_ATTRB_siblings_1s_are_teachers_now_01_02_TS.xml,S_ATTRB_siblings_1s_are_teachers_now_01_02_TS.wav,,4,10,ta'an,t̪a˥ʔã↘,t̪aʔã,taʔã,yes,sentence-level-word
S_ATTRB_siblings_1s_are_teachers_now_01_02_TS.xml,S_ATTRB_siblings_1s_are_teachers_now_01_02_TS.wav,,13,22,skuleru,sku↗le˥ɾu↘,skuleɾu,skuleɾu,yes,sentence-level-word
S_ATTRB_siblings_1s_are_teachers_now_01_02_TS.xml,S_ATTRB_siblings_1s_are_teachers_now_01_02_TS.wav,,25,27,kue,w˧i,wi,wi,yes,sentence-level-word
S_ATTRB_siblings_1s_are_teachers_now_01_02_TS.xml,S_ATTRB_siblings_1s_are_teachers_now_01_02_TS.wav,,0,3.19,ña ta'an ra skuleru kuu kue vichi,,,ɲaa taʔã ɾa skuleɾu kuu wi vit͡ʃi,,sentence-level-full
S_ATTRB_siblings_1s_are_teachers_now_01_02_TS.xml,S_ATTRB_siblings_1s_are_teachers_now_01_02_TS.wav,,36,42,ta'an,t̪ã˥ʔã↘,t̪ãʔã,tãʔã,yes,sentence-level-word
S_ATTRB_siblings_1s_are_teachers_now_01_02_TS.xml,S_ATTRB_siblings_1s_are_teachers_now_01_02_TS.wav,,45,52,skuleru,sku˩l˥ɾu↘,skulɾu,skulɾu,yes,sentence-level-word
S_ATTRB_siblings_1s_are_teachers_now_01_02_TS.xml,S_ATTRB_siblings_1s_are_teachers_now_01_02_TS.wav,,42,45,ra,ɾa˩,ɾa,ɾa,yes,sentence-level-word
S_ATTRB_siblings_1s_are_teachers_now_01_02_TS.xml,S_ATTRB_siblings_1s_are_teachers_now_01_02_TS.wav,,57,71,vichi,v↘itʃi˩,vitʃi,vit͡ʃi,yes,sentence-level-word
S_ATTRB_siblings_1s_are_teachers_now_01_02_TS.xml,S_ATTRB_siblings_1s_are_teachers_now_01_02_TS.wav,,54,57,kue,wi↘,wi,wi,yes,sentence-level-word
S_ATTRB_siblings_1s_are_teachers_now_01_02_TS.xml,S_ATTRB_siblings_1s_are_teachers_now_01_02_TS.wav,,33,36,ña,ɲaː↘,ɲaː,ɲaa,yes,sentence-level-word
S_ATTRB_siblings_1s_are_teachers_now_01_02_TS.xml,S_ATTRB_siblings_1s_are_teachers_now_01_02_TS.wav,,52,54,kuu,k↘uː,kuː,kuu,yes,sentence-level-word
S_ATTRB_siblings_1s_are_teachers_now_01_02_TS.xml,S_ATTRB_siblings_1s_are_teachers_now_01_02_TS.wav,,3.19,6.68,ña ta'an ra skuleru kuu kue vichi,,,ɲaa tãʔã ɾa skulɾu kuu wi vit͡ʃi,,sentence-level-full
S_CLS1_they_got_maried_and_CLS2_have_3rd_pl_kids_01_spkrTS.xml,S_CLS1_they_got_maried_and_CLS2_have_3rd_pl_kids_01_spkrTS.wav,,1,6,sana,sa˥n˧a,sana,sana,yes,sentence-level-word
S_CLS1_they_got_maried_and_CLS2_have_3rd_pl_kids_01_spkrTS.xml,S_CLS1_they_got_maried_and_CLS2_have_3rd_pl_kids_01_spkrTS.wav,,19,22,yee,jeː↗↘,jeː,jee,yes,sentence-level-word
S_CLS1_they_got_maried_and_CLS2_have_3rd_pl_kids_01_spkrTS.xml,S_CLS1_they_got_maried_and_CLS2_have_3rd_pl_kids_01_spkrTS.wav,,22,30,se'e,sḭ∙ʔi↘,sḭʔi,siʔi,yes,sentence-level-word
S_CLS1_they_got_maried_and_CLS2_have_3rd_pl_kids_01_spkrTS.xml,S_CLS1_they_got_maried_and_CLS2_have_3rd_pl_kids_01_spkrTS.wav,,6,13,nta'a,nd̪a↘ʔa↗,nd̪aʔa,ndaʔa,yes,sentence-level-word
S_CLS1_they_got_maried_and_CLS2_have_3rd_pl_kids_01_spkrTS.xml,S_CLS1_they_got_maried_and_CLS2_have_3rd_pl_kids_01_spkrTS.wav,,16,19,a,a∙,a,a,yes,sentence-level-word
S_CLS1_they_got_maried_and_CLS2_have_3rd_pl_kids_01_spkrTS.xml,S_CLS1_they_got_maried_and_CLS2_have_3rd_pl_kids_01_spkrTS.wav,,13,16,kue,wi↘,wi,wi,yes,sentence-level-word
S_CLS1_they_got_maried_and_CLS2_have_3rd_pl_kids_01_spkrTS.xml,S_CLS1_they_got_maried_and_CLS2_have_3rd_pl_kids_01_spkrTS.wav,,0,2.54,sana nta'a kue a yee se'e,,,sana ndaʔa wi a jee siʔi,,sentence-level-full
S_CMND_come_home_with_me_01_02_03_spkrTS.xml,S_CMND_come_home_with_me_01_02_03_spkrTS.wav,,1,4,na,na↗ no˥ʔo↘↗,na noʔo,na noʔo,yes,sentence-level-word
S_CMND_come_home_with_me_01_02_03_spkrTS.xml,S_CMND_come_home_with_me_01_02_03_spkrTS.wav,,0,1.17,na,,,na noʔo,,sentence-level-full
S_CMND_come_home_with_me_01_02_03_spkrTS.xml,S_CMND_come_home_with_me_01_02_03_spkrTS.wav,,9,12,na,na↗,na,na,yes,sentence-level-word
S_CMND_come_home_with_me_01_02_03_spkrTS.xml,S_CMND_come_home_with_me_01_02_03_spkrTS.wav,,12,30,no'o,no˥ʔo↘↗,noʔo,noʔo,yes,sentence-level-word
S_CMND_come_home_with_me_01_02_03_spkrTS.xml,S_CMND_come_home_with_me_01_02_03_spkrTS.wav,,1.17,2.32,na no'o,,,na noʔo,,sentence-level-full
S_CMND_come_home_with_me_01_02_03_spkrTS.xml,S_CMND_come_home_with_me_01_02_03_spkrTS.wav,,21,31,no'o,n↗oʔo↘↗ꜜ,noʔo,noʔo,yes,sentence-level-word
S_CMND_come_home_with_me_01_02_03_spkrTS.xml,S_CMND_come_home_with_me_01_02_03_spkrTS.wav,,18,21,na,na˥,na,na,yes,sentence-level-word
S_CMND_come_home_with_me_01_02_03_spkrTS.xml,S_CMND_come_home_with_me_01_02_03_spkrTS.wav,,2.32,3.52,na no'o,,,na noʔo,,sentence-level-full
S_CMND_come_to_work_with_me_01_02_03_spkrTS.xml,S_CMND_come_to_work_with_me_01_02_03_spkrTS.wav,,1,10,nako'o,na˥ko˥ʔo˩,nakoʔo,nakoʔo,yes,sentence-level-word
S_CMND_come_to_work_with_me_01_02_03_spkrTS.xml,S_CMND_come_to_work_with_me_01_02_03_spkrTS.wav,,10,46,sachuun,sa˩tʃũː↘↗,satʃũː,sat͡ʃũː,yes,sentence-level-word
S_CMND_come_to_work_with_me_01_02_03_spkrTS.xml,S_CMND_come_to_work_with_me_01_02_03_spkrTS.wav,,0,1.72,nako'o sachuun,,,nakoʔo sat͡ʃũː,,sentence-level-full
S_CMND_come_to_work_with_me_01_02_03_spkrTS.xml,S_CMND_come_to_work_with_me_01_02_03_spkrTS.wav,,22,47,sachuun,satʃũː↘↗ꜜ,satʃũː,sat͡ʃũː,yes,sentence-level-word
S_CMND_come_to_work_with_me_01_02_03_spkrTS.xml,S_CMND_come_to_work_with_me_01_02_03_spkrTS.wav,,16,22,na,na˥ko̰ː↘,nako̰ː,nako̰o̰,yes,sentence-level-word
S_CMND_come_to_work_with_me_01_02_03_spkrTS.xml,S_CMND_come_to_work_with_me_01_02_03_spkrTS.wav,,1.72,3.34,na sachuun,,,nako̰o̰ sat͡ʃũː,,sentence-level-full
S_CMND_come_to_work_with_me_01_02_03_spkrTS.xml,S_CMND_come_to_work_with_me_01_02_03_spkrTS.wav,,34,48,sachuun,sa↘tʃũː↘↗ꜜ,satʃũː,sat͡ʃũː,yes,sentence-level-word
S_CMND_come_to_work_with_me_01_02_03_spkrTS.xml,S_CMND_come_to_work_with_me_01_02_03_spkrTS.wav,,28,34,na,nako̰ː,nako̰ː,nako̰o̰,no,sentence-level-word
S_CMND_come_to_work_with_me_01_02_03_spkrTS.xml,S_CMND_come_to_work_with_me_01_02_03_spkrTS.wav,,3.34,4.93,na sachuun,,,nako̰o̰ sat͡ʃũː,,sentence-level-full
S_CMND_eat_this_tortilla_then_go_01_02_spkrTS.xml,S_CMND_eat_this_tortilla_then_go_01_02_spkrTS.wav,,18,54,ku'un,ku↘̃ʔũ↗,kũʔũ,kũʔũ,yes,sentence-level-word
S_CMND_eat_this_tortilla_then_go_01_02_spkrTS.xml,S_CMND_eat_this_tortilla_then_go_01_02_spkrTS.wav,,12,18,sara,sa˧ɾa˩,saɾa,saɾa,yes,sentence-level-word
S_CMND_eat_this_tortilla_then_go_01_02_spkrTS.xml,S_CMND_eat_this_tortilla_then_go_01_02_spkrTS.wav,,6,9,staa,staː↘↗,staː,staa,yes,sentence-level-word
S_CMND_eat_this_tortilla_then_go_01_02_spkrTS.xml,S_CMND_eat_this_tortilla_then_go_01_02_spkrTS.wav,,9,12,jo'o,jo↗,jo,jo,yes,sentence-level-word
S_CMND_eat_this_tortilla_then_go_01_02_spkrTS.xml,S_CMND_eat_this_tortilla_then_go_01_02_spkrTS.wav,,1,6,katsi,ka↘tsi,katsi,kat͡si,yes,sentence-level-word
S_CMND_eat_this_tortilla_then_go_01_02_spkrTS.xml,S_CMND_eat_this_tortilla_then_go_01_02_spkrTS.wav,,0,2.10,katsi staa jo'o sara ku'un,,,kat͡si staa jo saɾa kũʔũ,,sentence-level-full
S_CMND_eat_this_tortilla_then_go_01_02_spkrTS.xml,S_CMND_eat_this_tortilla_then_go_01_02_spkrTS.wav,,43,55,ku'un,kũ˩ʔũ↗,kũʔũ,kũʔũ,yes,sentence-level-word
S_CMND_eat_this_tortilla_then_go_01_02_spkrTS.xml,S_CMND_eat_this_tortilla_then_go_01_02_spkrTS.wav,,31,37,yo'o,jo̰ʔo̰,jo̰ʔo̰,joʔo̰,no,sentence-level-word
S_CMND_eat_this_tortilla_then_go_01_02_spkrTS.xml,S_CMND_eat_this_tortilla_then_go_01_02_spkrTS.wav,,37,43,sara,saɾa↘,saɾa,saɾa,yes,sentence-level-word
S_CMND_eat_this_tortilla_then_go_01_02_spkrTS.xml,S_CMND_eat_this_tortilla_then_go_01_02_spkrTS.wav,,28,31,staa,staː↘↗,staː,staa,yes,sentence-level-word
S_CMND_eat_this_tortilla_then_go_01_02_spkrTS.xml,S_CMND_eat_this_tortilla_then_go_01_02_spkrTS.wav,,23,28,katsi,ka↘tsi,katsi,kat͡si,yes,sentence-level-word
S_CMND_eat_this_tortilla_then_go_01_02_spkrTS.xml,S_CMND_eat_this_tortilla_then_go_01_02_spkrTS.wav,,2.10,4.61,katsi staa yo'o sara ku'un,,,kat͡si staa joʔo̰ saɾa kũʔũ,,sentence-level-full
S_CMND_go_home_with_Pedro_01_02_03_spkrTS.xml,S_CMND_go_home_with_Pedro_01_02_03_spkrTS.wav,,1,9,kuanu'u,kwa↗nu˥ʔu˩,kwanuʔu,kwanuʔu,yes,sentence-level-word
S_CMND_go_home_with_Pedro_01_02_03_spkrTS.xml,S_CMND_go_home_with_Pedro_01_02_03_spkrTS.wav,,9,11,tsi,ts˩i,tsi,t͡si,yes,sentence-level-word
S_CMND_go_home_with_Pedro_01_02_03_spkrTS.xml,S_CMND_go_home_with_Pedro_01_02_03_spkrTS.wav,,11,61,Pedro,pɛ˥d̪ɾo↘,pɛd̪ɾo,pɛdɾo,yes,sentence-level-word
S_CMND_go_home_with_Pedro_01_02_03_spkrTS.xml,S_CMND_go_home_with_Pedro_01_02_03_spkrTS.wav,,0,1.62,kuanu'u tsi Pedro,,,kwanuʔu t͡si pɛdɾo,,sentence-level-full
S_CMND_go_home_with_Pedro_01_02_03_spkrTS.xml,S_CMND_go_home_with_Pedro_01_02_03_spkrTS.wav,,27,30,tsi,tsi↘,tsi,t͡si,yes,sentence-level-word
S_CMND_go_home_with_Pedro_01_02_03_spkrTS.xml,S_CMND_go_home_with_Pedro_01_02_03_spkrTS.wav,,30,62,Pedro,pɛ↘d̪ɾo↘,pɛd̪ɾo,pɛdɾo,yes,sentence-level-word
S_CMND_go_home_with_Pedro_01_02_03_spkrTS.xml,S_CMND_go_home_with_Pedro_01_02_03_spkrTS.wav,,18,27,kuanu'u,kwa↗n↘ũʔũ↘,kwanũʔũ,kwanũʔũ,yes,sentence-level-word
S_CMND_go_home_with_Pedro_01_02_03_spkrTS.xml,S_CMND_go_home_with_Pedro_01_02_03_spkrTS.wav,,1.62,3.45,kuanu'u tsi Pedro,,,kwanũʔũ t͡si pɛdɾo,,sentence-level-full
S_CMND_go_home_with_Pedro_01_02_03_spkrTS.xml,S_CMND_go_home_with_Pedro_01_02_03_spkrTS.wav,,49,63,Pedro,pɛ˥d̪ɾo↘,pɛd̪ɾo,pɛdɾo,yes,sentence-level-word
S_CMND_go_home_with_Pedro_01_02_03_spkrTS.xml,S_CMND_go_home_with_Pedro_01_02_03_spkrTS.wav,,46,49,tsi,tsi∙,tsi,t͡si,yes,sentence-level-word
S_CMND_go_home_with_Pedro_01_02_03_spkrTS.xml,S_CMND_go_home_with_Pedro_01_02_03_spkrTS.wav,,37,46,kuanu'u,kwa↘n↗ũʔũ↘,kwanũʔũ,kwanũʔũ,yes,sentence-level-word
S_CMND_go_home_with_Pedro_01_02_03_spkrTS.xml,S_CMND_go_home_with_Pedro_01_02_03_spkrTS.wav,,3.45,5.15,kuanu'u tsi Pedro,,,kwanũʔũ t͡si pɛdɾo,,sentence-level-full
S_CMND_go_to_work_with_Pedro_01_02_03_spkrTS.xml,S_CMND_go_to_work_with_Pedro_01_02_03_spkrTS.wav,,1,4,kua'an,kw˥↘ãː,kwãː,kwãː,yes,sentence-level-word
S_CMND_go_to_work_with_Pedro_01_02_03_spkrTS.xml,S_CMND_go_to_work_with_Pedro_01_02_03_spkrTS.wav,,4,10,sachuun,sa˩tʃũː↘,satʃũː,sat͡ʃũː,yes,sentence-level-word
S_CMND_go_to_work_with_Pedro_01_02_03_spkrTS.xml,S_CMND_go_to_work_with_Pedro_01_02_03_spkrTS.wav,,13,67,Pedro,pɛ˥d̪ɾo↘,pɛd̪ɾo,pɛdɾo,yes,sentence-level-word
S_CMND_go_to_work_with_Pedro_01_02_03_spkrTS.xml,S_CMND_go_to_work_with_Pedro_01_02_03_spkrTS.wav,,10,13,tsi,tsi∙,tsi,t͡si,yes,sentence-level-word
S_CMND_go_to_work_with_Pedro_01_02_03_spkrTS.xml,S_CMND_go_to_work_with_Pedro_01_02_03_spkrTS.wav,,0,1.91,kua'an sachuun tsi Pedro,,,kwãː sat͡ʃũː t͡si pɛdɾo,,sentence-level-full
S_CMND_go_to_work_with_Pedro_01_02_03_spkrTS.xml,S_CMND_go_to_work_with_Pedro_01_02_03_spkrTS.wav,,36,68,Pedro,pɛ˥d̪ɾo↘,pɛd̪ɾo,pɛdɾo,yes,sentence-level-word
S_CMND_go_to_work_with_Pedro_01_02_03_spkrTS.xml,S_CMND_go_to_work_with_Pedro_01_02_03_spkrTS.wav,,27,33,sachuun,sa↘tʃũː↘,satʃũː,sat͡ʃũː,yes,sentence-level-word
S_CMND_go_to_work_with_Pedro_01_02_03_spkrTS.xml,S_CMND_go_to_work_with_Pedro_01_02_03_spkrTS.wav,,33,36,tsi,tsi∙,tsi,t͡si,yes,sentence-level-word
S_CMND_go_to_work_with_Pedro_01_02_03_spkrTS.xml,S_CMND_go_to_work_with_Pedro_01_02_03_spkrTS.wav,,20,27,kua'an,kwã̰˥ʔã̰˩,kwã̰ʔã̰,kwã̰ʔã̰,yes,sentence-level-word
S_CMND_go_to_work_with_Pedro_01_02_03_spkrTS.xml,S_CMND_go_to_work_with_Pedro_01_02_03_spkrTS.wav,,1.91,3.67,kua'an sachuun tsi Pedro,,,kwã̰ʔã̰ sat͡ʃũː t͡si pɛdɾo,,sentence-level-full
S_CMND_go_to_work_with_Pedro_01_02_03_spkrTS.xml,S_CMND_go_to_work_with_Pedro_01_02_03_spkrTS.wav,,48,54,tsachuun,sa↘tʃũː↘,satʃũː,sat͡ʃũː,yes,sentence-level-word
S_CMND_go_to_work_with_Pedro_01_02_03_spkrTS.xml,S_CMND_go_to_work_with_Pedro_01_02_03_spkrTS.wav,,54,57,tsi,tsi∙,tsi,t͡si,yes,sentence-level-word
S_CMND_go_to_work_with_Pedro_01_02_03_spkrTS.xml,S_CMND_go_to_work_with_Pedro_01_02_03_spkrTS.wav,,44,48,kua'an,kwã̰ː↘,kwã̰ː,kwã̰ː,yes,sentence-level-word
S_CMND_go_to_work_with_Pedro_01_02_03_spkrTS.xml,S_CMND_go_to_work_with_Pedro_01_02_03_spkrTS.wav,,57,69,Pedro,pɛ˥d̪ɾo↘,pɛd̪ɾo,pɛdɾo,yes,sentence-level-word
S_CMND_go_to_work_with_Pedro_01_02_03_spkrTS.xml,S_CMND_go_to_work_with_Pedro_01_02_03_spkrTS.wav,,3.67,5.43,kua'an tsachuun tsi Pedro,,,kwã̰ː sat͡ʃũː t͡si pɛdɾo,,sentence-level-full
S_CMND_look_at_Maria_01_02_03_TS.xml,S_CMND_look_at_Maria_01_02_03_TS.wav,,14,54,ka,ɣa∙,ɣa,ɣa,yes,sentence-level-word
S_CMND_look_at_Maria_01_02_03_TS.xml,S_CMND_look_at_Maria_01_02_03_TS.wav,,1,4,kuun,kuː↘,kuː,kuu,yes,sentence-level-word
S_CMND_look_at_Maria_01_02_03_TS.xml,S_CMND_look_at_Maria_01_02_03_TS.wav,,4,8,nche'e,ntʃḛː↘↗,ntʃḛː,nt͡ʃḛː,yes,sentence-level-word
S_CMND_look_at_Maria_01_02_03_TS.xml,S_CMND_look_at_Maria_01_02_03_TS.wav,,8,14,Maria,ma˩ɾia˥↘,maɾia,maɾia,yes,sentence-level-word
S_CMND_look_at_Maria_01_02_03_TS.xml,S_CMND_look_at_Maria_01_02_03_TS.wav,,0,2.14,kuun nche'e Maria ka,,,kuu nt͡ʃḛː maɾia ɣa,,sentence-level-full
S_CMND_look_at_Maria_01_02_03_TS.xml,S_CMND_look_at_Maria_01_02_03_TS.wav,,17,19,<ui k u:_F,k↘uː,kuː,kuu,yes,sentence-level-word
S_CMND_look_at_Maria_01_02_03_TS.xml,S_CMND_look_at_Maria_01_02_03_TS.wav,,30,55,G a_R >uf,ɣa↗,ɣa,ɣa,yes,sentence-level-word
S_CMND_look_at_Maria_01_02_03_TS.xml,S_CMND_look_at_Maria_01_02_03_TS.wav,,23,30,m a_L r i_H a_F,ma˩ɾi˥a↘,maɾia,maɾia,yes,sentence-level-word
S_CMND_look_at_Maria_01_02_03_TS.xml,S_CMND_look_at_Maria_01_02_03_TS.wav,,19,23,(tS)_n\ e:_F_R,ntʃeː↘↗,ntʃeː,nt͡ʃee,yes,sentence-level-word
S_CMND_look_at_Maria_01_02_03_TS.xml,S_CMND_look_at_Maria_01_02_03_TS.wav,,2.14,4.24,<ui k u:_F (tS)_n\ e:_F_R m a_L r i_H a_F G a_R >uf,,,kuu nt͡ʃee maɾia ɣa,,sentence-level-full
S_CMND_look_at_Maria_01_02_03_TS.xml,S_CMND_look_at_Maria_01_02_03_TS.wav,,33,35,<ui k u:_F,k↘uː,kuː,kuu,yes,sentence-level-word
S_CMND_look_at_Maria_01_02_03_TS.xml,S_CMND_look_at_Maria_01_02_03_TS.wav,,48,56,G a_R >uf,ɣa↗,ɣa,ɣa,yes,sentence-level-word
S_CMND_look_at_Maria_01_02_03_TS.xml,S_CMND_look_at_Maria_01_02_03_TS.wav,,35,39,(tS)_n\ e:_k_F_R!,ntʃḛː↘↗ꜜ,ntʃḛː,nt͡ʃḛː,yes,sentence-level-word
S_CMND_look_at_Maria_01_02_03_TS.xml,S_CMND_look_at_Maria_01_02_03_TS.wav,,39,48,m a_L r i_H j a_F,ma˩ɾi˥ja↘,maɾija,maɾija,yes,sentence-level-word
S_CMND_look_at_Maria_01_02_03_TS.xml,S_CMND_look_at_Maria_01_02_03_TS.wav,,4.24,6.07,<ui k u:_F (tS)_n\ e:_k_F_R! m a_L r i_H j a_F G a_R >uf,,,kuu nt͡ʃḛː maɾija ɣa,,sentence-level-full
S_CMND_look_at_Maria_she_works_very_hard_01_02_03_TS.xml,S_CMND_look_at_Maria_she_works_very_hard_01_02_03_TS.wav,,5,9,nche'e,ʧḛː↘↗ꜜ,ʧḛː,t͡ʃḛː,yes,sentence-level-word
S_CMND_look_at_Maria_she_works_very_hard_01_02_03_TS.xml,S_CMND_look_at_Maria_she_works_very_hard_01_02_03_TS.wav,,21,27,va'a,va↘ʔa̰˥ꜜ,vaʔa̰,vaʔa̰,yes,sentence-level-word
S_CMND_look_at_Maria_she_works_very_hard_01_02_03_TS.xml,S_CMND_look_at_Maria_she_works_very_hard_01_02_03_TS.wav,,18,21,ri,ri˩,ri,ri,yes,sentence-level-word
S_CMND_look_at_Maria_she_works_very_hard_01_02_03_TS.xml,S_CMND_look_at_Maria_she_works_very_hard_01_02_03_TS.wav,,15,18,ka,ɣa↗ꜜ,ɣa,ɣa,yes,sentence-level-word
S_CMND_look_at_Maria_she_works_very_hard_01_02_03_TS.xml,S_CMND_look_at_Maria_she_works_very_hard_01_02_03_TS.wav,,27,34,ncho'a,ndʒo˥ʔa˩,ndʒoʔa,nd͡ʒoʔa,yes,sentence-level-word
S_CMND_look_at_Maria_she_works_very_hard_01_02_03_TS.xml,S_CMND_look_at_Maria_she_works_very_hard_01_02_03_TS.wav,,9,15,maria,ma˧ɾia↗↘,maɾia,maɾia,yes,sentence-level-word
S_CMND_look_at_Maria_she_works_very_hard_01_02_03_TS.xml,S_CMND_look_at_Maria_she_works_very_hard_01_02_03_TS.wav,,1,5,kuu,kuː↘n,kuːn,kuun,yes,sentence-level-word
S_CMND_look_at_Maria_she_works_very_hard_01_02_03_TS.xml,S_CMND_look_at_Maria_she_works_very_hard_01_02_03_TS.wav,,34,115,sachui,sa↘tʃũĩ↘,satʃũĩ,sat͡ʃũĩ,yes,sentence-level-word
S_CMND_look_at_Maria_she_works_very_hard_01_02_03_TS.xml,S_CMND_look_at_Maria_she_works_very_hard_01_02_03_TS.wav,,0,4.41,kuu nche'e maria ka ri va'a ncho'a sachui,,,kuun t͡ʃḛː maɾia ɣa ri vaʔa̰ nd͡ʒoʔa sat͡ʃũĩ,,sentence-level-full
S_CMND_look_at_Maria_she_works_very_hard_01_02_03_TS.xml,S_CMND_look_at_Maria_she_works_very_hard_01_02_03_TS.wav,,69,116,sachui,s↘atʃũĩ↘,satʃũĩ,sat͡ʃũĩ,yes,sentence-level-word
S_CMND_look_at_Maria_she_works_very_hard_01_02_03_TS.xml,S_CMND_look_at_Maria_she_works_very_hard_01_02_03_TS.wav,,62,69,ncho'a,ndʒo̰∙ʔa̰↗,ndʒo̰ʔa̰,nd͡ʒoʔa̰,yes,sentence-level-word
S_CMND_look_at_Maria_she_works_very_hard_01_02_03_TS.xml,S_CMND_look_at_Maria_she_works_very_hard_01_02_03_TS.wav,,40,43,kuu,kuː↘,kuː,kuu,yes,sentence-level-word
S_CMND_look_at_Maria_she_works_very_hard_01_02_03_TS.xml,S_CMND_look_at_Maria_she_works_very_hard_01_02_03_TS.wav,,53,56,ka,ɣa↗ꜜ,ɣa,ɣa,yes,sentence-level-word
S_CMND_look_at_Maria_she_works_very_hard_01_02_03_TS.xml,S_CMND_look_at_Maria_she_works_very_hard_01_02_03_TS.wav,,47,53,Maria,ma˧ɾia↗↘,maɾia,maɾia,yes,sentence-level-word
S_CMND_look_at_Maria_she_works_very_hard_01_02_03_TS.xml,S_CMND_look_at_Maria_she_works_very_hard_01_02_03_TS.wav,,59,62,va'a,βa̰ː↗↘ꜜ,βa̰ː,βa̰a̰,yes,sentence-level-word
S_CMND_look_at_Maria_she_works_very_hard_01_02_03_TS.xml,S_CMND_look_at_Maria_she_works_very_hard_01_02_03_TS.wav,,56,59,ri,ri˩,ri,ri,yes,sentence-level-word
S_CMND_look_at_Maria_she_works_very_hard_01_02_03_TS.xml,S_CMND_look_at_Maria_she_works_very_hard_01_02_03_TS.wav,,43,47,che'e,ndʒḛː↘↗,ndʒḛː,nd͡ʒḛː,yes,sentence-level-word
S_CMND_look_at_Maria_she_works_very_hard_01_02_03_TS.xml,S_CMND_look_at_Maria_she_works_very_hard_01_02_03_TS.wav,,4.41,6.94,kuu che'e Maria ka ri va'a ncho'a sachui,,,kuu nd͡ʒḛː maɾia ɣa ri βa̰a̰ nd͡ʒoʔa̰ sat͡ʃũĩ,,sentence-level-full
S_CMND_look_at_Maria_she_works_very_hard_01_02_03_TS.xml,S_CMND_look_at_Maria_she_works_very_hard_01_02_03_TS.wav,,96,103,ncho'a,ndʒo̰∙ʔa̰↗,ndʒo̰ʔa̰,nd͡ʒoʔa̰,yes,sentence-level-word
S_CMND_look_at_Maria_she_works_very_hard_01_02_03_TS.xml,S_CMND_look_at_Maria_she_works_very_hard_01_02_03_TS.wav,,81,87,Maria,ma˧ɾia↗↘,maɾia,maɾia,yes,sentence-level-word
S_CMND_look_at_Maria_she_works_very_hard_01_02_03_TS.xml,S_CMND_look_at_Maria_she_works_very_hard_01_02_03_TS.wav,,103,117,sachui,sa↘tʃũĩ↘,satʃũĩ,sat͡ʃũĩ,yes,sentence-level-word
S_CMND_look_at_Maria_she_works_very_hard_01_02_03_TS.xml,S_CMND_look_at_Maria_she_works_very_hard_01_02_03_TS.wav,,74,77,kuu,kuː↘,kuː,kuu,yes,sentence-level-word
S_CMND_look_at_Maria_she_works_very_hard_01_02_03_TS.xml,S_CMND_look_at_Maria_she_works_very_hard_01_02_03_TS.wav,,77,81,nche'e,ndʒḛː↘↗,ndʒḛː,nd͡ʒḛː,yes,sentence-level-word
S_CMND_look_at_Maria_she_works_very_hard_01_02_03_TS.xml,S_CMND_look_at_Maria_she_works_very_hard_01_02_03_TS.wav,,87,90,ka,ɣa↗,ɣa,ɣa,yes,sentence-level-word
S_CMND_look_at_Maria_she_works_very_hard_01_02_03_TS.xml,S_CMND_look_at_Maria_she_works_very_hard_01_02_03_TS.wav,,93,96,va'a,va̰ː∙,va̰ː,va̰a̰,yes,sentence-level-word
S_CMND_look_at_Maria_she_works_very_hard_01_02_03_TS.xml,S_CMND_look_at_Maria_she_works_very_hard_01_02_03_TS.wav,,90,93,ri,ɾi↘,ɾi,ɾi,yes,sentence-level-word
S_CMND_look_at_Maria_she_works_very_hard_01_02_03_TS.xml,S_CMND_look_at_Maria_she_works_very_hard_01_02_03_TS.wav,,6.94,9.73,kuu nche'e Maria ka ri va'a ncho'a sachui,,,kuu nd͡ʒḛː maɾia ɣa ɾi va̰a̰ nd͡ʒoʔa̰ sat͡ʃũĩ,,sentence-level-full
S_CMND_look_at_Marias_face-look_at_Maria_01_02_03_TS.xml,S_CMND_look_at_Marias_face-look_at_Maria_01_02_03_TS.wav,,1,4,kuu,kuː↘,kuː,kuu,yes,sentence-level-word
S_CMND_look_at_Marias_face-look_at_Maria_01_02_03_TS.xml,S_CMND_look_at_Marias_face-look_at_Maria_01_02_03_TS.wav,,4,8,nche'e,ndʒḛː↘↗,ndʒḛː,nd͡ʒḛː,yes,sentence-level-word
S_CMND_look_at_Marias_face-look_at_Maria_01_02_03_TS.xml,S_CMND_look_at_Marias_face-look_at_Maria_01_02_03_TS.wav,,8,10,nuu,n↘↗ꜜũ,nũ,nũ,yes,sentence-level-word
S_CMND_look_at_Marias_face-look_at_Maria_01_02_03_TS.xml,S_CMND_look_at_Marias_face-look_at_Maria_01_02_03_TS.wav,,10,54,Maria,ma˧ria˥↘,maria,maria,yes,sentence-level-word
S_CMND_look_at_Marias_face-look_at_Maria_01_02_03_TS.xml,S_CMND_look_at_Marias_face-look_at_Maria_01_02_03_TS.wav,,0,1.50,kuu nche'e nuu Maria,,,kuu nd͡ʒḛː nũ maria,,sentence-level-full
S_CMND_look_at_Marias_face-look_at_Maria_01_02_03_TS.xml,S_CMND_look_at_Marias_face-look_at_Maria_01_02_03_TS.wav,,16,19,kuu,ku↘,ku,ku,yes,sentence-level-word
S_CMND_look_at_Marias_face-look_at_Maria_01_02_03_TS.xml,S_CMND_look_at_Marias_face-look_at_Maria_01_02_03_TS.wav,,26,55,Maria,ma˧ria˥↘,maria,maria,yes,sentence-level-word
S_CMND_look_at_Marias_face-look_at_Maria_01_02_03_TS.xml,S_CMND_look_at_Marias_face-look_at_Maria_01_02_03_TS.wav,,23,26,n u_n_F_R!,nũ↘↗ꜜ,nũ,nũ,yes,sentence-level-word
S_CMND_look_at_Marias_face-look_at_Maria_01_02_03_TS.xml,S_CMND_look_at_Marias_face-look_at_Maria_01_02_03_TS.wav,,19,23,nche'e,ndʒḛː↘↗,ndʒḛː,nd͡ʒḛː,yes,sentence-level-word
S_CMND_look_at_Marias_face-look_at_Maria_01_02_03_TS.xml,S_CMND_look_at_Marias_face-look_at_Maria_01_02_03_TS.wav,,1.50,3.41,kuu nche'e n u_n_F_R! Maria,,,ku nd͡ʒḛː nũ maria,,sentence-level-full
S_CMND_look_at_Marias_face-look_at_Maria_01_02_03_TS.xml,S_CMND_look_at_Marias_face-look_at_Maria_01_02_03_TS.wav,,36,42,nche'e,dʒ˩ḛʔḛ↗,dʒḛʔḛ,d͡ʒeʔḛ,yes,sentence-level-word
S_CMND_look_at_Marias_face-look_at_Maria_01_02_03_TS.xml,S_CMND_look_at_Marias_face-look_at_Maria_01_02_03_TS.wav,,32,36,kuu,ku↘n,kun,kun,yes,sentence-level-word
S_CMND_look_at_Marias_face-look_at_Maria_01_02_03_TS.xml,S_CMND_look_at_Marias_face-look_at_Maria_01_02_03_TS.wav,,45,56,Maria,ma˧ria˥↘,maria,maria,yes,sentence-level-word
S_CMND_look_at_Marias_face-look_at_Maria_01_02_03_TS.xml,S_CMND_look_at_Marias_face-look_at_Maria_01_02_03_TS.wav,,42,45,nuu,nũ↘↗ꜜ,nũ,nũ,yes,sentence-level-word
S_CMND_look_at_Marias_face-look_at_Maria_01_02_03_TS.xml,S_CMND_look_at_Marias_face-look_at_Maria_01_02_03_TS.wav,,3.41,5.35,kuu nche'e nuu Maria,,,kun d͡ʒeʔḛ nũ maria,,sentence-level-full
S_CMND_look_into_my_eyes_01_02_03_TS.xml,S_CMND_look_into_my_eyes_01_02_03_TS.wav,,1,3,kuu,k↘uː,kuː,kuu,yes,sentence-level-word
S_CMND_look_into_my_eyes_01_02_03_TS.xml,S_CMND_look_into_my_eyes_01_02_03_TS.wav,,7,52,ntuchinuu yu,nd↘utʃi˥nũː↘↗↘ꜜ,ndutʃinũː,ndut͡ʃinũː,yes,sentence-level-word
S_CMND_look_into_my_eyes_01_02_03_TS.xml,S_CMND_look_into_my_eyes_01_02_03_TS.wav,,3,7,nche'e,ntʃḛː↘↗,ntʃḛː,nt͡ʃḛː,yes,sentence-level-word
S_CMND_look_into_my_eyes_01_02_03_TS.xml,S_CMND_look_into_my_eyes_01_02_03_TS.wav,,1.31,3.06,kuu nche'e ntuchinuu yu,,,kuu nt͡ʃḛː ndut͡ʃinũː,,sentence-level-full
S_CMND_look_into_my_eyes_01_02_03_TS.xml,S_CMND_look_into_my_eyes_01_02_03_TS.wav,,16,19,kuu,kuː↘ꜜn,kuːn,kuun,yes,sentence-level-word
S_CMND_look_into_my_eyes_01_02_03_TS.xml,S_CMND_look_into_my_eyes_01_02_03_TS.wav,,23,53,ntuchinuu yu,nd↘utʃi˥ꜜnũː↘↗↘,ndutʃinũː,ndut͡ʃinũː,yes,sentence-level-word
S_CMND_look_into_my_eyes_01_02_03_TS.xml,S_CMND_look_into_my_eyes_01_02_03_TS.wav,,19,23,nche'e,tʃḛː↘↗,tʃḛː,t͡ʃḛː,yes,sentence-level-word
S_CMND_look_into_my_eyes_01_02_03_TS.xml,S_CMND_look_into_my_eyes_01_02_03_TS.wav,,3.06,5.08,kuu nche'e ntuchinuu yu,,,kuun t͡ʃḛː ndut͡ʃinũː,,sentence-level-full
S_CMND_look_into_my_eyes_01_02_03_TS.xml,S_CMND_look_into_my_eyes_01_02_03_TS.wav,,32,34,kuu,k↘uː,kuː,kuu,yes,sentence-level-word
S_CMND_look_into_my_eyes_01_02_03_TS.xml,S_CMND_look_into_my_eyes_01_02_03_TS.wav,,38,54,ntuchinuu yu,ndu↘tʃi˥nũː↘↗↘ꜜ,ndutʃinũː,ndut͡ʃinũː,yes,sentence-level-word
S_CMND_look_into_my_eyes_01_02_03_TS.xml,S_CMND_look_into_my_eyes_01_02_03_TS.wav,,34,38,nche'e,ntʃḛː↘↗,ntʃḛː,nt͡ʃḛː,yes,sentence-level-word
S_CMND_look_into_my_eyes_01_02_03_TS.xml,S_CMND_look_into_my_eyes_01_02_03_TS.wav,,5.08,7.50,kuu nche'e ntuchinuu yu,,,kuu nt͡ʃḛː ndut͡ʃinũː,,sentence-level-full
S_CMND_take_DET_PROX_moon_01_spkrJS.xml,S_CMND_take_DET_PROX_moon_01_spkrJS.wav,,1,7,yo'o,jo↗ʔo˧,joʔo,joʔo,yes,sentence-level-word
S_CMND_take_DET_PROX_moon_01_spkrJS.xml,S_CMND_take_DET_PROX_moon_01_spkrJS.wav,,7,10,joo,joː↘↗,joː,joo,yes,sentence-level-word
S_CMND_take_DET_PROX_moon_01_spkrJS.xml,S_CMND_take_DET_PROX_moon_01_spkrJS.wav,,10,19,jo'o,jo↘ʔo˩,joʔo,joʔo,yes,sentence-level-word
S_CMND_take_DET_PROX_moon_01_spkrJS.xml,S_CMND_take_DET_PROX_moon_01_spkrJS.wav,,0,2.23,yo'o joo jo'o,,,joʔo joo joʔo,,sentence-level-full
S_CMND_take_the_lamb_from_the_water_because_hes_drowning_01_02_TS.xml,S_CMND_take_the_lamb_from_the_water_because_hes_drowning_01_02_TS.wav,,17,24,chikuii,tʃi∙kwiː↘↗ꜜ,tʃikwiː,t͡ʃikwii,yes,sentence-level-word
S_CMND_take_the_lamb_from_the_water_because_hes_drowning_01_02_TS.xml,S_CMND_take_the_lamb_from_the_water_because_hes_drowning_01_02_TS.wav,,5,11,lelu,le↗lu˧,lelu,lelu,yes,sentence-level-word
S_CMND_take_the_lamb_from_the_water_because_hes_drowning_01_02_TS.xml,S_CMND_take_the_lamb_from_the_water_because_hes_drowning_01_02_TS.wav,,11,17,tsa'nu,tsa̰˩nu∙,tsa̰nu,t͡sa̰nu,yes,sentence-level-word
S_CMND_take_the_lamb_from_the_water_because_hes_drowning_01_02_TS.xml,S_CMND_take_the_lamb_from_the_water_because_hes_drowning_01_02_TS.wav,,27,80,kucha niti,ku˥ꜜtʃa∙ni˩d̪i↗,kutʃanid̪i,kut͡ʃanidi,yes,sentence-level-word
S_CMND_take_the_lamb_from_the_water_because_hes_drowning_01_02_TS.xml,S_CMND_take_the_lamb_from_the_water_because_hes_drowning_01_02_TS.wav,,24,27,ri,ri˩,ri,ri,yes,sentence-level-word
S_CMND_take_the_lamb_from_the_water_because_hes_drowning_01_02_TS.xml,S_CMND_take_the_lamb_from_the_water_because_hes_drowning_01_02_TS.wav,,1,5,tava,d̪˥ava˩,d̪ava,dava,yes,sentence-level-word
S_CMND_take_the_lamb_from_the_water_because_hes_drowning_01_02_TS.xml,S_CMND_take_the_lamb_from_the_water_because_hes_drowning_01_02_TS.wav,,0,3.29,tava lelu tsa'nu chikuii ri kucha niti,,,dava lelu t͡sa̰nu t͡ʃikwii ri kut͡ʃanidi,,sentence-level-full
S_CMND_take_the_lamb_from_the_water_because_hes_drowning_01_02_TS.xml,S_CMND_take_the_lamb_from_the_water_because_hes_drowning_01_02_TS.wav,,54,60,chikuii,tʃi∙kwi↘↗ꜜ,tʃikwi,t͡ʃikwi,yes,sentence-level-word
S_CMND_take_the_lamb_from_the_water_because_hes_drowning_01_02_TS.xml,S_CMND_take_the_lamb_from_the_water_because_hes_drowning_01_02_TS.wav,,49,54,tsa'nu,ts˩a̰nu↘,tsa̰nu,t͡sa̰nu,yes,sentence-level-word
S_CMND_take_the_lamb_from_the_water_because_hes_drowning_01_02_TS.xml,S_CMND_take_the_lamb_from_the_water_because_hes_drowning_01_02_TS.wav,,38,43,tava,d̪a↘v∙a,d̪ava,dava,yes,sentence-level-word
S_CMND_take_the_lamb_from_the_water_because_hes_drowning_01_02_TS.xml,S_CMND_take_the_lamb_from_the_water_because_hes_drowning_01_02_TS.wav,,60,63,ri,ri∙,ri,ri,yes,sentence-level-word
S_CMND_take_the_lamb_from_the_water_because_hes_drowning_01_02_TS.xml,S_CMND_take_the_lamb_from_the_water_because_hes_drowning_01_02_TS.wav,,63,81,kucha niti,ku∙tʃa˧ni↘d̪i↗,kutʃanid̪i,kut͡ʃanidi,yes,sentence-level-word
S_CMND_take_the_lamb_from_the_water_because_hes_drowning_01_02_TS.xml,S_CMND_take_the_lamb_from_the_water_because_hes_drowning_01_02_TS.wav,,43,49,lelu,le˥lu∙,lelu,lelu,yes,sentence-level-word
S_CMND_take_the_lamb_from_the_water_because_hes_drowning_01_02_TS.xml,S_CMND_take_the_lamb_from_the_water_because_hes_drowning_01_02_TS.wav,,3.29,6.39,tava lelu tsa'nu chikuii ri kucha niti,,,dava lelu t͡sa̰nu t͡ʃikwi ri kut͡ʃanidi,,sentence-level-full
S_CMND_walk_backwards_01_02_03_TS.xml,S_CMND_walk_backwards_01_02_03_TS.wav,,1,7,kaka,ka↘ka↘,kaka,kaka,yes,sentence-level-word
S_CMND_walk_backwards_01_02_03_TS.xml,S_CMND_walk_backwards_01_02_03_TS.wav,,7,39,sata,s˥at̪a˩,sat̪a,sata,yes,sentence-level-word
S_CMND_walk_backwards_01_02_03_TS.xml,S_CMND_walk_backwards_01_02_03_TS.wav,,0,1.22,kaka sata,,,kaka sata,,sentence-level-full
S_CMND_walk_backwards_01_02_03_TS.xml,S_CMND_walk_backwards_01_02_03_TS.wav,,12,18,kaka,ka↘ka↘,kaka,kaka,yes,sentence-level-word
S_CMND_walk_backwards_01_02_03_TS.xml,S_CMND_walk_backwards_01_02_03_TS.wav,,18,40,sata,sa˥t̪a˩,sat̪a,sata,yes,sentence-level-word
S_CMND_walk_backwards_01_02_03_TS.xml,S_CMND_walk_backwards_01_02_03_TS.wav,,1.22,2.35,kaka sata,,,kaka sata,,sentence-level-full
S_CMND_walk_backwards_01_02_03_TS.xml,S_CMND_walk_backwards_01_02_03_TS.wav,,30,41,sata,sa∙t̪a˧,sat̪a,sata,yes,sentence-level-word
S_CMND_walk_backwards_01_02_03_TS.xml,S_CMND_walk_backwards_01_02_03_TS.wav,,24,30,kaka,ka˩ka˩,kaka,kaka,yes,sentence-level-word
S_CMND_walk_backwards_01_02_03_TS.xml,S_CMND_walk_backwards_01_02_03_TS.wav,,2.35,3.45,kaka sata,,,kaka sata,,sentence-level-full
S_DEC_rain_COMPL_last_night_03_spkrTS.xml,S_DEC_rain_COMPL_last_night_03_spkrTS.wav,,1,3,ni,n↘i,ni,ni,yes,sentence-level-word
S_DEC_rain_COMPL_last_night_03_spkrTS.xml,S_DEC_rain_COMPL_last_night_03_spkrTS.wav,,3,6,kuun,kũː↘,kũː,kũː,yes,sentence-level-word
S_DEC_rain_COMPL_last_night_03_spkrTS.xml,S_DEC_rain_COMPL_last_night_03_spkrTS.wav,,12,23,takuni,t̪aː˥ku∙ni↗,t̪aːkuni,taakuni,yes,sentence-level-word
S_DEC_rain_COMPL_last_night_03_spkrTS.xml,S_DEC_rain_COMPL_last_night_03_spkrTS.wav,,6,12,savi,sa↘vi↗ꜜ,savi,savi,yes,sentence-level-word
S_DEC_rain_COMPL_last_night_03_spkrTS.xml,S_DEC_rain_COMPL_last_night_03_spkrTS.wav,,0,2.34,ni kuun savi takuni,,,ni kũː savi taakuni,,sentence-level-full
S_DEC_rain_FUT_tomorrow_03_spkrTS.xml,S_DEC_rain_FUT_tomorrow_03_spkrTS.wav,,1,7,kuukuun,kuː↘kũː↘,kuːkũː,kuukũː,yes,sentence-level-word
S_DEC_rain_FUT_tomorrow_03_spkrTS.xml,S_DEC_rain_FUT_tomorrow_03_spkrTS.wav,,13,17,xchaa,sʧaː↘,sʧaː,st͡ʃaa,yes,sentence-level-word
S_DEC_rain_FUT_tomorrow_03_spkrTS.xml,S_DEC_rain_FUT_tomorrow_03_spkrTS.wav,,7,13,savi,sa↘vi↗,savi,savi,yes,sentence-level-word
S_DEC_rain_FUT_tomorrow_03_spkrTS.xml,S_DEC_rain_FUT_tomorrow_03_spkrTS.wav,,0,2.25,kuukuun savi xchaa,,,kuukũː savi st͡ʃaa,,sentence-level-full
S_EQTV_be_teachers_1st_pl_incl_sister_1st_sg_brother_1st_sg_1st_01_sg_spkrTS.xml,S_EQTV_be_teachers_1st_pl_incl_sister_1st_sg_brother_1st_sg_1st_01_sg_spkrTS.wav,,36,45,skuleru,sku∙lɛ↗ɾu˧,skulɛɾu,skulɛɾu,yes,sentence-level-word
S_EQTV_be_teachers_1st_pl_incl_sister_1st_sg_brother_1st_sg_1st_01_sg_spkrTS.xml,S_EQTV_be_teachers_1st_pl_incl_sister_1st_sg_brother_1st_sg_1st_01_sg_spkrTS.wav,,31,34,mee,mɛː↗,mɛː,mɛɛ,yes,sentence-level-word
S_EQTV_be_teachers_1st_pl_incl_sister_1st_sg_brother_1st_sg_1st_01_sg_spkrTS.xml,S_EQTV_be_teachers_1st_pl_incl_sister_1st_sg_brother_1st_sg_1st_01_sg_spkrTS.wav,,5,10,Maria,m˧aɾia˥↗,maɾia,maɾia,yes,sentence-level-word
S_EQTV_be_teachers_1st_pl_incl_sister_1st_sg_brother_1st_sg_1st_01_sg_spkrTS.xml,S_EQTV_be_teachers_1st_pl_incl_sister_1st_sg_brother_1st_sg_1st_01_sg_spkrTS.wav,,45,48,kuu,kuː∙,kuː,kuu,yes,sentence-level-word
S_EQTV_be_teachers_1st_pl_incl_sister_1st_sg_brother_1st_sg_1st_01_sg_spkrTS.xml,S_EQTV_be_teachers_1st_pl_incl_sister_1st_sg_brother_1st_sg_1st_01_sg_spkrTS.wav,,18,25,Pablo,pa˥βlo↘,paβlo,paβlo,yes,sentence-level-word
S_EQTV_be_teachers_1st_pl_incl_sister_1st_sg_brother_1st_sg_1st_01_sg_spkrTS.xml,S_EQTV_be_teachers_1st_pl_incl_sister_1st_sg_brother_1st_sg_1st_01_sg_spkrTS.wav,,10,12,tsi,ts↘i,tsi,t͡si,yes,sentence-level-word
S_EQTV_be_teachers_1st_pl_incl_sister_1st_sg_brother_1st_sg_1st_01_sg_spkrTS.xml,S_EQTV_be_teachers_1st_pl_incl_sister_1st_sg_brother_1st_sg_1st_01_sg_spkrTS.wav,,48,57,kue,we↗,we,we,yes,sentence-level-word
S_EQTV_be_teachers_1st_pl_incl_sister_1st_sg_brother_1st_sg_1st_01_sg_spkrTS.xml,S_EQTV_be_teachers_1st_pl_incl_sister_1st_sg_brother_1st_sg_1st_01_sg_spkrTS.wav,,12,16,ñani,ɲ˧ani↘,ɲani,ɲani,yes,sentence-level-word
S_EQTV_be_teachers_1st_pl_incl_sister_1st_sg_brother_1st_sg_1st_01_sg_spkrTS.xml,S_EQTV_be_teachers_1st_pl_incl_sister_1st_sg_brother_1st_sg_1st_01_sg_spkrTS.wav,,16,18,yu,j↘u,ju,ju,yes,sentence-level-word
S_EQTV_be_teachers_1st_pl_incl_sister_1st_sg_brother_1st_sg_1st_01_sg_spkrTS.xml,S_EQTV_be_teachers_1st_pl_incl_sister_1st_sg_brother_1st_sg_1st_01_sg_spkrTS.wav,,28,31,tsi,tsi↘,tsi,t͡si,yes,sentence-level-word
S_EQTV_be_teachers_1st_pl_incl_sister_1st_sg_brother_1st_sg_1st_01_sg_spkrTS.xml,S_EQTV_be_teachers_1st_pl_incl_sister_1st_sg_brother_1st_sg_1st_01_sg_spkrTS.wav,,1,5,kua'a,kwaː↗↘,kwaː,kwaa,yes,sentence-level-word
S_EQTV_be_teachers_1st_pl_incl_sister_1st_sg_brother_1st_sg_1st_01_sg_spkrTS.xml,S_EQTV_be_teachers_1st_pl_incl_sister_1st_sg_brother_1st_sg_1st_01_sg_spkrTS.wav,,34,36,ra,ɾ˧a,ɾa,ɾa,yes,sentence-level-word
S_EQTV_be_teachers_1st_pl_incl_sister_1st_sg_brother_1st_sg_1st_01_sg_spkrTS.xml,S_EQTV_be_teachers_1st_pl_incl_sister_1st_sg_brother_1st_sg_1st_01_sg_spkrTS.wav,,25,28,ka,ɣa↗,ɣa,ɣa,yes,sentence-level-word
S_EQTV_be_teachers_1st_pl_incl_sister_1st_sg_brother_1st_sg_1st_01_sg_spkrTS.xml,S_EQTV_be_teachers_1st_pl_incl_sister_1st_sg_brother_1st_sg_1st_01_sg_spkrTS.wav,,0,5.18,kua'a Maria tsi ñani yu Pablo ka tsi mee ra skuleru kuu kue,,,kwaa maɾia t͡si ɲani ju paβlo ɣa t͡si mɛɛ ɾa skulɛɾu kuu we,,sentence-level-full
S_I_am_happy_01_02_TS.xml,S_I_am_happy_01_02_TS.wav,,1,8,kuacha,kwa˥tʃa˥,kwatʃa,kwat͡ʃa,yes,sentence-level-word
S_I_am_happy_01_02_TS.xml,S_I_am_happy_01_02_TS.wav,,8,31,ncho'a,ndʒo↘ʔa↘↗,ndʒoʔa,nd͡ʒoʔa,yes,sentence-level-word
S_I_am_happy_01_02_TS.xml,S_I_am_happy_01_02_TS.wav,,0,1.50,kuacha ncho'a,,,kwat͡ʃa nd͡ʒoʔa,,sentence-level-full
S_I_am_happy_01_02_TS.xml,S_I_am_happy_01_02_TS.wav,,15,17,kuacha,kwa˥tʃa˥,kwatʃa,kwat͡ʃa,yes,sentence-level-word
S_I_am_happy_01_02_TS.xml,S_I_am_happy_01_02_TS.wav,,17,32,kua'a,ndʒo↘ʔa˩,ndʒoʔa,nd͡ʒoʔa,yes,sentence-level-word
S_I_am_happy_01_02_TS.xml,S_I_am_happy_01_02_TS.wav,,1.50,3.20,kuacha kua'a,,,kwat͡ʃa nd͡ʒoʔa,,sentence-level-full
S_I_am_not_eating_breakfast_right_now_Im_reading_a_book_01_spkrTS.xml,S_I_am_not_eating_breakfast_right_now_Im_reading_a_book_01_spkrTS.wav,,5,13,tsisini,tsi˥si˥ꜜn↘i,tsisini,t͡sisini,yes,sentence-level-word
S_I_am_not_eating_breakfast_right_now_Im_reading_a_book_01_spkrTS.xml,S_I_am_not_eating_breakfast_right_now_Im_reading_a_book_01_spkrTS.wav,,1,5,kue,kwe˩,kwe,kwe,yes,sentence-level-word
S_I_am_not_eating_breakfast_right_now_Im_reading_a_book_01_spkrTS.xml,S_I_am_not_eating_breakfast_right_now_Im_reading_a_book_01_spkrTS.wav,,16,26,michu'ni,mi˩tʃu∙ʔni↘,mitʃuʔni,mit͡ʃuʔni,yes,sentence-level-word
S_I_am_not_eating_breakfast_right_now_Im_reading_a_book_01_spkrTS.xml,S_I_am_not_eating_breakfast_right_now_Im_reading_a_book_01_spkrTS.wav,,28,35,libru,li↗βru↘,liβru,liβru,yes,sentence-level-word
S_I_am_not_eating_breakfast_right_now_Im_reading_a_book_01_spkrTS.xml,S_I_am_not_eating_breakfast_right_now_Im_reading_a_book_01_spkrTS.wav,,35,43,ka'vi yu,k∙a̰ʔv↘i,ka̰ʔvi,kaʔvi,yes,sentence-level-word
S_I_am_not_eating_breakfast_right_now_Im_reading_a_book_01_spkrTS.xml,S_I_am_not_eating_breakfast_right_now_Im_reading_a_book_01_spkrTS.wav,,13,16,yu,ju↘,ju,ju,yes,sentence-level-word
S_I_am_not_eating_breakfast_right_now_Im_reading_a_book_01_spkrTS.xml,S_I_am_not_eating_breakfast_right_now_Im_reading_a_book_01_spkrTS.wav,,26,28,in,ĩː˥ꜜ,ĩː,ĩː,yes,sentence-level-word
S_I_am_not_eating_breakfast_right_now_Im_reading_a_book_01_spkrTS.xml,S_I_am_not_eating_breakfast_right_now_Im_reading_a_book_01_spkrTS.wav,,0,3.58,kue tsisini yu michu'ni in libru ka'vi yu,,,kwe t͡sisini ju mit͡ʃuʔni ĩː liβru kaʔvi,,sentence-level-full
S_I_ate_bread_and_cheese_for_breakfast_this_morning_01_spkrTS.xml,S_I_ate_bread_and_cheese_for_breakfast_this_morning_01_spkrTS.wav,,18,23,keso,kɛ∙so↘,kɛso,kɛso,yes,sentence-level-word
S_I_ate_bread_and_cheese_for_breakfast_this_morning_01_spkrTS.xml,S_I_ate_bread_and_cheese_for_breakfast_this_morning_01_spkrTS.wav,,1,10,tsisini,tsi˩tsi˥ni↘,tsitsini,t͡sit͡sini,yes,sentence-level-word
S_I_ate_bread_and_cheese_for_breakfast_this_morning_01_spkrTS.xml,S_I_ate_bread_and_cheese_for_breakfast_this_morning_01_spkrTS.wav,,10,13,yu,ju↘,ju,ju,yes,sentence-level-word
S_I_ate_bread_and_cheese_for_breakfast_this_morning_01_spkrTS.xml,S_I_ate_bread_and_cheese_for_breakfast_this_morning_01_spkrTS.wav,,16,18,tsi,ts˩i,tsi,t͡si,yes,sentence-level-word
S_I_ate_bread_and_cheese_for_breakfast_this_morning_01_spkrTS.xml,S_I_ate_bread_and_cheese_for_breakfast_this_morning_01_spkrTS.wav,,13,16,paa,paː˥,paː,paa,yes,sentence-level-word
S_I_ate_bread_and_cheese_for_breakfast_this_morning_01_spkrTS.xml,S_I_ate_bread_and_cheese_for_breakfast_this_morning_01_spkrTS.wav,,23,33,vichi,vi∙tʃi˧,vitʃi,vit͡ʃi,yes,sentence-level-word
S_I_ate_bread_and_cheese_for_breakfast_this_morning_01_spkrTS.xml,S_I_ate_bread_and_cheese_for_breakfast_this_morning_01_spkrTS.wav,,0,2.99,tsisini yu paa tsi keso vichi,,,t͡sit͡sini ju paa t͡si kɛso vit͡ʃi,,sentence-level-full
S_I_eat_food_every_morning_01_02_03_TS.xml,S_I_eat_food_every_morning_01_02_03_TS.wav,,1,10,tsitsa'an yu,tsi˧tsa˥ʔã↘,tsitsaʔã,t͡sit͡saʔã,yes,sentence-level-word
S_I_eat_food_every_morning_01_02_03_TS.xml,S_I_eat_food_every_morning_01_02_03_TS.wav,,10,17,ntikii,nd̪i˥ꜜkiː↗,nd̪ikiː,ndikii,yes,sentence-level-word
S_I_eat_food_every_morning_01_02_03_TS.xml,S_I_eat_food_every_morning_01_02_03_TS.wav,,17,73,xaa na'a,ʃaː↘na∙ʔa↘↗,ʃaːnaʔa,ʃaanaʔa,yes,sentence-level-word
S_I_eat_food_every_morning_01_02_03_TS.xml,S_I_eat_food_every_morning_01_02_03_TS.wav,,0,2.03,tsitsa'an yu ntikii xaa na'a,,,t͡sit͡saʔã ndikii ʃaanaʔa,,sentence-level-full
S_I_eat_food_every_morning_01_02_03_TS.xml,S_I_eat_food_every_morning_01_02_03_TS.wav,,32,39,ntikii,nd̪i˥ꜜkiː∙,nd̪ikiː,ndikii,yes,sentence-level-word
S_I_eat_food_every_morning_01_02_03_TS.xml,S_I_eat_food_every_morning_01_02_03_TS.wav,,26,32,tsitsa'an yu,tsi˧tsã̰ː˥˩,tsitsã̰ː,t͡sit͡sã̰ː,yes,sentence-level-word
S_I_eat_food_every_morning_01_02_03_TS.xml,S_I_eat_food_every_morning_01_02_03_TS.wav,,39,74,xaa na'a,ʃaː∙n↗↘a̰ː,ʃaːna̰ː,ʃaana̰a̰,yes,sentence-level-word
S_I_eat_food_every_morning_01_02_03_TS.xml,S_I_eat_food_every_morning_01_02_03_TS.wav,,2.03,3.47,tsitsa'an yu ntikii xaa na'a,,,t͡sit͡sã̰ː ndikii ʃaana̰a̰,,sentence-level-full
S_I_eat_food_every_morning_01_02_03_TS.xml,S_I_eat_food_every_morning_01_02_03_TS.wav,,60,75,xaa na'a,ʃa˥na̰∙ʔ↘↗a̰,ʃana̰ʔa̰,ʃanaʔa̰,yes,sentence-level-word
S_I_eat_food_every_morning_01_02_03_TS.xml,S_I_eat_food_every_morning_01_02_03_TS.wav,,44,53,tsitsa'an yu,tsi˧tsa˥ʔã˩,tsitsaʔã,t͡sit͡saʔã,yes,sentence-level-word
S_I_eat_food_every_morning_01_02_03_TS.xml,S_I_eat_food_every_morning_01_02_03_TS.wav,,53,60,ntikii,nd̪i↘kiː↗,nd̪ikiː,ndikii,yes,sentence-level-word
S_I_eat_food_every_morning_01_02_03_TS.xml,S_I_eat_food_every_morning_01_02_03_TS.wav,,3.47,5.53,tsitsa'an yu ntikii xaa na'a,,,t͡sit͡saʔã ndikii ʃanaʔa̰,,sentence-level-full
S_I_left_before_my_sister-my_sister_left_after_I_left_01_02_TS.xml,S_I_left_before_my_sister-my_sister_left_after_I_left_01_02_TS.wav,,18,24,sana,sa˧na˥,sana,sana,yes,sentence-level-word
S_I_left_before_my_sister-my_sister_left_after_I_left_01_02_TS.xml,S_I_left_before_my_sister-my_sister_left_after_I_left_01_02_TS.wav,,12,18,kua'an,kw˥aʔã↘,kwaʔã,kwaʔã,yes,sentence-level-word
S_I_left_before_my_sister-my_sister_left_after_I_left_01_02_TS.xml,S_I_left_before_my_sister-my_sister_left_after_I_left_01_02_TS.wav,,24,30,kua'an,kwa̰˥ʔã˩,kwa̰ʔã,kwaʔã,yes,sentence-level-word
S_I_left_before_my_sister-my_sister_left_after_I_left_01_02_TS.xml,S_I_left_before_my_sister-my_sister_left_after_I_left_01_02_TS.wav,,6,9,ka,ɣa↗,ɣa,ɣa,yes,sentence-level-word
S_I_left_before_my_sister-my_sister_left_after_I_left_01_02_TS.xml,S_I_left_before_my_sister-my_sister_left_after_I_left_01_02_TS.wav,,9,12,yu,ju↘,ju,ju,yes,sentence-level-word
S_I_left_before_my_sister-my_sister_left_after_I_left_01_02_TS.xml,S_I_left_before_my_sister-my_sister_left_after_I_left_01_02_TS.wav,,1,6,xina,ʃi˥na,ʃina,ʃina,yes,sentence-level-word
S_I_left_before_my_sister-my_sister_left_after_I_left_01_02_TS.xml,S_I_left_before_my_sister-my_sister_left_after_I_left_01_02_TS.wav,,30,40,kua'a,kwa˥ʔa˧,kwaʔa,kwaʔa,yes,sentence-level-word
S_I_left_before_my_sister-my_sister_left_after_I_left_01_02_TS.xml,S_I_left_before_my_sister-my_sister_left_after_I_left_01_02_TS.wav,,0,2.91,xina ka yu kua'an sana kua'an kua'a,,,ʃina ɣa ju kwaʔã sana kwaʔã kwaʔa,,sentence-level-full
S_I_stepped_on_a_scorpion_01_02_TS.xml,S_I_stepped_on_a_scorpion_01_02_TS.wav,,1,4,tsa'i,tsã̰ḭ˩˧,tsã̰ḭ,t͡sã̰ḭ,yes,sentence-level-word
S_I_stepped_on_a_scorpion_01_02_TS.xml,S_I_stepped_on_a_scorpion_01_02_TS.wav,,4,7,yu,ju↘,ju,ju,yes,sentence-level-word
S_I_stepped_on_a_scorpion_01_02_TS.xml,S_I_stepped_on_a_scorpion_01_02_TS.wav,,7,17,tisu'ma,t̪i˩sṵ∙ʔma˥,t̪isṵʔma,tisuʔma,yes,sentence-level-word
S_I_stepped_on_a_scorpion_01_02_TS.xml,S_I_stepped_on_a_scorpion_01_02_TS.wav,,17,22,ka,ɣa↗,ɣa,ɣa,yes,sentence-level-word
S_I_stepped_on_a_scorpion_01_02_TS.xml,S_I_stepped_on_a_scorpion_01_02_TS.wav,,0,1.75,tsa'i yu tisu'ma ka,,,t͡sã̰ḭ ju tisuʔma ɣa,,sentence-level-full
S_I_want_to_wear_his_shoes_01_02_TS.xml,S_I_want_to_wear_his_shoes_01_02_TS.wav,,7,10,yu,ju↘,ju,ju,yes,sentence-level-word
S_I_want_to_wear_his_shoes_01_02_TS.xml,S_I_want_to_wear_his_shoes_01_02_TS.wav,,10,12,k,ku,ku,ku,no,sentence-level-word
S_I_want_to_wear_his_shoes_01_02_TS.xml,S_I_want_to_wear_his_shoes_01_02_TS.wav,,12,19,ntsitsa,ntsi˧tsa˧,ntsitsa,nt͡sit͡sa,yes,sentence-level-word
S_I_want_to_wear_his_shoes_01_02_TS.xml,S_I_want_to_wear_his_shoes_01_02_TS.wav,,19,26,ntsitsa,ntsi∙tsa˧,ntsitsa,nt͡sit͡sa,yes,sentence-level-word
S_I_want_to_wear_his_shoes_01_02_TS.xml,S_I_want_to_wear_his_shoes_01_02_TS.wav,,1,7,kuni,ku˥ni˧,kuni,kuni,yes,sentence-level-word
S_I_want_to_wear_his_shoes_01_02_TS.xml,S_I_want_to_wear_his_shoes_01_02_TS.wav,,26,31,ra,ra˥,ra,ra,yes,sentence-level-word
S_I_want_to_wear_his_shoes_01_02_TS.xml,S_I_want_to_wear_his_shoes_01_02_TS.wav,,0,2.41,kuni yu k ntsitsa ntsitsa ra,,,kuni ju ku nt͡sit͡sa nt͡sit͡sa ra,,sentence-level-full
S_I_was_going_to_school_yesterday_when_I_fell_down_01_spkrTS.xml,S_I_was_going_to_school_yesterday_when_I_fell_down_01_spkrTS.wav,,31,41,tachi,d̪˩atʃi˥,d̪atʃi,dat͡ʃi,yes,sentence-level-word
S_I_was_going_to_school_yesterday_when_I_fell_down_01_spkrTS.xml,S_I_was_going_to_school_yesterday_when_I_fell_down_01_spkrTS.wav,,10,12,yu,ju,ju,ju,no,sentence-level-word
S_I_was_going_to_school_yesterday_when_I_fell_down_01_spkrTS.xml,S_I_was_going_to_school_yesterday_when_I_fell_down_01_spkrTS.wav,,12,19,skuela,skwe˥ꜛla˩,skweꜛla,skwela,yes,sentence-level-word
S_I_was_going_to_school_yesterday_when_I_fell_down_01_spkrTS.xml,S_I_was_going_to_school_yesterday_when_I_fell_down_01_spkrTS.wav,,19,28,takuni,t̪a˥ku˩ni˩,t̪akuni,takuni,yes,sentence-level-word
S_I_was_going_to_school_yesterday_when_I_fell_down_01_spkrTS.xml,S_I_was_going_to_school_yesterday_when_I_fell_down_01_spkrTS.wav,,4,10,ku'u,k̬ũ˥ʔũ˩,k̬ũʔũ,k̬ũʔũ,yes,sentence-level-word
S_I_was_going_to_school_yesterday_when_I_fell_down_01_spkrTS.xml,S_I_was_going_to_school_yesterday_when_I_fell_down_01_spkrTS.wav,,28,31,ra,ra˩,ra,ra,yes,sentence-level-word
S_I_was_going_to_school_yesterday_when_I_fell_down_01_spkrTS.xml,S_I_was_going_to_school_yesterday_when_I_fell_down_01_spkrTS.wav,,1,4,kuun,kuː˥ꜛ,kuːꜛ,kuu,yes,sentence-level-word
S_I_was_going_to_school_yesterday_when_I_fell_down_01_spkrTS.xml,S_I_was_going_to_school_yesterday_when_I_fell_down_01_spkrTS.wav,,0,3.85,kuun ku'u yu skuela takuni ra tachi,,,kuu k̬ũʔũ ju skwela takuni ra dat͡ʃi,,sentence-level-full
S_I_will_give_money_01_JS.xml,S_I_will_give_money_01_JS.wav,,1,3,kuun,ũ↗,ũ,ũ,yes,sentence-level-word
S_I_will_give_money_01_JS.xml,S_I_will_give_money_01_JS.wav,,3,10,kua'a yu,gwa̰˩ʔa˩,gwa̰ʔa,gwaʔa,yes,sentence-level-word
S_I_will_give_money_01_JS.xml,S_I_will_give_money_01_JS.wav,,10,17,xu'un,ʧũ↗ʔm̩↘,ʧũʔm̩,t͡ʃũʔm,yes,sentence-level-word
S_I_will_give_money_01_JS.xml,S_I_will_give_money_01_JS.wav,,0,1.48,kuun kua'a yu xu'un,,,ũ gwaʔa t͡ʃũʔm,,sentence-level-full
S_I_will_give_money_to_Jack_01_JS.xml,S_I_will_give_money_to_Jack_01_JS.wav,,1,10,kunkua'a,ũ˥gwã↘ʔã˩,ũgwãʔã,ũgwãʔã,yes,sentence-level-word
S_I_will_give_money_to_Jack_01_JS.xml,S_I_will_give_money_to_Jack_01_JS.wav,,13,16,nuu,nũː↘,nũː,nũː,yes,sentence-level-word
S_I_will_give_money_to_Jack_01_JS.xml,S_I_will_give_money_to_Jack_01_JS.wav,,16,22,Jack,ʤæ˥k,ʤæk,d͡ʒæk,yes,sentence-level-word
S_I_will_give_money_to_Jack_01_JS.xml,S_I_will_give_money_to_Jack_01_JS.wav,,10,13,xu'un,ʧũ˥ʔũ↘,ʧũʔũ,t͡ʃũʔũ,yes,sentence-level-word
S_I_will_give_money_to_Jack_01_JS.xml,S_I_will_give_money_to_Jack_01_JS.wav,,0,2.55,kunkua'a xu'un nuu Jack,,,ũgwãʔã t͡ʃũʔũ nũː d͡ʒæk,,sentence-level-full
S_I_will_not_give_money_01_JS.xml,S_I_will_not_give_money_01_JS.wav,,1,3,ma kuun,ŋ˩,ŋ,ŋ,yes,sentence-level-word
S_I_will_not_give_money_01_JS.xml,S_I_will_not_give_money_01_JS.wav,,9,14,xu'un,ʃṵ̃ː↗↘,ʃṵ̃ː,ʃṵ̃ː,yes,sentence-level-word
S_I_will_not_give_money_01_JS.xml,S_I_will_not_give_money_01_JS.wav,,3,9,kua'a yu,gwa̰↗ʔa̰↘,gwa̰ʔa̰,gwaʔa̰,yes,sentence-level-word
S_I_will_not_give_money_01_JS.xml,S_I_will_not_give_money_01_JS.wav,,0,1.69,ma kuun kua'a yu xu'un,,,ŋ gwaʔa̰ ʃṵ̃ː,,sentence-level-full
S_I_will_not_give_money_02_JS.xml,S_I_will_not_give_money_02_JS.wav,,1,3,ma kuun,ŋ ˩,ŋ ,ŋ ,yes,sentence-level-word
S_I_will_not_give_money_02_JS.xml,S_I_will_not_give_money_02_JS.wav,,9,13,xu'un,ʃ↗↘ṵ̃ː,ʃṵ̃ː,ʃṵ̃ː,yes,sentence-level-word
S_I_will_not_give_money_02_JS.xml,S_I_will_not_give_money_02_JS.wav,,3,9,kua'a yu,gw↗a̰ʔa̰˩,gwa̰ʔa̰,gwaʔa̰,yes,sentence-level-word
S_I_will_not_give_money_02_JS.xml,S_I_will_not_give_money_02_JS.wav,,0,1.05,ma kuun kua'a yu xu'un,,,ŋ  gwaʔa̰ ʃṵ̃ː,,sentence-level-full
S_I_will_not_give_money_to_Jack_02_JS.xml,S_I_will_not_give_money_to_Jack_02_JS.wav,,15,20,Jack,ʤa↘kʰ,ʤakʰ,d͡ʒak,yes,sentence-level-word
S_I_will_not_give_money_to_Jack_02_JS.xml,S_I_will_not_give_money_to_Jack_02_JS.wav,,12,15,nuu,nũ↘↗ꜜ,nũ,nũ,yes,sentence-level-word
S_I_will_not_give_money_to_Jack_02_JS.xml,S_I_will_not_give_money_to_Jack_02_JS.wav,,9,12,xu'un,ʃũː↗↘,ʃũː,ʃũː,yes,sentence-level-word
S_I_will_not_give_money_to_Jack_02_JS.xml,S_I_will_not_give_money_to_Jack_02_JS.wav,,1,3,ma kuun,↘,,,yes,sentence-level-word
S_I_will_not_give_money_to_Jack_02_JS.xml,S_I_will_not_give_money_to_Jack_02_JS.wav,,3,9,kua'a yu,gwã↗ʔã↘,gwãʔã,gwãʔã,yes,sentence-level-word
S_I_will_not_give_money_to_Jack_02_JS.xml,S_I_will_not_give_money_to_Jack_02_JS.wav,,0,2.17,ma kuun kua'a yu xu'un nuu Jack,,, gwãʔã ʃũː nũ d͡ʒak,,sentence-level-full
S_LOC_I_am_in_the_wilderness_01_02_TS.xml,S_LOC_I_am_in_the_wilderness_01_02_TS.wav,,1,3,nuu,nũː↘↗,nũː,nũː,yes,sentence-level-word
S_LOC_I_am_in_the_wilderness_01_02_TS.xml,S_LOC_I_am_in_the_wilderness_01_02_TS.wav,,8,12,inkaa,ŋk̬aː˥↘,ŋk̬aː,ŋk̬aa,yes,sentence-level-word
S_LOC_I_am_in_the_wilderness_01_02_TS.xml,S_LOC_I_am_in_the_wilderness_01_02_TS.wav,,3,8,yuku,ju˥ku,juku,juku,yes,sentence-level-word
S_LOC_I_am_in_the_wilderness_01_02_TS.xml,S_LOC_I_am_in_the_wilderness_01_02_TS.wav,,12,32,yu,ju↘,ju,ju,yes,sentence-level-word
S_LOC_I_am_in_the_wilderness_01_02_TS.xml,S_LOC_I_am_in_the_wilderness_01_02_TS.wav,,0,1.59,nuu yuku inkaa yu,,,nũː juku ŋk̬aa ju,,sentence-level-full
S_LOC_I_am_in_the_wilderness_01_02_TS.xml,S_LOC_I_am_in_the_wilderness_01_02_TS.wav,,15,18,nuu,nũː↗,nũː,nũː,yes,sentence-level-word
S_LOC_I_am_in_the_wilderness_01_02_TS.xml,S_LOC_I_am_in_the_wilderness_01_02_TS.wav,,27,33,yu,ju↘ꜛ,juꜛ,ju,yes,sentence-level-word
S_LOC_I_am_in_the_wilderness_01_02_TS.xml,S_LOC_I_am_in_the_wilderness_01_02_TS.wav,,18,23,yuku,ju˥k˩u,juku,juku,yes,sentence-level-word
S_LOC_I_am_in_the_wilderness_01_02_TS.xml,S_LOC_I_am_in_the_wilderness_01_02_TS.wav,,23,27,inkaa,ŋk̬aː↘,ŋk̬aː,ŋk̬aa,yes,sentence-level-word
S_LOC_I_am_in_the_wilderness_01_02_TS.xml,S_LOC_I_am_in_the_wilderness_01_02_TS.wav,,1.59,3.41,nuu yuku inkaa yu,,,nũː juku ŋk̬aa ju,,sentence-level-full
S_LOC_friend_1s_inside_01_02_03_TS.xml,S_LOC_friend_1s_inside_01_02_03_TS.wav,,12,16,inkaa,ŋk̬aː↘,ŋk̬aː,ŋk̬aa,yes,sentence-level-word
S_LOC_friend_1s_inside_01_02_03_TS.xml,S_LOC_friend_1s_inside_01_02_03_TS.wav,,6,12,ve'e,βɛ̰˩ʔḛ˧,βɛ̰ʔḛ,βɛʔḛ,yes,sentence-level-word
S_LOC_friend_1s_inside_01_02_03_TS.xml,S_LOC_friend_1s_inside_01_02_03_TS.wav,,22,25,yu,ju↘,ju,ju,yes,sentence-level-word
S_LOC_friend_1s_inside_01_02_03_TS.xml,S_LOC_friend_1s_inside_01_02_03_TS.wav,,16,22,ñani,ɲa˧ni˧,ɲani,ɲani,yes,sentence-level-word
S_LOC_friend_1s_inside_01_02_03_TS.xml,S_LOC_friend_1s_inside_01_02_03_TS.wav,,1,6,ini,i˧ni˩,ini,ini,yes,sentence-level-word
S_LOC_friend_1s_inside_01_02_03_TS.xml,S_LOC_friend_1s_inside_01_02_03_TS.wav,,25,30,ka,ɣa↗ꜜ,ɣa,ɣa,yes,sentence-level-word
S_LOC_friend_1s_inside_01_02_03_TS.xml,S_LOC_friend_1s_inside_01_02_03_TS.wav,,3.76,5.33,ini ve'e inkaa ñani yu ka,,,ini βɛʔḛ ŋk̬aa ɲani ju ɣa,,sentence-level-full
S_LOC_the_clouds_are_high-up_01_02_03_TS.xml,S_LOC_the_clouds_are_high-up_01_02_03_TS.wav,,14,16,iin,ĩː˥,ĩː,ĩː,yes,sentence-level-word
S_LOC_the_clouds_are_high-up_01_02_03_TS.xml,S_LOC_the_clouds_are_high-up_01_02_03_TS.wav,,1,7,suku,su˥ku↘,suku,suku,yes,sentence-level-word
S_LOC_the_clouds_are_high-up_01_02_03_TS.xml,S_LOC_the_clouds_are_high-up_01_02_03_TS.wav,,7,14,ncho'a,ndʒo̰∙ʔa˩,ndʒo̰ʔa,nd͡ʒoʔa,yes,sentence-level-word
S_LOC_the_clouds_are_high-up_01_02_03_TS.xml,S_LOC_the_clouds_are_high-up_01_02_03_TS.wav,,16,25,viko,βi↘ko↗,βiko,βiko,yes,sentence-level-word
S_LOC_the_clouds_are_high-up_01_02_03_TS.xml,S_LOC_the_clouds_are_high-up_01_02_03_TS.wav,,0,2.38,suku ncho'a iin viko,,,suku nd͡ʒoʔa ĩː βiko,,sentence-level-full
S_MTN-ARVL_2s_inf_is_coming_01_02_03_TS.xml,S_MTN-ARVL_2s_inf_is_coming_01_02_03_TS.wav,1,0,0.77,vatsia,βa˩tsia˥˩,βatsia,βat͡sia,yes,single-word
S_MTN-HM_1_pl_exl_are_going_home_01_02_03_TS.xml,S_MTN-HM_1_pl_exl_are_going_home_01_02_03_TS.wav,,14,22,ve'e,βɛ↗ʔe↘,βɛʔe,βɛʔe,yes,sentence-level-word
S_MTN-HM_1_pl_exl_are_going_home_01_02_03_TS.xml,S_MTN-HM_1_pl_exl_are_going_home_01_02_03_TS.wav,,1,11,kuanu'u,kwa˧nũ˧ʔũ˥,kwanũʔũ,kwanũʔũ,yes,sentence-level-word
S_MTN-HM_1_pl_exl_are_going_home_01_02_03_TS.xml,S_MTN-HM_1_pl_exl_are_going_home_01_02_03_TS.wav,,11,14,kue,we˥↘,we,we,yes,sentence-level-word
S_MTN-HM_1_pl_exl_are_going_home_01_02_03_TS.xml,S_MTN-HM_1_pl_exl_are_going_home_01_02_03_TS.wav,,2.76,4.29,kuanu'u kue ve'e,,,kwanũʔũ we βɛʔe,,sentence-level-full
S_MTN-HM_3sg_inf_arrive_at_home_here_01_02_03_TS.xml,S_MTN-HM_3sg_inf_arrive_at_home_here_01_02_03_TS.wav,,1,10,tsantitsa'ai,tsa̰ː˥↘nd̪˥itsai˧˩,tsa̰ːnd̪itsai,t͡sa̰a̰ndit͡sai,yes,sentence-level-word
S_MTN-HM_3sg_inf_arrive_at_home_here_01_02_03_TS.xml,S_MTN-HM_3sg_inf_arrive_at_home_here_01_02_03_TS.wav,,10,16,ve'e,vɛ↗ʔ↘e,vɛʔe,vɛʔe,yes,sentence-level-word
S_MTN-HM_3sg_inf_arrive_at_home_here_01_02_03_TS.xml,S_MTN-HM_3sg_inf_arrive_at_home_here_01_02_03_TS.wav,,0,1.87,tsantitsa'ai ve'e,,,t͡sa̰a̰ndit͡sai vɛʔe,,sentence-level-full
S_MTN_3rd_sg_inf_is_going_to_work_01_02_TS.xml,S_MTN_3rd_sg_inf_is_going_to_work_01_02_TS.wav,,1,4,kuun,kũː˥,kũː,kũː,yes,sentence-level-word
S_MTN_3rd_sg_inf_is_going_to_work_01_02_TS.xml,S_MTN_3rd_sg_inf_is_going_to_work_01_02_TS.wav,,4,9,ku'in,k̬˥uʔĩ↘,k̬uʔĩ,k̬uʔĩ,yes,sentence-level-word
S_MTN_3rd_sg_inf_is_going_to_work_01_02_TS.xml,S_MTN_3rd_sg_inf_is_going_to_work_01_02_TS.wav,,9,15,sachui,s˧atʃũĩ˥˧ꜛ,satʃũĩꜛ,sat͡ʃũĩ,yes,sentence-level-word
S_MTN_3rd_sg_inf_is_going_to_work_01_02_TS.xml,S_MTN_3rd_sg_inf_is_going_to_work_01_02_TS.wav,,0,1.55,kuun ku'in sachui,,,kũː k̬uʔĩ sat͡ʃũĩ,,sentence-level-full
S_MTN_3s_inf_was_in_Yucanani_then_went_to_Mixtepec_01_02_03_TS.xml,S_MTN_3s_inf_was_in_Yucanani_then_went_to_Mixtepec_01_02_03_TS.wav,,11,14,ka,ɣa↗,ɣa,ɣa,yes,sentence-level-word
S_MTN_3s_inf_was_in_Yucanani_then_went_to_Mixtepec_01_02_03_TS.xml,S_MTN_3s_inf_was_in_Yucanani_then_went_to_Mixtepec_01_02_03_TS.wav,,20,23,ra,ra˧,ra,ra,yes,sentence-level-word
S_MTN_3s_inf_was_in_Yucanani_then_went_to_Mixtepec_01_02_03_TS.xml,S_MTN_3s_inf_was_in_Yucanani_then_went_to_Mixtepec_01_02_03_TS.wav,,29,45,San Juan Mixtepec,sã˩wã˧mstə∙pɛ˥ꜜk,sãwãmstəpɛk,sãwãmstəpɛk,yes,sentence-level-word
S_MTN_3s_inf_was_in_Yucanani_then_went_to_Mixtepec_01_02_03_TS.xml,S_MTN_3s_inf_was_in_Yucanani_then_went_to_Mixtepec_01_02_03_TS.wav,,14,20,inkai,i˥ŋk̬ai↘,iŋk̬ai,iŋk̬ai,yes,sentence-level-word
S_MTN_3s_inf_was_in_Yucanani_then_went_to_Mixtepec_01_02_03_TS.xml,S_MTN_3s_inf_was_in_Yucanani_then_went_to_Mixtepec_01_02_03_TS.wav,,1,11,Yucunani,ju∙k˥una↗ni,jukunani,jukunani,yes,sentence-level-word
S_MTN_3s_inf_was_in_Yucanani_then_went_to_Mixtepec_01_02_03_TS.xml,S_MTN_3s_inf_was_in_Yucanani_then_went_to_Mixtepec_01_02_03_TS.wav,,23,29,ntsa'in,ntsãʔĩ˩,ntsãʔĩ,nt͡sãʔĩ,yes,sentence-level-word
S_MTN_3s_inf_was_in_Yucanani_then_went_to_Mixtepec_01_02_03_TS.xml,S_MTN_3s_inf_was_in_Yucanani_then_went_to_Mixtepec_01_02_03_TS.wav,,3.68,7.07,Yucunani ka inkai ra ntsa'in San Juan Mixtepec,,,jukunani ɣa iŋk̬ai ra nt͡sãʔĩ sãwãmstəpɛk,,sentence-level-full
S_MTN_I_am_walking_through_the_forest_01_02_03_TS.xml,S_MTN_I_am_walking_through_the_forest_01_02_03_TS.wav,,7,13,yuku,ju˥ku↘,juku,juku,yes,sentence-level-word
S_MTN_I_am_walking_through_the_forest_01_02_03_TS.xml,S_MTN_I_am_walking_through_the_forest_01_02_03_TS.wav,,1,7,ma'in,ma↗ʔĩ˥↘,maʔĩ,maʔĩ,yes,sentence-level-word
S_MTN_I_am_walking_through_the_forest_01_02_03_TS.xml,S_MTN_I_am_walking_through_the_forest_01_02_03_TS.wav,,16,23,kua'an,kwã̰˥ʔã↘,kwã̰ʔã,kwã̰ʔã,yes,sentence-level-word
S_MTN_I_am_walking_through_the_forest_01_02_03_TS.xml,S_MTN_I_am_walking_through_the_forest_01_02_03_TS.wav,,13,16,ka,ɣa↗,ɣa,ɣa,yes,sentence-level-word
S_MTN_I_am_walking_through_the_forest_01_02_03_TS.xml,S_MTN_I_am_walking_through_the_forest_01_02_03_TS.wav,,23,28,yu,ju↘,ju,ju,yes,sentence-level-word
S_MTN_I_am_walking_through_the_forest_01_02_03_TS.xml,S_MTN_I_am_walking_through_the_forest_01_02_03_TS.wav,,3.92,5.58,ma'in yuku ka kua'an yu,,,maʔĩ juku ɣa kwã̰ʔã ju,,sentence-level-full
S_MTN_I_passed_over_the_bridge_01_02_03_TS.xml,S_MTN_I_passed_over_the_bridge_01_02_03_TS.wav,,15,22,puente,pwɛ˥nt̪↘e,pwɛnt̪e,pwɛnte,yes,sentence-level-word
S_MTN_I_passed_over_the_bridge_01_02_03_TS.xml,S_MTN_I_passed_over_the_bridge_01_02_03_TS.wav,,1,13,tsani ya'a yu,tsa˥ni˩ja∙ʔa˩,tsanijaʔa,t͡sanijaʔa,yes,sentence-level-word
S_MTN_I_passed_over_the_bridge_01_02_03_TS.xml,S_MTN_I_passed_over_the_bridge_01_02_03_TS.wav,,13,15,nuu,nũː↘↗ꜜ,nũː,nũː,yes,sentence-level-word
S_MTN_I_passed_over_the_bridge_01_02_03_TS.xml,S_MTN_I_passed_over_the_bridge_01_02_03_TS.wav,,22,73,ka,k̬a∙,k̬a,k̬a,yes,sentence-level-word
S_MTN_I_passed_over_the_bridge_01_02_03_TS.xml,S_MTN_I_passed_over_the_bridge_01_02_03_TS.wav,,0,2.14,tsani ya'a yu nuu puente ka,,,t͡sanijaʔa nũː pwɛnte k̬a,,sentence-level-full
S_MTN_dog_walk_towards_children_01_02_TS.xml,S_MTN_dog_walk_towards_children_01_02_TS.wav,,7,12,tina,t̪i˥na˩,t̪ina,tina,yes,sentence-level-word
S_MTN_dog_walk_towards_children_01_02_TS.xml,S_MTN_dog_walk_towards_children_01_02_TS.wav,,1,7,tsika,tsi˩ka˥,tsika,t͡sika,yes,sentence-level-word
S_MTN_dog_walk_towards_children_01_02_TS.xml,S_MTN_dog_walk_towards_children_01_02_TS.wav,,15,22,kua'in,kwã˥ʔĩ˧,kwãʔĩ,kwãʔĩ,yes,sentence-level-word
S_MTN_dog_walk_towards_children_01_02_TS.xml,S_MTN_dog_walk_towards_children_01_02_TS.wav,,12,15,ka,ɣa˥,ɣa,ɣa,yes,sentence-level-word
S_MTN_dog_walk_towards_children_01_02_TS.xml,S_MTN_dog_walk_towards_children_01_02_TS.wav,,22,28,chinuu,tʃi˩nũː∙,tʃinũː,t͡ʃinũː,yes,sentence-level-word
S_MTN_dog_walk_towards_children_01_02_TS.xml,S_MTN_dog_walk_towards_children_01_02_TS.wav,,28,32,inkaa,ŋk̬aː↘,ŋk̬aː,ŋk̬aa,yes,sentence-level-word
S_MTN_dog_walk_towards_children_01_02_TS.xml,S_MTN_dog_walk_towards_children_01_02_TS.wav,,32,75,suluu,su˥luː˥ꜜ,suluː,suluu,yes,sentence-level-word
S_MTN_dog_walk_towards_children_01_02_TS.xml,S_MTN_dog_walk_towards_children_01_02_TS.wav,,0,2.77,tsika tina ka kua'in chinuu inkaa suluu,,,t͡sika tina ɣa kwãʔĩ t͡ʃinũː ŋk̬aa suluu,,sentence-level-full
S_MTN_dog_walk_towards_children_01_02_TS.xml,S_MTN_dog_walk_towards_children_01_02_TS.wav,,67,78,suluu,su˥Luː˥ꜜ,suLuː,suluu,yes,sentence-level-word
S_MTN_dog_walk_towards_children_01_02_TS.xml,S_MTN_dog_walk_towards_children_01_02_TS.wav,,53,59,kua'in,kwã˥ʔ˧ĩ,kwãʔĩ,kwãʔĩ,yes,sentence-level-word
S_MTN_dog_walk_towards_children_01_02_TS.xml,S_MTN_dog_walk_towards_children_01_02_TS.wav,,38,44,tsika,tsi˩ka˥,tsika,t͡sika,yes,sentence-level-word
S_MTN_dog_walk_towards_children_01_02_TS.xml,S_MTN_dog_walk_towards_children_01_02_TS.wav,,50,53,ka,ɣa↗ꜜ,ɣa,ɣa,yes,sentence-level-word
S_MTN_dog_walk_towards_children_01_02_TS.xml,S_MTN_dog_walk_towards_children_01_02_TS.wav,,44,50,tina,t̪i˥na˩,t̪ina,tina,yes,sentence-level-word
S_MTN_dog_walk_towards_children_01_02_TS.xml,S_MTN_dog_walk_towards_children_01_02_TS.wav,,63,67,inkaa,ŋk̬aː↘,ŋk̬aː,ŋk̬aa,yes,sentence-level-word
S_MTN_dog_walk_towards_children_01_02_TS.xml,S_MTN_dog_walk_towards_children_01_02_TS.wav,,59,63,chinuu,tʃ˩in↘ũː,tʃinũː,t͡ʃinũː,yes,sentence-level-word
S_MTN_dog_walk_towards_children_01_02_TS.xml,S_MTN_dog_walk_towards_children_01_02_TS.wav,,2.77,5.78,tsika tina ka kua'in chinuu inkaa suluu,,,t͡sika tina ɣa kwãʔĩ t͡ʃinũː ŋk̬aa suluu,,sentence-level-full
S_MTN_dogs_walk_PROG_away-from_eachother_01_02_03_TS.xml,S_MTN_dogs_walk_PROG_away-from_eachother_01_02_03_TS.wav,,10,14,kua'an,kwã̰∙,kwã̰,kwã̰,yes,sentence-level-word
S_MTN_dogs_walk_PROG_away-from_eachother_01_02_03_TS.xml,S_MTN_dogs_walk_PROG_away-from_eachother_01_02_03_TS.wav,,20,25,ka,ɣa↗,ɣa,ɣa,yes,sentence-level-word
S_MTN_dogs_walk_PROG_away-from_eachother_01_02_03_TS.xml,S_MTN_dogs_walk_PROG_away-from_eachother_01_02_03_TS.wav,,14,20,tina,t̪i˧na˧,t̪ina,tina,yes,sentence-level-word
S_MTN_dogs_walk_PROG_away-from_eachother_01_02_03_TS.xml,S_MTN_dogs_walk_PROG_away-from_eachother_01_02_03_TS.wav,,1,3,iin,ĩː˥ꜜ,ĩː,ĩː,yes,sentence-level-word
S_MTN_dogs_walk_PROG_away-from_eachother_01_02_03_TS.xml,S_MTN_dogs_walk_PROG_away-from_eachother_01_02_03_TS.wav,,3,10,ntsitsio,tsi˩tsjo˧,tsitsjo,t͡sit͡sjo,yes,sentence-level-word
S_MTN_dogs_walk_PROG_away-from_eachother_01_02_03_TS.xml,S_MTN_dogs_walk_PROG_away-from_eachother_01_02_03_TS.wav,,0,1.63,iin ntsitsio kua'an tina ka,,,ĩː t͡sit͡sjo kwã̰ tina ɣa,,sentence-level-full
S_MTN_the_elders_are_coming_01_02_03_TS.xml,S_MTN_the_elders_are_coming_01_02_03_TS.wav,,1,7,vatsi,βa˩tsi˥,βatsi,βat͡si,yes,sentence-level-word
S_MTN_the_elders_are_coming_01_02_03_TS.xml,S_MTN_the_elders_are_coming_01_02_03_TS.wav,,7,10,kue,we˧,we,we,yes,sentence-level-word
S_MTN_the_elders_are_coming_01_02_03_TS.xml,S_MTN_the_elders_are_coming_01_02_03_TS.wav,,18,21,ka,ɣ↗a,ɣa,ɣa,yes,sentence-level-word
S_MTN_the_elders_are_coming_01_02_03_TS.xml,S_MTN_the_elders_are_coming_01_02_03_TS.wav,,10,18,chantsa'nu,tʃa↘tsa˥n↘↗u,tʃatsanu,t͡ʃat͡sanu,yes,sentence-level-word
S_MTN_the_elders_are_coming_01_02_03_TS.xml,S_MTN_the_elders_are_coming_01_02_03_TS.wav,,3.49,5.09,vatsi kue chantsa'nu ka,,,βat͡si we t͡ʃat͡sanu ɣa,,sentence-level-full
S_MTN_the_elders_are_returning_01_02_03_TS.xml,S_MTN_the_elders_are_returning_01_02_03_TS.wav,,1,10,ntanchiko,ⁿt̪a˧ndʒ˥iko˥,ⁿt̪andʒiko,ntand͡ʒiko,yes,sentence-level-word
S_MTN_the_elders_are_returning_01_02_03_TS.xml,S_MTN_the_elders_are_returning_01_02_03_TS.wav,,13,23,chantsa'nu,tʃa↘tsa˥ʔnu↘↗,tʃatsaʔnu,t͡ʃat͡saʔnu,yes,sentence-level-word
S_MTN_the_elders_are_returning_01_02_03_TS.xml,S_MTN_the_elders_are_returning_01_02_03_TS.wav,,23,26,ka,ɣa↗,ɣa,ɣa,yes,sentence-level-word
S_MTN_the_elders_are_returning_01_02_03_TS.xml,S_MTN_the_elders_are_returning_01_02_03_TS.wav,,10,13,kue,we˧,we,we,yes,sentence-level-word
S_MTN_the_elders_are_returning_01_02_03_TS.xml,S_MTN_the_elders_are_returning_01_02_03_TS.wav,,3.50,5.44,ntanchiko kue chantsa'nu ka,,,ntand͡ʒiko we t͡ʃat͡saʔnu ɣa,,sentence-level-full
S_MTN_the_elders_come_here_03_04_TS.xml,S_MTN_the_elders_come_here_03_04_TS.wav,,7,10,kue,we˧,we,we,yes,sentence-level-word
S_MTN_the_elders_come_here_03_04_TS.xml,S_MTN_the_elders_come_here_03_04_TS.wav,,21,24,ka,ɣa↗ꜜ,ɣa,ɣa,yes,sentence-level-word
S_MTN_the_elders_come_here_03_04_TS.xml,S_MTN_the_elders_come_here_03_04_TS.wav,,10,21,chantsa'nu,tʃa↘ntza˥ʔnu↘↗ꜜ,tʃantzaʔnu,t͡ʃantzaʔnu,yes,sentence-level-word
S_MTN_the_elders_come_here_03_04_TS.xml,S_MTN_the_elders_come_here_03_04_TS.wav,,24,32,yo'o,jo˥ʔo˧,joʔo,joʔo,yes,sentence-level-word
S_MTN_the_elders_come_here_03_04_TS.xml,S_MTN_the_elders_come_here_03_04_TS.wav,,1,7,kitsi,ki˥tsi↘,kitsi,kit͡si,yes,sentence-level-word
S_MTN_the_elders_come_here_03_04_TS.xml,S_MTN_the_elders_come_here_03_04_TS.wav,,2.02,4.63,kitsi kue chantsa'nu ka yo'o,,,kit͡si we t͡ʃantzaʔnu ɣa joʔo,,sentence-level-full
S_MTN_the_goat_jumped_over_the_armadillo_01_02_03_TS.xml,S_MTN_the_goat_jumped_over_the_armadillo_01_02_03_TS.wav,,17,20,ka,ɣa↗ꜜ,ɣa,ɣa,yes,sentence-level-word
S_MTN_the_goat_jumped_over_the_armadillo_01_02_03_TS.xml,S_MTN_the_goat_jumped_over_the_armadillo_01_02_03_TS.wav,,10,17,ntucha,nd̪u˥tʃa˥,nd̪utʃa,ndut͡ʃa,yes,sentence-level-word
S_MTN_the_goat_jumped_over_the_armadillo_01_02_03_TS.xml,S_MTN_the_goat_jumped_over_the_armadillo_01_02_03_TS.wav,,20,25,sata,sa∙t̪˩a,sat̪a,sata,yes,sentence-level-word
S_MTN_the_goat_jumped_over_the_armadillo_01_02_03_TS.xml,S_MTN_the_goat_jumped_over_the_armadillo_01_02_03_TS.wav,,4,10,kanta,k˩anda˥,kanda,kanda,yes,sentence-level-word
S_MTN_the_goat_jumped_over_the_armadillo_01_02_03_TS.xml,S_MTN_the_goat_jumped_over_the_armadillo_01_02_03_TS.wav,,1,4,ni,ni˩,ni,ni,yes,sentence-level-word
S_MTN_the_goat_jumped_over_the_armadillo_01_02_03_TS.xml,S_MTN_the_goat_jumped_over_the_armadillo_01_02_03_TS.wav,,25,33,yakui,ja˧kwi↗,jakwi,jakwi,yes,sentence-level-word
S_MTN_the_goat_jumped_over_the_armadillo_01_02_03_TS.xml,S_MTN_the_goat_jumped_over_the_armadillo_01_02_03_TS.wav,,0,3.25,ni kanta ntucha ka sata yakui,,,ni kanda ndut͡ʃa ɣa sata jakwi,,sentence-level-full
S_MTN_walk_then_go_left_then_go_right_01_02_03_TS.xml,S_MTN_walk_then_go_left_then_go_right_01_02_03_TS.wav,,7,10,ra,ra˩,ra,ra,yes,sentence-level-word
S_MTN_walk_then_go_left_then_go_right_01_02_03_TS.xml,S_MTN_walk_then_go_left_then_go_right_01_02_03_TS.wav,,10,16,ku'un,kṵ̃↘ʔũ↗,kṵ̃ʔũ,kṵ̃ʔũ,yes,sentence-level-word
S_MTN_walk_then_go_left_then_go_right_01_02_03_TS.xml,S_MTN_walk_then_go_left_then_go_right_01_02_03_TS.wav,,26,29,ra,ra˩,ra,ra,yes,sentence-level-word
S_MTN_walk_then_go_left_then_go_right_01_02_03_TS.xml,S_MTN_walk_then_go_left_then_go_right_01_02_03_TS.wav,,16,26,nta'a sachi,nda̰ː˩↗sa˥tʃi˩,nda̰ːsatʃi,nda̰a̰sat͡ʃi,yes,sentence-level-word
S_MTN_walk_then_go_left_then_go_right_01_02_03_TS.xml,S_MTN_walk_then_go_left_then_go_right_01_02_03_TS.wav,,29,34,ku'un,k↘ṵ̃ʔũ↗,kṵ̃ʔũ,kṵ̃ʔũ,yes,sentence-level-word
S_MTN_walk_then_go_left_then_go_right_01_02_03_TS.xml,S_MTN_walk_then_go_left_then_go_right_01_02_03_TS.wav,,1,7,kua'an,kã˥ʔã↘,kãʔã,kãʔã,yes,sentence-level-word
S_MTN_walk_then_go_left_then_go_right_01_02_03_TS.xml,S_MTN_walk_then_go_left_then_go_right_01_02_03_TS.wav,,34,50,nta'a kua'a,ndaː↘↗ꜜkwa˩ʔa↗,ndaːkwaʔa,ndaakwaʔa,yes,sentence-level-word
S_MTN_walk_then_go_left_then_go_right_01_02_03_TS.xml,S_MTN_walk_then_go_left_then_go_right_01_02_03_TS.wav,,0,4.57,kua'an ra ku'un nta'a sachi ra ku'un nta'a kua'a,,,kãʔã ra kṵ̃ʔũ nda̰a̰sat͡ʃi ra kṵ̃ʔũ ndaakwaʔa,,sentence-level-full
S_QNTY_few_people_ate_01_02_03_TS.xml,S_QNTY_few_people_ate_01_02_03_TS.wav,,1,7,xoona,ʃoː↘↗na↘,ʃoːna,ʃoona,yes,sentence-level-word
S_QNTY_few_people_ate_01_02_03_TS.xml,S_QNTY_few_people_ate_01_02_03_TS.wav,,7,33,ntsitsa'a,nts˩itsa̰∙ʔa̰˩,ntsitsa̰ʔa̰,nt͡sit͡saʔa̰,yes,sentence-level-word
S_QNTY_few_people_ate_01_02_03_TS.xml,S_QNTY_few_people_ate_01_02_03_TS.wav,,0,1.49,xoona ntsitsa'a,,,ʃoona nt͡sit͡saʔa̰,,sentence-level-full
S_QNTY_few_people_ate_01_02_03_TS.xml,S_QNTY_few_people_ate_01_02_03_TS.wav,,22,32,ntsitsa'a,ntsi∙tsa̰˩ʔa˧,ntsitsa̰ʔa,nt͡sit͡saʔa,yes,sentence-level-word
S_QNTY_few_people_ate_01_02_03_TS.xml,S_QNTY_few_people_ate_01_02_03_TS.wav,,16,22,xoona,ʃoː↘↗na˩,ʃoːna,ʃoona,yes,sentence-level-word
S_QNTY_few_people_ate_01_02_03_TS.xml,S_QNTY_few_people_ate_01_02_03_TS.wav,,3.34,4.57,xoona ntsitsa'a,,,ʃoona nt͡sit͡saʔa,,sentence-level-full
S_QNTY_nobody_went_3rd_sg_form_home_01_spkrTS.xml,S_QNTY_nobody_went_3rd_sg_form_home_01_spkrTS.wav,,14,21,ve'e,βɛ̰∙ʔe∙,βɛ̰ʔe,βɛʔe,yes,sentence-level-word
S_QNTY_nobody_went_3rd_sg_form_home_01_spkrTS.xml,S_QNTY_nobody_went_3rd_sg_form_home_01_spkrTS.wav,,1,6,koona,koː↘↗n˥a,koːna,koona,yes,sentence-level-word
S_QNTY_nobody_went_3rd_sg_form_home_01_spkrTS.xml,S_QNTY_nobody_went_3rd_sg_form_home_01_spkrTS.wav,,9,14,nu'u,n˥uʔu↘,nuʔu,nuʔu,yes,sentence-level-word
S_QNTY_nobody_went_3rd_sg_form_home_01_spkrTS.xml,S_QNTY_nobody_went_3rd_sg_form_home_01_spkrTS.wav,,6,9,ni,ni˩,ni,ni,yes,sentence-level-word
S_QNTY_nobody_went_3rd_sg_form_home_01_spkrTS.xml,S_QNTY_nobody_went_3rd_sg_form_home_01_spkrTS.wav,,0,1.80,koona ni nu'u ve'e,,,koona ni nuʔu βɛʔe,,sentence-level-full
S_Q_I_heard_your_car_broke_down_ANS_yes_it_did_01_JS.xml,S_Q_I_heard_your_car_broke_down_ANS_yes_it_did_01_JS.wav,,1,3,aan,aː˧,aː,aa,yes,sentence-level-word
S_Q_I_heard_your_car_broke_down_ANS_yes_it_did_01_JS.xml,S_Q_I_heard_your_car_broke_down_ANS_yes_it_did_01_JS.wav,,3,12,ntivia,nd̪i˩via˥˩,nd̪ivia,ndivia,yes,sentence-level-word
S_Q_I_heard_your_car_broke_down_ANS_yes_it_did_01_JS.xml,S_Q_I_heard_your_car_broke_down_ANS_yes_it_did_01_JS.wav,,0,1.76,aan ntivia,,,aa ndivia,,sentence-level-full
S_Q_I_heard_your_car_broke_down_ANS_yes_it_did_02_JS.xml,S_Q_I_heard_your_car_broke_down_ANS_yes_it_did_02_JS.wav,,1,3,aan,ãː˩,ãː,ãː,yes,sentence-level-word
S_Q_I_heard_your_car_broke_down_ANS_yes_it_did_02_JS.xml,S_Q_I_heard_your_car_broke_down_ANS_yes_it_did_02_JS.wav,,3,12,ntivia,ndi˩via˥↘,ndivia,ndivia,yes,sentence-level-word
S_Q_I_heard_your_car_broke_down_ANS_yes_it_did_02_JS.xml,S_Q_I_heard_your_car_broke_down_ANS_yes_it_did_02_JS.wav,,0,1.64,aan ntivia,,,ãː ndivia,,sentence-level-full
S_Q_WH-what_happened_to_your_car_2s_inf_02_JS.xml,S_Q_WH-what_happened_to_your_car_2s_inf_02_JS.wav,,1,5,nchii,nʤiː↘,nʤiː,nd͡ʒii,yes,sentence-level-word
S_Q_WH-what_happened_to_your_car_2s_inf_02_JS.xml,S_Q_WH-what_happened_to_your_car_2s_inf_02_JS.wav,,5,12,nto'o,ndo̰↘ʔ↗o̰,ndo̰ʔo̰,ndoʔo̰,yes,sentence-level-word
S_Q_WH-what_happened_to_your_car_2s_inf_02_JS.xml,S_Q_WH-what_happened_to_your_car_2s_inf_02_JS.wav,,12,18,karru,ka˥ru↘,karu,karu,yes,sentence-level-word
S_Q_WH-what_happened_to_your_car_2s_inf_02_JS.xml,S_Q_WH-what_happened_to_your_car_2s_inf_02_JS.wav,,18,22,ku,ɣu↗,ɣu,ɣu,yes,sentence-level-word
S_Q_WH-what_happened_to_your_car_2s_inf_02_JS.xml,S_Q_WH-what_happened_to_your_car_2s_inf_02_JS.wav,,0,2.10,nchii nto'o karru ku,,,nd͡ʒii ndoʔo̰ karu ɣu,,sentence-level-full
S_Q_WH_TEMP_what_time_want_2nd_sg_V_eat_01_02_03_TS.xml,S_Q_WH_TEMP_what_time_want_2nd_sg_V_eat_01_02_03_TS.wav,,1,10,nchi ora,ndʒi˥o↗ra↘,ndʒiora,nd͡ʒiora,yes,sentence-level-word
S_Q_WH_TEMP_what_time_want_2nd_sg_V_eat_01_02_03_TS.xml,S_Q_WH_TEMP_what_time_want_2nd_sg_V_eat_01_02_03_TS.wav,,16,25,katsa'mo,ka˩tsmo↗,katsmo,kat͡smo,yes,sentence-level-word
S_Q_WH_TEMP_what_time_want_2nd_sg_V_eat_01_02_03_TS.xml,S_Q_WH_TEMP_what_time_want_2nd_sg_V_eat_01_02_03_TS.wav,,10,16,kunu,ku˧nu˩,kunu,kunu,yes,sentence-level-word
S_Q_WH_TEMP_what_time_want_2nd_sg_V_eat_01_02_03_TS.xml,S_Q_WH_TEMP_what_time_want_2nd_sg_V_eat_01_02_03_TS.wav,,4.32,6.39,nchi ora kunu katsa'mo,,,nd͡ʒiora kunu kat͡smo,,sentence-level-full
S_Q_WH_who_read_a_book_COMPL_01_JS.xml,S_Q_WH_who_read_a_book_COMPL_01_JS.wav,,18,25,libru,li↗bru↘,libru,libru,yes,sentence-level-word
S_Q_WH_who_read_a_book_COMPL_01_JS.xml,S_Q_WH_who_read_a_book_COMPL_01_JS.wav,,10,16,ka'vi,ka˥ꜜvi↘,kavi,kavi,yes,sentence-level-word
S_Q_WH_who_read_a_book_COMPL_01_JS.xml,S_Q_WH_who_read_a_book_COMPL_01_JS.wav,,6,10,ni,ni↘,ni,ni,yes,sentence-level-word
S_Q_WH_who_read_a_book_COMPL_01_JS.xml,S_Q_WH_who_read_a_book_COMPL_01_JS.wav,,16,18,in,ĩː˥,ĩː,ĩː,yes,sentence-level-word
S_Q_WH_who_read_a_book_COMPL_01_JS.xml,S_Q_WH_who_read_a_book_COMPL_01_JS.wav,,1,6,ana,ã˥nã↘,ãnã,ãnã,yes,sentence-level-word
S_Q_WH_who_read_a_book_COMPL_01_JS.xml,S_Q_WH_who_read_a_book_COMPL_01_JS.wav,,0,2.16,ana ni ka'vi in libru,,,ãnã ni kavi ĩː libru,,sentence-level-full
S_Q_Y-N_is_it_raining_01_spkrTS.xml,S_Q_Y-N_is_it_raining_01_spkrTS.wav,,1,3,A,a∙,a,a,yes,sentence-level-word
S_Q_Y-N_is_it_raining_01_spkrTS.xml,S_Q_Y-N_is_it_raining_01_spkrTS.wav,,3,6,kuun,kũː˥↘,kũː,kũː,yes,sentence-level-word
S_Q_Y-N_is_it_raining_01_spkrTS.xml,S_Q_Y-N_is_it_raining_01_spkrTS.wav,,6,13,savi,sa∙vi↗,savi,savi,yes,sentence-level-word
S_Q_Y-N_is_it_raining_01_spkrTS.xml,S_Q_Y-N_is_it_raining_01_spkrTS.wav,,0,1.09,A kuun savi,,,a kũː savi,,sentence-level-full
S_Q_Y-N_is_it_raining_02_spkrTS.xml,S_Q_Y-N_is_it_raining_02_spkrTS.wav,,1,2,A,a˥,a,a,yes,sentence-level-word
S_Q_Y-N_is_it_raining_02_spkrTS.xml,S_Q_Y-N_is_it_raining_02_spkrTS.wav,,2,5,kuun,kũː↘,kũː,kũː,yes,sentence-level-word
S_Q_Y-N_is_it_raining_02_spkrTS.xml,S_Q_Y-N_is_it_raining_02_spkrTS.wav,,5,12,savi,sa↘vi↗,savi,savi,yes,sentence-level-word
S_Q_Y-N_is_it_raining_02_spkrTS.xml,S_Q_Y-N_is_it_raining_02_spkrTS.wav,,0,1.21,A kuun savi,,,a kũː savi,,sentence-level-full
S_Q_Y-N_speak_2nd_sg_inf2_saa_savi_ANS_AFRM_speak_1st_sg_saa_savi_01_spkrTS.xml,S_Q_Y-N_speak_2nd_sg_inf2_saa_savi_ANS_AFRM_speak_1st_sg_saa_savi_01_spkrTS.wav,,3,9,ka'an,kã˥ʔã↘,kãʔã,kãʔã,yes,sentence-level-word
S_Q_Y-N_speak_2nd_sg_inf2_saa_savi_ANS_AFRM_speak_1st_sg_saa_savi_01_spkrTS.xml,S_Q_Y-N_speak_2nd_sg_inf2_saa_savi_ANS_AFRM_speak_1st_sg_saa_savi_01_spkrTS.wav,,1,3,aan,ãː˧,ãː,ãː,yes,sentence-level-word
S_Q_Y-N_speak_2nd_sg_inf2_saa_savi_ANS_AFRM_speak_1st_sg_saa_savi_01_spkrTS.xml,S_Q_Y-N_speak_2nd_sg_inf2_saa_savi_ANS_AFRM_speak_1st_sg_saa_savi_01_spkrTS.wav,,9,11,yu,ju,ju,ju,no,sentence-level-word
S_Q_Y-N_speak_2nd_sg_inf2_saa_savi_ANS_AFRM_speak_1st_sg_saa_savi_01_spkrTS.xml,S_Q_Y-N_speak_2nd_sg_inf2_saa_savi_ANS_AFRM_speak_1st_sg_saa_savi_01_spkrTS.wav,,11,22,sa'an savi,sa̰ː↗sa↘vi↗,sa̰ːsavi,sa̰a̰savi,yes,sentence-level-word
S_Q_Y-N_speak_2nd_sg_inf2_saa_savi_ANS_AFRM_speak_1st_sg_saa_savi_01_spkrTS.xml,S_Q_Y-N_speak_2nd_sg_inf2_saa_savi_ANS_AFRM_speak_1st_sg_saa_savi_01_spkrTS.wav,,0,1.60,aan ka'an yu sa'an savi,,,ãː kãʔã ju sa̰a̰savi,,sentence-level-full
S_Q_do_you_inf_see_me_01_02_spkrTS.xml,S_Q_do_you_inf_see_me_01_02_spkrTS.wav,,1,3,a,a↘,a,a,yes,sentence-level-word
S_Q_do_you_inf_see_me_01_02_spkrTS.xml,S_Q_do_you_inf_see_me_01_02_spkrTS.wav,,9,24,mee,meː↗ꜜ,meː,mee,yes,sentence-level-word
S_Q_do_you_inf_see_me_01_02_spkrTS.xml,S_Q_do_you_inf_see_me_01_02_spkrTS.wav,,3,9,nche'u,ndʒe↗ʔu↘,ndʒeʔu,nd͡ʒeʔu,yes,sentence-level-word
S_Q_do_you_inf_see_me_01_02_spkrTS.xml,S_Q_do_you_inf_see_me_01_02_spkrTS.wav,,0,1.19,a nche'u mee,,,a nd͡ʒeʔu mee,,sentence-level-full
S_Q_do_you_inf_see_me_01_02_spkrTS.xml,S_Q_do_you_inf_see_me_01_02_spkrTS.wav,,14,19,nche'u,ndʒe∙ʔu↘,ndʒeʔu,nd͡ʒeʔu,yes,sentence-level-word
S_Q_do_you_inf_see_me_01_02_spkrTS.xml,S_Q_do_you_inf_see_me_01_02_spkrTS.wav,,12,14,a,a↘,a,a,yes,sentence-level-word
S_Q_do_you_inf_see_me_01_02_spkrTS.xml,S_Q_do_you_inf_see_me_01_02_spkrTS.wav,,19,25,mee,meː↗ꜜ,meː,mee,yes,sentence-level-word
S_Q_do_you_inf_see_me_01_02_spkrTS.xml,S_Q_do_you_inf_see_me_01_02_spkrTS.wav,,1.19,2.37,a nche'u mee,,,a nd͡ʒeʔu mee,,sentence-level-full
S_Q_do_you_inf_see_yourself_ANS_NEG_no_I_dont_see_myself_01_02_spkrTS.xml,S_Q_do_you_inf_see_yourself_ANS_NEG_no_I_dont_see_myself_01_02_spkrTS.wav,,1,6,a'an,ãː˥ʔã˥,ãːʔã,ãːʔã,yes,sentence-level-word
S_Q_do_you_inf_see_yourself_ANS_NEG_no_I_dont_see_myself_01_02_spkrTS.xml,S_Q_do_you_inf_see_yourself_ANS_NEG_no_I_dont_see_myself_01_02_spkrTS.wav,,6,10,kuee,kwe˥,kwe,kwe,yes,sentence-level-word
S_Q_do_you_inf_see_yourself_ANS_NEG_no_I_dont_see_myself_01_02_spkrTS.xml,S_Q_do_you_inf_see_yourself_ANS_NEG_no_I_dont_see_myself_01_02_spkrTS.wav,,17,22,mee,meː↗,meː,mee,yes,sentence-level-word
S_Q_do_you_inf_see_yourself_ANS_NEG_no_I_dont_see_myself_01_02_spkrTS.xml,S_Q_do_you_inf_see_yourself_ANS_NEG_no_I_dont_see_myself_01_02_spkrTS.wav,,10,17,nche'e̠,ntʃɛ↗ʔe↘,ntʃɛʔe,nt͡ʃɛʔe,yes,sentence-level-word
S_Q_do_you_inf_see_yourself_ANS_NEG_no_I_dont_see_myself_01_02_spkrTS.xml,S_Q_do_you_inf_see_yourself_ANS_NEG_no_I_dont_see_myself_01_02_spkrTS.wav,,0,1.86,a'an kuee nche'e̠ mee,,,ãːʔã kwe nt͡ʃɛʔe mee,,sentence-level-full
S_Q_do_you_inf_see_yourself_ANS_yes_I_see_myself_01_02_spkrTS.xml,S_Q_do_you_inf_see_yourself_ANS_yes_I_see_myself_01_02_spkrTS.wav,,1,3,aan,ãː˥,ãː,ãː,yes,sentence-level-word
S_Q_do_you_inf_see_yourself_ANS_yes_I_see_myself_01_02_spkrTS.xml,S_Q_do_you_inf_see_yourself_ANS_yes_I_see_myself_01_02_spkrTS.wav,,9,13,mee,meː↗,meː,mee,yes,sentence-level-word
S_Q_do_you_inf_see_yourself_ANS_yes_I_see_myself_01_02_spkrTS.xml,S_Q_do_you_inf_see_yourself_ANS_yes_I_see_myself_01_02_spkrTS.wav,,3,9,nche'e yu,ntʃ˩ɛ̰ʔe↘,ntʃɛ̰ʔe,nt͡ʃɛʔe,yes,sentence-level-word
S_Q_do_you_inf_see_yourself_ANS_yes_I_see_myself_01_02_spkrTS.xml,S_Q_do_you_inf_see_yourself_ANS_yes_I_see_myself_01_02_spkrTS.wav,,0,1.34,aan nche'e yu mee,,,ãː nt͡ʃɛʔe mee,,sentence-level-full
S_Q_do_you_speak_saa_savi_01_02_spkrTS.xml,S_Q_do_you_speak_saa_savi_01_02_spkrTS.wav,,1,3,a,a˩,a,a,yes,sentence-level-word
S_Q_do_you_speak_saa_savi_01_02_spkrTS.xml,S_Q_do_you_speak_saa_savi_01_02_spkrTS.wav,,3,12,ká'un,kãʔũ↗,kãʔũ,kãʔũ,yes,sentence-level-word
S_Q_do_you_speak_saa_savi_01_02_spkrTS.xml,S_Q_do_you_speak_saa_savi_01_02_spkrTS.wav,,0,1.65,a ká'un,,,a kãʔũ,,sentence-level-full
S_Q_do_you_speak_saa_savi_01_02_spkrTS.xml,S_Q_do_you_speak_saa_savi_01_02_spkrTS.wav,,26,31,savi,sa̰˥ꜜʔã̰↘,sa̰ʔã̰,saʔã̰,yes,sentence-level-word
S_Q_do_you_speak_saa_savi_01_02_spkrTS.xml,S_Q_do_you_speak_saa_savi_01_02_spkrTS.wav,,18,20,a,a∙,a,a,yes,sentence-level-word
S_Q_do_you_speak_saa_savi_01_02_spkrTS.xml,S_Q_do_you_speak_saa_savi_01_02_spkrTS.wav,,20,26,ka'un,kã˥ʔũ˩,kãʔũ,kãʔũ,yes,sentence-level-word
S_Q_do_you_speak_saa_savi_01_02_spkrTS.xml,S_Q_do_you_speak_saa_savi_01_02_spkrTS.wav,,1.65,3.30,a ka'un savi,,,a kãʔũ saʔã̰,,sentence-level-full
S_Q_do_you_speak_saa_savi_ANS_NEG2_I_dont_speak_saa_savi_01_02_spkrTS.xml,S_Q_do_you_speak_saa_savi_ANS_NEG2_I_dont_speak_saa_savi_01_02_spkrTS.wav,,14,25,sa'an savi,sa̰ː∙sa˥vi˩,sa̰ːsavi,sa̰a̰savi,yes,sentence-level-word
S_Q_do_you_speak_saa_savi_ANS_NEG2_I_dont_speak_saa_savi_01_02_spkrTS.xml,S_Q_do_you_speak_saa_savi_ANS_NEG2_I_dont_speak_saa_savi_01_02_spkrTS.wav,,1,5,kuee,kwe˥,kwe,kwe,yes,sentence-level-word
S_Q_do_you_speak_saa_savi_ANS_NEG2_I_dont_speak_saa_savi_01_02_spkrTS.xml,S_Q_do_you_speak_saa_savi_ANS_NEG2_I_dont_speak_saa_savi_01_02_spkrTS.wav,,5,11,ka'an,kã˥ʔã̰∙,kãʔã̰,kãʔã̰,yes,sentence-level-word
S_Q_do_you_speak_saa_savi_ANS_NEG2_I_dont_speak_saa_savi_01_02_spkrTS.xml,S_Q_do_you_speak_saa_savi_ANS_NEG2_I_dont_speak_saa_savi_01_02_spkrTS.wav,,11,14,yu,ju↘,ju,ju,yes,sentence-level-word
S_Q_do_you_speak_saa_savi_ANS_NEG2_I_dont_speak_saa_savi_01_02_spkrTS.xml,S_Q_do_you_speak_saa_savi_ANS_NEG2_I_dont_speak_saa_savi_01_02_spkrTS.wav,,0,1.59,kuee ka'an yu sa'an savi,,,kwe kãʔã̰ ju sa̰a̰savi,,sentence-level-full
S_Q_do_you_speak_saa_savi_ANS_NEG_I_dont_speak_saa_savi_01_02_spkrTS.xml,S_Q_do_you_speak_saa_savi_ANS_NEG_I_dont_speak_saa_savi_01_02_spkrTS.wav,,18,30,sa'an savi,sã̰ː∙sa˧vi↗,sã̰ːsavi,sã̰ːsavi,yes,sentence-level-word
S_Q_do_you_speak_saa_savi_ANS_NEG_I_dont_speak_saa_savi_01_02_spkrTS.xml,S_Q_do_you_speak_saa_savi_ANS_NEG_I_dont_speak_saa_savi_01_02_spkrTS.wav,,15,18,yu,ju↘,ju,ju,yes,sentence-level-word
S_Q_do_you_speak_saa_savi_ANS_NEG_I_dont_speak_saa_savi_01_02_spkrTS.xml,S_Q_do_you_speak_saa_savi_ANS_NEG_I_dont_speak_saa_savi_01_02_spkrTS.wav,,6,9,kuee,kw↘e,kwe,kwe,yes,sentence-level-word
S_Q_do_you_speak_saa_savi_ANS_NEG_I_dont_speak_saa_savi_01_02_spkrTS.xml,S_Q_do_you_speak_saa_savi_ANS_NEG_I_dont_speak_saa_savi_01_02_spkrTS.wav,,9,15,ka'an,kã̰∙ʔa˧,kã̰ʔa,kã̰ʔa,yes,sentence-level-word
S_Q_do_you_speak_saa_savi_ANS_NEG_I_dont_speak_saa_savi_01_02_spkrTS.xml,S_Q_do_you_speak_saa_savi_ANS_NEG_I_dont_speak_saa_savi_01_02_spkrTS.wav,,1,6,a'an,ã˧ʔã↗↘,ãʔã,ãʔã,yes,sentence-level-word
S_Q_do_you_speak_saa_savi_ANS_NEG_I_dont_speak_saa_savi_01_02_spkrTS.xml,S_Q_do_you_speak_saa_savi_ANS_NEG_I_dont_speak_saa_savi_01_02_spkrTS.wav,,0,2.10,a'an kuee ka'an yu sa'an savi,,,ãʔã kwe kã̰ʔa ju sã̰ːsavi,,sentence-level-full
S_Q_do_you_speak_saa_savi_ANS_yes_I_speak_saa_savi_01_02_spkrTS.xml,S_Q_do_you_speak_saa_savi_ANS_yes_I_speak_saa_savi_01_02_spkrTS.wav,,3,8,ka'an,k˥ã̰ʔã̰˧,kã̰ʔã̰,kã̰ʔã̰,yes,sentence-level-word
S_Q_do_you_speak_saa_savi_ANS_yes_I_speak_saa_savi_01_02_spkrTS.xml,S_Q_do_you_speak_saa_savi_ANS_yes_I_speak_saa_savi_01_02_spkrTS.wav,,1,3,aan,ãː˧,ãː,ãː,yes,sentence-level-word
S_Q_do_you_speak_saa_savi_ANS_yes_I_speak_saa_savi_01_02_spkrTS.xml,S_Q_do_you_speak_saa_savi_ANS_yes_I_speak_saa_savi_01_02_spkrTS.wav,,11,22,sa'an savi,sã̰ː∙sa˧vi↗,sã̰ːsavi,sã̰ːsavi,yes,sentence-level-word
S_Q_do_you_speak_saa_savi_ANS_yes_I_speak_saa_savi_01_02_spkrTS.xml,S_Q_do_you_speak_saa_savi_ANS_yes_I_speak_saa_savi_01_02_spkrTS.wav,,8,11,yu,ju↘,ju,ju,yes,sentence-level-word
S_Q_do_you_speak_saa_savi_ANS_yes_I_speak_saa_savi_01_02_spkrTS.xml,S_Q_do_you_speak_saa_savi_ANS_yes_I_speak_saa_savi_01_02_spkrTS.wav,,0,1.67,aan ka'an yu sa'an savi,,,ãː kã̰ʔã̰ ju sã̰ːsavi,,sentence-level-full
S_Q_is_it_sunny_today_02_TS.xml,S_Q_is_it_sunny_today_02_TS.wav,,1,3,a,a˥,a,a,yes,sentence-level-word
S_Q_is_it_sunny_today_02_TS.xml,S_Q_is_it_sunny_today_02_TS.wav,,7,16,nikanchii,ni↘ka˩ndʒiː↘↗,nikandʒiː,nikand͡ʒii,yes,sentence-level-word
S_Q_is_it_sunny_today_02_TS.xml,S_Q_is_it_sunny_today_02_TS.wav,,3,7,inkaa,ŋk̬aː↘,ŋk̬aː,ŋk̬aa,yes,sentence-level-word
S_Q_is_it_sunny_today_02_TS.xml,S_Q_is_it_sunny_today_02_TS.wav,,16,22,vichi,vi˩tʃi˧,vitʃi,vit͡ʃi,yes,sentence-level-word
S_Q_is_it_sunny_today_02_TS.xml,S_Q_is_it_sunny_today_02_TS.wav,,0,1.67,a inkaa nikanchii vichi,,,a ŋk̬aa nikand͡ʒii vit͡ʃi,,sentence-level-full
S_Q_what_did_the_boys_eat_01_spkrTS.xml,S_Q_what_did_the_boys_eat_01_spkrTS.wav,,1,4,nchii,ʤi↘,ʤi,d͡ʒi,yes,sentence-level-word
S_Q_what_did_the_boys_eat_01_spkrTS.xml,S_Q_what_did_the_boys_eat_01_spkrTS.wav,,4,10,tsatsi,tsa˩tsi˥,tsatsi,t͡sat͡si,yes,sentence-level-word
S_Q_what_did_the_boys_eat_01_spkrTS.xml,S_Q_what_did_the_boys_eat_01_spkrTS.wav,,13,24,chaluuka,ʧaluː˥ɣa↗,ʧaluːɣa,t͡ʃaluuɣa,yes,sentence-level-word
S_Q_what_did_the_boys_eat_01_spkrTS.xml,S_Q_what_did_the_boys_eat_01_spkrTS.wav,,10,13,kue,wɛ↘,wɛ,wɛ,yes,sentence-level-word
S_Q_what_did_the_boys_eat_01_spkrTS.xml,S_Q_what_did_the_boys_eat_01_spkrTS.wav,,0,1.98,nchii tsatsi kue chaluuka,,,d͡ʒi t͡sat͡si wɛ t͡ʃaluuɣa,,sentence-level-full
S_Q_what_happened_02_spkrTS.xml,S_Q_what_happened_02_spkrTS.wav,,1,5,nchi,nʤiː↘ꜛ,nʤiːꜛ,nd͡ʒii,yes,sentence-level-word
S_Q_what_happened_02_spkrTS.xml,S_Q_what_happened_02_spkrTS.wav,,7,12,kuu,ku↗,ku,ku,yes,sentence-level-word
S_Q_what_happened_02_spkrTS.xml,S_Q_what_happened_02_spkrTS.wav,,5,7,ni,ni↘,ni,ni,yes,sentence-level-word
S_Q_what_happened_02_spkrTS.xml,S_Q_what_happened_02_spkrTS.wav,,0,0.91,nchi ni kuu,,,nd͡ʒii ni ku,,sentence-level-full
S_Q_where_did_Claudia_eat_02_spkrTS.xml,S_Q_where_did_Claudia_eat_02_spkrTS.wav,,14,21,Claudia,klau˧dia˥↘,klaudia,klaudia,yes,sentence-level-word
S_Q_where_did_Claudia_eat_02_spkrTS.xml,S_Q_where_did_Claudia_eat_02_spkrTS.wav,,1,5,nchii,ndʒiː˥,ndʒiː,nd͡ʒii,yes,sentence-level-word
S_Q_where_did_Claudia_eat_02_spkrTS.xml,S_Q_where_did_Claudia_eat_02_spkrTS.wav,,5,8,ntsi,ntsi˩,ntsi,nt͡si,yes,sentence-level-word
S_Q_where_did_Claudia_eat_02_spkrTS.xml,S_Q_where_did_Claudia_eat_02_spkrTS.wav,,8,14,tsa'an,tsã˥ʔã˩,tsãʔã,t͡sãʔã,yes,sentence-level-word
S_Q_where_did_Claudia_eat_02_spkrTS.xml,S_Q_where_did_Claudia_eat_02_spkrTS.wav,,0,2.32,nchii ntsi tsa'an Claudia,,,nd͡ʒii nt͡si t͡sãʔã klaudia,,sentence-level-full
S_Q_who_killed_who_01_spkrTS.xml,S_Q_who_killed_who_01_spkrTS.wav,,7,13,ntsani,ntza˧n↗i,ntzani,ntzani,yes,sentence-level-word
S_Q_who_killed_who_01_spkrTS.xml,S_Q_who_killed_who_01_spkrTS.wav,,1,7,ana,a˥na↘,ana,ana,yes,sentence-level-word
S_Q_who_killed_who_01_spkrTS.xml,S_Q_who_killed_who_01_spkrTS.wav,,15,23,ntsi'i,ntzḭ∙ʔi˩,ntzḭʔi,ntziʔi,yes,sentence-level-word
S_Q_who_killed_who_01_spkrTS.xml,S_Q_who_killed_who_01_spkrTS.wav,,13,15,ña,ɲ˥a,ɲa,ɲa,yes,sentence-level-word
S_Q_who_killed_who_01_spkrTS.xml,S_Q_who_killed_who_01_spkrTS.wav,,23,27,ka,ɣa∙,ɣa,ɣa,yes,sentence-level-word
S_Q_who_killed_who_01_spkrTS.xml,S_Q_who_killed_who_01_spkrTS.wav,,0,1.65,ana ntsani ña ntsi'i ka,,,ana ntzani ɲa ntziʔi ɣa,,sentence-level-full
S_Q_who_killed_who_02_spkrTS.xml,S_Q_who_killed_who_02_spkrTS.wav,,17,23,ntsi'i,ntsḭ∙ʔḭ∙,ntsḭʔḭ,nt͡siʔḭ,yes,sentence-level-word
S_Q_who_killed_who_02_spkrTS.xml,S_Q_who_killed_who_02_spkrTS.wav,,6,14,ntsa'ni,ntsa∙ʔni˥,ntsaʔni,nt͡saʔni,yes,sentence-level-word
S_Q_who_killed_who_02_spkrTS.xml,S_Q_who_killed_who_02_spkrTS.wav,,14,17,ña,ɲa↘,ɲa,ɲa,yes,sentence-level-word
S_Q_who_killed_who_02_spkrTS.xml,S_Q_who_killed_who_02_spkrTS.wav,,1,6,ana,a˧na˥,ana,ana,yes,sentence-level-word
S_Q_who_killed_who_02_spkrTS.xml,S_Q_who_killed_who_02_spkrTS.wav,,23,27,ka,ɣa↗,ɣa,ɣa,yes,sentence-level-word
S_Q_who_killed_who_02_spkrTS.xml,S_Q_who_killed_who_02_spkrTS.wav,,0,1.93,ana ntsa'ni ña ntsi'i ka,,,ana nt͡saʔni ɲa nt͡siʔḭ ɣa,,sentence-level-full
S_Q_who_read_a_book_02_spkrJS.xml,S_Q_who_read_a_book_02_spkrJS.wav,,15,17,in,ĩː˧,ĩː,ĩː,yes,sentence-level-word
S_Q_who_read_a_book_02_spkrJS.xml,S_Q_who_read_a_book_02_spkrJS.wav,,1,6,ana,a˥na˩,ana,ana,yes,sentence-level-word
S_Q_who_read_a_book_02_spkrJS.xml,S_Q_who_read_a_book_02_spkrJS.wav,,6,15,nika'vi,ni˩ka˩ʔvi↗↘,nikaʔvi,nikaʔvi,yes,sentence-level-word
S_Q_who_read_a_book_02_spkrJS.xml,S_Q_who_read_a_book_02_spkrJS.wav,,17,26,libru,li˥bru↘,libru,libru,yes,sentence-level-word
S_Q_who_read_a_book_02_spkrJS.xml,S_Q_who_read_a_book_02_spkrJS.wav,,0,2.29,ana nika'vi in libru,,,ana nikaʔvi ĩː libru,,sentence-level-full
S_STV_there_is_nothing_01_02_03_TS.xml,S_STV_there_is_nothing_01_02_03_TS.wav,,1,4,nia,ni↗ꜜ,ni,ni,yes,sentence-level-word
S_STV_there_is_nothing_01_02_03_TS.xml,S_STV_there_is_nothing_01_02_03_TS.wav,,7,10,koo,koː↘,koː,koo,yes,sentence-level-word
S_STV_there_is_nothing_01_02_03_TS.xml,S_STV_there_is_nothing_01_02_03_TS.wav,,10,16,inkaa,ŋk̬aː˥↘,ŋk̬aː,ŋk̬aa,yes,sentence-level-word
S_STV_there_is_nothing_01_02_03_TS.xml,S_STV_there_is_nothing_01_02_03_TS.wav,,1.58,3.01,nia koo inkaa,,,ni koo ŋk̬aa,,sentence-level-full
S_TEMP_2nd_sg_inf_arrive_early_01_02_03_spkrTS.xml,S_TEMP_2nd_sg_inf_arrive_early_01_02_03_spkrTS.wav,,1,7,na'a,na↗ʔa↘,naʔa,naʔa,yes,sentence-level-word
S_TEMP_2nd_sg_inf_arrive_early_01_02_03_spkrTS.xml,S_TEMP_2nd_sg_inf_arrive_early_01_02_03_spkrTS.wav,,7,10,ni,ni˩,ni,ni,yes,sentence-level-word
S_TEMP_2nd_sg_inf_arrive_early_01_02_03_spkrTS.xml,S_TEMP_2nd_sg_inf_arrive_early_01_02_03_spkrTS.wav,,10,17,kitsau,ki˩tsao↘↗,kitsao,kit͡sao,yes,sentence-level-word
S_TEMP_2nd_sg_inf_arrive_early_01_02_03_spkrTS.xml,S_TEMP_2nd_sg_inf_arrive_early_01_02_03_spkrTS.wav,,0,1.15,na'a ni kitsau,,,naʔa ni kit͡sao,,sentence-level-full
S_TEMP_SML_arrive_1st_pl_01_02_03_spkrTS.xml,S_TEMP_SML_arrive_1st_pl_01_02_03_spkrTS.wav,,1,3,in,ĩː˥,ĩː,ĩː,yes,sentence-level-word
S_TEMP_SML_arrive_1st_pl_01_02_03_spkrTS.xml,S_TEMP_SML_arrive_1st_pl_01_02_03_spkrTS.wav,,9,13,kua,we˧,we,we,yes,sentence-level-word
S_TEMP_SML_arrive_1st_pl_01_02_03_spkrTS.xml,S_TEMP_SML_arrive_1st_pl_01_02_03_spkrTS.wav,,3,9,ntatsaa,nda˧tsaː˩↗,ndatsaː,ndat͡saa,yes,sentence-level-word
S_TEMP_SML_arrive_1st_pl_01_02_03_spkrTS.xml,S_TEMP_SML_arrive_1st_pl_01_02_03_spkrTS.wav,,0,1.07,in ntatsaa kua,,,ĩː ndat͡saa we,,sentence-level-full
S_TEMP_leave_1st_sg_now_01_02_spkrTS.xml,S_TEMP_leave_1st_sg_now_01_02_spkrTS.wav,,15,20,yu,ju↘ꜜ,ju,ju,yes,sentence-level-word
S_TEMP_leave_1st_sg_now_01_02_spkrTS.xml,S_TEMP_leave_1st_sg_now_01_02_spkrTS.wav,,1,9,michuni,mi↘tʃ˥uni˩,mitʃuni,mit͡ʃuni,yes,sentence-level-word
S_TEMP_leave_1st_sg_now_01_02_spkrTS.xml,S_TEMP_leave_1st_sg_now_01_02_spkrTS.wav,,9,15,kunku,kũ˥k̬ũ˧,kũk̬ũ,kũk̬ũ,yes,sentence-level-word
S_TEMP_leave_1st_sg_now_01_02_spkrTS.xml,S_TEMP_leave_1st_sg_now_01_02_spkrTS.wav,,0,2.45,michuni kunku yu,,,mit͡ʃuni kũk̬ũ ju,,sentence-level-full
S_be-unhappy_worried_1s_01_02_TS.xml,S_be-unhappy_worried_1s_01_02_TS.wav,,14,40,ncho'a̠,ndʒo˥ʔa↘,ndʒoʔa,nd͡ʒoʔa,yes,sentence-level-word
S_be-unhappy_worried_1s_01_02_TS.xml,S_be-unhappy_worried_1s_01_02_TS.wav,,1,14,ntakanini,nd̪a˥ka˥nĩ˥nĩ↘,nd̪akanĩnĩ,ndakanĩnĩ,yes,sentence-level-word
S_be-unhappy_worried_1s_01_02_TS.xml,S_be-unhappy_worried_1s_01_02_TS.wav,,0,2.10,ntakanini ncho'a̠,,,ndakanĩnĩ nd͡ʒoʔa,,sentence-level-full
S_be-unhappy_worried_1s_01_02_TS.xml,S_be-unhappy_worried_1s_01_02_TS.wav,,31,41,ncho'a̠,ndʒo˥ʔa↘,ndʒoʔa,nd͡ʒoʔa,yes,sentence-level-word
S_be-unhappy_worried_1s_01_02_TS.xml,S_be-unhappy_worried_1s_01_02_TS.wav,,20,31,ntakanini,nd̪a˥kanini↘,nd̪akanini,ndakanini,yes,sentence-level-word
S_be-unhappy_worried_1s_01_02_TS.xml,S_be-unhappy_worried_1s_01_02_TS.wav,,2.10,4.13,ntakanini ncho'a̠,,,ndakanini nd͡ʒoʔa,,sentence-level-full
S_boil_3pl_form_f_the_meat_01_02_TS.xml,S_boil_3pl_form_f_the_meat_01_02_TS.wav,,1,6,skiti,ski˥ꜜt̪i˧,skit̪i,skiti,yes,sentence-level-word
S_boil_3pl_form_f_the_meat_01_02_TS.xml,S_boil_3pl_form_f_the_meat_01_02_TS.wav,,9,16,kuñu,ku↘ɲũ↘,kuɲũ,kuɲũ,yes,sentence-level-word
S_boil_3pl_form_f_the_meat_01_02_TS.xml,S_boil_3pl_form_f_the_meat_01_02_TS.wav,,6,9,na,na˩,na,na,yes,sentence-level-word
S_boil_3pl_form_f_the_meat_01_02_TS.xml,S_boil_3pl_form_f_the_meat_01_02_TS.wav,,0,1.37,skiti na kuñu,,,skiti na kuɲũ,,sentence-level-full
S_chop_1s_yams_today_01_02_JS.xml,S_chop_1s_yams_today_01_02_JS.wav,,15,43,vichi,βi˩tʃi˥↘,βitʃi,βit͡ʃi,yes,sentence-level-word
S_chop_1s_yams_today_01_02_JS.xml,S_chop_1s_yams_today_01_02_JS.wav,,1,8,skuachi̠,skwa˥tʃi↘,skwatʃi,skwat͡ʃi,yes,sentence-level-word
S_chop_1s_yams_today_01_02_JS.xml,S_chop_1s_yams_today_01_02_JS.wav,,8,15,ña'mi,ɲa↗ʔmi˩,ɲaʔmi,ɲaʔmi,yes,sentence-level-word
S_chop_1s_yams_today_01_02_JS.xml,S_chop_1s_yams_today_01_02_JS.wav,,0,1.98,skuachi̠ ña'mi vichi,,,skwat͡ʃi ɲaʔmi βit͡ʃi,,sentence-level-full
S_chop_1s_yams_today_01_02_JS.xml,S_chop_1s_yams_today_01_02_JS.wav,,21,28,skuachi̠,skwa˥tʃi↘,skwatʃi,skwat͡ʃi,yes,sentence-level-word
S_chop_1s_yams_today_01_02_JS.xml,S_chop_1s_yams_today_01_02_JS.wav,,28,35,ña'mi,ɲa↗ʔmi↘,ɲaʔmi,ɲaʔmi,yes,sentence-level-word
S_chop_1s_yams_today_01_02_JS.xml,S_chop_1s_yams_today_01_02_JS.wav,,35,44,vichi,βi˩tʃi˥↘,βitʃi,βit͡ʃi,yes,sentence-level-word
S_chop_1s_yams_today_01_02_JS.xml,S_chop_1s_yams_today_01_02_JS.wav,,1.98,3.95,skuachi̠ ña'mi vichi,,,skwat͡ʃi ɲaʔmi βit͡ʃi,,sentence-level-full
S_chop_1st_sg_Fut_yams_01_spkrJS.xml,S_chop_1st_sg_Fut_yams_01_spkrJS.wav,,1,4,kuun,kũ˥,kũ,kũ,yes,sentence-level-word
S_chop_1st_sg_Fut_yams_01_spkrJS.xml,S_chop_1st_sg_Fut_yams_01_spkrJS.wav,,4,11,skuachi̠,skwa↘↗tʃi↘,skwatʃi,skwat͡ʃi,yes,sentence-level-word
S_chop_1st_sg_Fut_yams_01_spkrJS.xml,S_chop_1st_sg_Fut_yams_01_spkrJS.wav,,11,20,ña'mi,ɲã˥ʔmi↘,ɲãʔmi,ɲãʔmi,yes,sentence-level-word
S_chop_1st_sg_Fut_yams_01_spkrJS.xml,S_chop_1st_sg_Fut_yams_01_spkrJS.wav,,0,1.29,kuun skuachi̠ ña'mi,,,kũ skwat͡ʃi ɲãʔmi,,sentence-level-full
S_climb_CMPL_the_little_kid_LOC_on_the_rock_01_02_03_TS.xml,S_climb_CMPL_the_little_kid_LOC_on_the_rock_01_02_03_TS.wav,,7,16,chaluuka,tʃa˩luː˥ɣa↗,tʃaluːɣa,t͡ʃaluuɣa,yes,sentence-level-word
S_climb_CMPL_the_little_kid_LOC_on_the_rock_01_02_03_TS.xml,S_climb_CMPL_the_little_kid_LOC_on_the_rock_01_02_03_TS.wav,,19,71,yuu,juː↘↗,juː,juu,yes,sentence-level-word
S_climb_CMPL_the_little_kid_LOC_on_the_rock_01_02_03_TS.xml,S_climb_CMPL_the_little_kid_LOC_on_the_rock_01_02_03_TS.wav,,4,7,kaa,kaː↗↘,kaː,kaa,yes,sentence-level-word
S_climb_CMPL_the_little_kid_LOC_on_the_rock_01_02_03_TS.xml,S_climb_CMPL_the_little_kid_LOC_on_the_rock_01_02_03_TS.wav,,16,19,nuu,nũː↘↗,nũː,nũː,yes,sentence-level-word
S_climb_CMPL_the_little_kid_LOC_on_the_rock_01_02_03_TS.xml,S_climb_CMPL_the_little_kid_LOC_on_the_rock_01_02_03_TS.wav,,1,4,ni,ni˩,ni,ni,yes,sentence-level-word
S_climb_CMPL_the_little_kid_LOC_on_the_rock_01_02_03_TS.xml,S_climb_CMPL_the_little_kid_LOC_on_the_rock_01_02_03_TS.wav,,0,2.83,ni kaa chaluuka nuu yuu,,,ni kaa t͡ʃaluuɣa nũː juu,,sentence-level-full
S_climb_CMPL_the_little_kid_LOC_on_the_rock_01_02_03_TS.xml,S_climb_CMPL_the_little_kid_LOC_on_the_rock_01_02_03_TS.wav,,37,40,nuu,nũː↘↗,nũː,nũː,yes,sentence-level-word
S_climb_CMPL_the_little_kid_LOC_on_the_rock_01_02_03_TS.xml,S_climb_CMPL_the_little_kid_LOC_on_the_rock_01_02_03_TS.wav,,40,72,yuu,juː↘↗,juː,juu,yes,sentence-level-word
S_climb_CMPL_the_little_kid_LOC_on_the_rock_01_02_03_TS.xml,S_climb_CMPL_the_little_kid_LOC_on_the_rock_01_02_03_TS.wav,,22,25,ni,ni˩,ni,ni,yes,sentence-level-word
S_climb_CMPL_the_little_kid_LOC_on_the_rock_01_02_03_TS.xml,S_climb_CMPL_the_little_kid_LOC_on_the_rock_01_02_03_TS.wav,,28,37,chaluuka,tʃa˩lu˥ɣa↗,tʃaluɣa,t͡ʃaluɣa,yes,sentence-level-word
S_climb_CMPL_the_little_kid_LOC_on_the_rock_01_02_03_TS.xml,S_climb_CMPL_the_little_kid_LOC_on_the_rock_01_02_03_TS.wav,,25,28,kaa,kaː↘↗ꜜ,kaː,kaa,yes,sentence-level-word
S_climb_CMPL_the_little_kid_LOC_on_the_rock_01_02_03_TS.xml,S_climb_CMPL_the_little_kid_LOC_on_the_rock_01_02_03_TS.wav,,2.83,5.12,ni kaa chaluuka nuu yuu,,,ni kaa t͡ʃaluɣa nũː juu,,sentence-level-full
S_climb_CMPL_the_little_kid_LOC_on_the_rock_01_02_03_TS.xml,S_climb_CMPL_the_little_kid_LOC_on_the_rock_01_02_03_TS.wav,,61,73,yuu,juː↘↗ꜜ,juː,juu,yes,sentence-level-word
S_climb_CMPL_the_little_kid_LOC_on_the_rock_01_02_03_TS.xml,S_climb_CMPL_the_little_kid_LOC_on_the_rock_01_02_03_TS.wav,,49,58,chaluuka,tʃa˩luː˥ꜜɣa↗,tʃaluːɣa,t͡ʃaluuɣa,yes,sentence-level-word
S_climb_CMPL_the_little_kid_LOC_on_the_rock_01_02_03_TS.xml,S_climb_CMPL_the_little_kid_LOC_on_the_rock_01_02_03_TS.wav,,46,49,kaa,kaː↗↘ꜜ,kaː,kaa,yes,sentence-level-word
S_climb_CMPL_the_little_kid_LOC_on_the_rock_01_02_03_TS.xml,S_climb_CMPL_the_little_kid_LOC_on_the_rock_01_02_03_TS.wav,,58,61,nuu,nũː↘↗,nũː,nũː,yes,sentence-level-word
S_climb_CMPL_the_little_kid_LOC_on_the_rock_01_02_03_TS.xml,S_climb_CMPL_the_little_kid_LOC_on_the_rock_01_02_03_TS.wav,,43,46,ni,ni˩,ni,ni,yes,sentence-level-word
S_climb_CMPL_the_little_kid_LOC_on_the_rock_01_02_03_TS.xml,S_climb_CMPL_the_little_kid_LOC_on_the_rock_01_02_03_TS.wav,,5.12,8.03,ni kaa chaluuka nuu yuu,,,ni kaa t͡ʃaluuɣa nũː juu,,sentence-level-full
S_cockroach_beLOC_under_the_table_01_02_03_TS.xml,S_cockroach_beLOC_under_the_table_01_02_03_TS.wav,,7,13,mesa,me↗sa∙,mesa,mesa,yes,sentence-level-word
S_cockroach_beLOC_under_the_table_01_02_03_TS.xml,S_cockroach_beLOC_under_the_table_01_02_03_TS.wav,,1,7,titsi,d̪i˩tsi˥,d̪itsi,dit͡si,yes,sentence-level-word
S_cockroach_beLOC_under_the_table_01_02_03_TS.xml,S_cockroach_beLOC_under_the_table_01_02_03_TS.wav,,24,106,ntiche'e,ndi˩tʃɛ̰˧ʔɛ↗,nditʃɛ̰ʔɛ,ndit͡ʃɛʔɛ,yes,sentence-level-word
S_cockroach_beLOC_under_the_table_01_02_03_TS.xml,S_cockroach_beLOC_under_the_table_01_02_03_TS.wav,,16,24,kantu'u,ka˧ndu˥ꜜʔ↘u,kanduʔu,kanduʔu,yes,sentence-level-word
S_cockroach_beLOC_under_the_table_01_02_03_TS.xml,S_cockroach_beLOC_under_the_table_01_02_03_TS.wav,,13,16,tsa'an,tsã̰ː˩↗,tsã̰ː,t͡sã̰ː,yes,sentence-level-word
S_cockroach_beLOC_under_the_table_01_02_03_TS.xml,S_cockroach_beLOC_under_the_table_01_02_03_TS.wav,,0,3.89,titsi mesa tsa'an kantu'u ntiche'e,,,dit͡si mesa t͡sã̰ː kanduʔu ndit͡ʃɛʔɛ,,sentence-level-full
S_cockroach_beLOC_under_the_table_01_02_03_TS.xml,S_cockroach_beLOC_under_the_table_01_02_03_TS.wav,,60,107,ntiche'e,ndi˩tʃɛ̰∙ʔɛ↗,nditʃɛ̰ʔɛ,ndit͡ʃɛʔɛ,yes,sentence-level-word
S_cockroach_beLOC_under_the_table_01_02_03_TS.xml,S_cockroach_beLOC_under_the_table_01_02_03_TS.wav,,50,60,kantu'u,ka˧nd̪ṵ∙ʔṵ˥,kand̪ṵʔṵ,kanduʔṵ,yes,sentence-level-word
S_cockroach_beLOC_under_the_table_01_02_03_TS.xml,S_cockroach_beLOC_under_the_table_01_02_03_TS.wav,,47,50,tsa'an,tsã̰ː˩˥,tsã̰ː,t͡sã̰ː,yes,sentence-level-word
S_cockroach_beLOC_under_the_table_01_02_03_TS.xml,S_cockroach_beLOC_under_the_table_01_02_03_TS.wav,,34,41,titsi,d̪i˩tsi˥ꜜ,d̪itsi,dit͡si,yes,sentence-level-word
S_cockroach_beLOC_under_the_table_01_02_03_TS.xml,S_cockroach_beLOC_under_the_table_01_02_03_TS.wav,,41,47,mesa,me↗sa˩,mesa,mesa,yes,sentence-level-word
S_cockroach_beLOC_under_the_table_01_02_03_TS.xml,S_cockroach_beLOC_under_the_table_01_02_03_TS.wav,,3.89,6.77,titsi mesa tsa'an kantu'u ntiche'e,,,dit͡si mesa t͡sã̰ː kanduʔṵ ndit͡ʃɛʔɛ,,sentence-level-full
S_cockroach_beLOC_under_the_table_01_02_03_TS.xml,S_cockroach_beLOC_under_the_table_01_02_03_TS.wav,,82,85,tsa'a,tsãː˩˥,tsãː,t͡sãː,yes,sentence-level-word
S_cockroach_beLOC_under_the_table_01_02_03_TS.xml,S_cockroach_beLOC_under_the_table_01_02_03_TS.wav,,85,93,kantu'u,kndu˥ʔu˩,knduʔu,knduʔu,yes,sentence-level-word
S_cockroach_beLOC_under_the_table_01_02_03_TS.xml,S_cockroach_beLOC_under_the_table_01_02_03_TS.wav,,70,76,titsi,d̪i˩tsi˥,d̪itsi,dit͡si,yes,sentence-level-word
S_cockroach_beLOC_under_the_table_01_02_03_TS.xml,S_cockroach_beLOC_under_the_table_01_02_03_TS.wav,,93,108,ntiche'e,ndi˩tʃɛ˧ʔɛ↗,nditʃɛʔɛ,ndit͡ʃɛʔɛ,yes,sentence-level-word
S_cockroach_beLOC_under_the_table_01_02_03_TS.xml,S_cockroach_beLOC_under_the_table_01_02_03_TS.wav,,76,82,mesa,me˥sa˩,mesa,mesa,yes,sentence-level-word
S_cockroach_beLOC_under_the_table_01_02_03_TS.xml,S_cockroach_beLOC_under_the_table_01_02_03_TS.wav,,6.77,11.01,titsi mesa tsa'a kantu'u ntiche'e,,,dit͡si mesa t͡sãː knduʔu ndit͡ʃɛʔɛ,,sentence-level-full
S_cross-3sinf_the_river_tomorrow_01_02_03_TS.xml,S_cross-3sinf_the_river_tomorrow_01_02_03_TS.wav,,7,13,ya'i,ja˧ʔḭ↗,jaʔḭ,jaʔḭ,yes,sentence-level-word
S_cross-3sinf_the_river_tomorrow_01_02_03_TS.xml,S_cross-3sinf_the_river_tomorrow_01_02_03_TS.wav,,21,24,ka,ɣa↗ꜜ,ɣa,ɣa,yes,sentence-level-word
S_cross-3sinf_the_river_tomorrow_01_02_03_TS.xml,S_cross-3sinf_the_river_tomorrow_01_02_03_TS.wav,,1,7,kuni,ku↘ni˧,kuni,kuni,yes,sentence-level-word
S_cross-3sinf_the_river_tomorrow_01_02_03_TS.xml,S_cross-3sinf_the_river_tomorrow_01_02_03_TS.wav,,15,21,yucha,ju↘tʃa∙,jutʃa,jut͡ʃa,yes,sentence-level-word
S_cross-3sinf_the_river_tomorrow_01_02_03_TS.xml,S_cross-3sinf_the_river_tomorrow_01_02_03_TS.wav,,24,28,xchaan,ʃãː↘↗,ʃãː,ʃãː,yes,sentence-level-word
S_cross-3sinf_the_river_tomorrow_01_02_03_TS.xml,S_cross-3sinf_the_river_tomorrow_01_02_03_TS.wav,,13,15,nuu,n↘↗ꜜũ,nũ,nũ,yes,sentence-level-word
S_cross-3sinf_the_river_tomorrow_01_02_03_TS.xml,S_cross-3sinf_the_river_tomorrow_01_02_03_TS.wav,,6.47,8.47,kuni ya'i nuu yucha ka xchaan,,,kuni jaʔḭ nũ jut͡ʃa ɣa ʃãː,,sentence-level-full
S_cross-3sinf_the_river_yesterday_01_02_03_TS.xml,S_cross-3sinf_the_river_yesterday_01_02_03_TS.wav,,21,32,ta'ikuñu,t̪ai˥↘kũ˧ɲũː↘,t̪aikũɲũː,taikũɲũː,yes,sentence-level-word
S_cross-3sinf_the_river_yesterday_01_02_03_TS.xml,S_cross-3sinf_the_river_yesterday_01_02_03_TS.wav,,18,21,ka,ɣa↗,ɣa,ɣa,yes,sentence-level-word
S_cross-3sinf_the_river_yesterday_01_02_03_TS.xml,S_cross-3sinf_the_river_yesterday_01_02_03_TS.wav,,12,18,yucha,ju˥tʃa˩↗,jutʃa,jut͡ʃa,yes,sentence-level-word
S_cross-3sinf_the_river_yesterday_01_02_03_TS.xml,S_cross-3sinf_the_river_yesterday_01_02_03_TS.wav,,4,9,ya'i,ja̰˩ʔ˥↘i,ja̰ʔi,jaʔi,yes,sentence-level-word
S_cross-3sinf_the_river_yesterday_01_02_03_TS.xml,S_cross-3sinf_the_river_yesterday_01_02_03_TS.wav,,9,12,ni,nu↘↗ꜜ,nu,nu,yes,sentence-level-word
S_cross-3sinf_the_river_yesterday_01_02_03_TS.xml,S_cross-3sinf_the_river_yesterday_01_02_03_TS.wav,,1,4,ni,ni˩,ni,ni,yes,sentence-level-word
S_cross-3sinf_the_river_yesterday_01_02_03_TS.xml,S_cross-3sinf_the_river_yesterday_01_02_03_TS.wav,,3.38,5.77,ni ya'i ni yucha ka ta'ikuñu,,,ni jaʔi nu jut͡ʃa ɣa taikũɲũː,,sentence-level-full
S_cross_3s_inf_the_river_everyday_01_02_TS.xml,S_cross_3s_inf_the_river_everyday_01_02_TS.wav,,7,10,nuu,nũ∙,nũ,nũ,yes,sentence-level-word
S_cross_3s_inf_the_river_everyday_01_02_TS.xml,S_cross_3s_inf_the_river_everyday_01_02_TS.wav,,10,16,yucha,ju˥tʃa∙,jutʃa,jut͡ʃa,yes,sentence-level-word
S_cross_3s_inf_the_river_everyday_01_02_TS.xml,S_cross_3s_inf_the_river_everyday_01_02_TS.wav,,19,30,ntikii,nd̪i∙kḭ˩ʔi↗,nd̪ikḭʔi,ndikiʔi,yes,sentence-level-word
S_cross_3s_inf_the_river_everyday_01_02_TS.xml,S_cross_3s_inf_the_river_everyday_01_02_TS.wav,,16,19,ka,ɣa↗,ɣa,ɣa,yes,sentence-level-word
S_cross_3s_inf_the_river_everyday_01_02_TS.xml,S_cross_3s_inf_the_river_everyday_01_02_TS.wav,,1,7,ya'i,ja˥ʔi↘,jaʔi,jaʔi,yes,sentence-level-word
S_cross_3s_inf_the_river_everyday_01_02_TS.xml,S_cross_3s_inf_the_river_everyday_01_02_TS.wav,,0.10,2.72,ya'i nuu yucha ka ntikii,,,jaʔi nũ jut͡ʃa ɣa ndikiʔi,,sentence-level-full
S_eat_1s_FUT_beans_tomorrow_01_02_03_TS.xml,S_eat_1s_FUT_beans_tomorrow_01_02_03_TS.wav,,1,4,kuun,kũ˥,kũ,kũ,yes,sentence-level-word
S_eat_1s_FUT_beans_tomorrow_01_02_03_TS.xml,S_eat_1s_FUT_beans_tomorrow_01_02_03_TS.wav,,4,11,nkatsi yu,nk̬a˧tsi˥↘,nk̬atsi,nk̬at͡si,yes,sentence-level-word
S_eat_1s_FUT_beans_tomorrow_01_02_03_TS.xml,S_eat_1s_FUT_beans_tomorrow_01_02_03_TS.wav,,11,18,ntuchinuu,ndu˥ꜜtʃi˩,ndutʃi,ndut͡ʃi,yes,sentence-level-word
S_eat_1s_FUT_beans_tomorrow_01_02_03_TS.xml,S_eat_1s_FUT_beans_tomorrow_01_02_03_TS.wav,,18,22,xchaan,ʃt͜ʃãː↘,ʃt͜ʃãː,ʃt͜ʃãː,yes,sentence-level-word
S_eat_1s_FUT_beans_tomorrow_01_02_03_TS.xml,S_eat_1s_FUT_beans_tomorrow_01_02_03_TS.wav,,2.62,4.13,kuun nkatsi yu ntuchinuu xchaan,,,kũ nk̬at͡si ndut͡ʃi ʃt͜ʃãː,,sentence-level-full
S_eat_1s_tortillas_COMPL_01_JS.xml,S_eat_1s_tortillas_COMPL_01_JS.wav,,1,7,ntsatsi,ntsa↘↗tsi˥↘,ntsatsi,nt͡sat͡si,yes,sentence-level-word
S_eat_1s_tortillas_COMPL_01_JS.xml,S_eat_1s_tortillas_COMPL_01_JS.wav,,7,11,staa,staː↗,staː,staa,yes,sentence-level-word
S_eat_1s_tortillas_COMPL_01_JS.xml,S_eat_1s_tortillas_COMPL_01_JS.wav,,0,1.63,ntsatsi staa,,,nt͡sat͡si staa,,sentence-level-full
S_eat_1s_tortillas_IMP_01_02_JS.xml,S_eat_1s_tortillas_IMP_01_02_JS.wav,,1,11,ntsitstsi,ntsi˩tsa˩tsi˥↘,ntsitsatsi,nt͡sit͡sat͡si,yes,sentence-level-word
S_eat_1s_tortillas_IMP_01_02_JS.xml,S_eat_1s_tortillas_IMP_01_02_JS.wav,,11,15,staa,staː↗,staː,staa,yes,sentence-level-word
S_eat_1s_tortillas_IMP_01_02_JS.xml,S_eat_1s_tortillas_IMP_01_02_JS.wav,,1.99,3.67,ntsitstsi staa,,,nt͡sit͡sat͡si staa,,sentence-level-full
S_eat_1st_sg_FUT_NEG_breakfast_ADV_sunday_02_spkrTS.xml,S_eat_1st_sg_FUT_NEG_breakfast_ADV_sunday_02_spkrTS.wav,,15,26,domingo,d∙omĩ↗ŋk̬o↘,domĩŋk̬o,domĩŋk̬o,yes,sentence-level-word
S_eat_1st_sg_FUT_NEG_breakfast_ADV_sunday_02_spkrTS.xml,S_eat_1st_sg_FUT_NEG_breakfast_ADV_sunday_02_spkrTS.wav,,1,4,ma,ma↘,ma,ma,yes,sentence-level-word
S_eat_1st_sg_FUT_NEG_breakfast_ADV_sunday_02_spkrTS.xml,S_eat_1st_sg_FUT_NEG_breakfast_ADV_sunday_02_spkrTS.wav,,4,12,kusini,ku↘s↘ini↘,kusini,kusini,yes,sentence-level-word
S_eat_1st_sg_FUT_NEG_breakfast_ADV_sunday_02_spkrTS.xml,S_eat_1st_sg_FUT_NEG_breakfast_ADV_sunday_02_spkrTS.wav,,12,15,yu,ju↘,ju,ju,yes,sentence-level-word
S_eat_1st_sg_FUT_NEG_breakfast_ADV_sunday_02_spkrTS.xml,S_eat_1st_sg_FUT_NEG_breakfast_ADV_sunday_02_spkrTS.wav,,0,1.60,ma kusini yu domingo,,,ma kusini ju domĩŋk̬o,,sentence-level-full
S_eat_3s_inf_IMP_when_the_phone_rang_01_TS.xml,S_eat_3s_inf_IMP_when_the_phone_rang_01_TS.wav,,21,34,tele,t̪ɛ∙lɛ∙ɸono˧,t̪ɛlɛɸono,tɛlɛɸono,yes,sentence-level-word
S_eat_3s_inf_IMP_when_the_phone_rang_01_TS.xml,S_eat_3s_inf_IMP_when_the_phone_rang_01_TS.wav,,1,10,tsitsa'in,tsi∙tsa̰∙ʔĩ˩,tsitsa̰ʔĩ,t͡sit͡saʔĩ,yes,sentence-level-word
S_eat_3s_inf_IMP_when_the_phone_rang_01_TS.xml,S_eat_3s_inf_IMP_when_the_phone_rang_01_TS.wav,,15,21,kaxi,ka∙ʃi˥,kaʃi,kaʃi,yes,sentence-level-word
S_eat_3s_inf_IMP_when_the_phone_rang_01_TS.xml,S_eat_3s_inf_IMP_when_the_phone_rang_01_TS.wav,,10,13,ra,ra˩,ra,ra,yes,sentence-level-word
S_eat_3s_inf_IMP_when_the_phone_rang_01_TS.xml,S_eat_3s_inf_IMP_when_the_phone_rang_01_TS.wav,,13,15,ni,n˩i,ni,ni,yes,sentence-level-word
S_eat_3s_inf_IMP_when_the_phone_rang_01_TS.xml,S_eat_3s_inf_IMP_when_the_phone_rang_01_TS.wav,,0,2.29,tsitsa'in ra ni kaxi tele,,,t͡sit͡saʔĩ ra ni kaʃi tɛlɛɸono,,sentence-level-full
S_eat_3s_inf_salt_02_JS.xml,S_eat_3s_inf_salt_02_JS.wav,,1,6,tsatsia,tsa˧tsia˥↘,tsatsia,t͡sat͡sia,yes,sentence-level-word
S_eat_3s_inf_salt_02_JS.xml,S_eat_3s_inf_salt_02_JS.wav,,6,10,iin,ĩː↘↗,ĩː,ĩː,yes,sentence-level-word
S_eat_3s_inf_salt_02_JS.xml,S_eat_3s_inf_salt_02_JS.wav,,0,1.13,tsatsia iin,,,t͡sat͡sia ĩː,,sentence-level-full
S_eat_CMPL_1s_this_tortilla_not_that_one_01_02_03_TS.xml,S_eat_CMPL_1s_this_tortilla_not_that_one_01_02_03_TS.wav,,7,10,staa,staː↘↗,staː,staa,yes,sentence-level-word
S_eat_CMPL_1s_this_tortilla_not_that_one_01_02_03_TS.xml,S_eat_CMPL_1s_this_tortilla_not_that_one_01_02_03_TS.wav,,1,7,katsi yu,ka˧tsi˥ꜛ,katsiꜛ,kat͡si,yes,sentence-level-word
S_eat_CMPL_1s_this_tortilla_not_that_one_01_02_03_TS.xml,S_eat_CMPL_1s_this_tortilla_not_that_one_01_02_03_TS.wav,,10,13,tsan,tsã˧,tsã,t͡sã,yes,sentence-level-word
S_eat_CMPL_1s_this_tortilla_not_that_one_01_02_03_TS.xml,S_eat_CMPL_1s_this_tortilla_not_that_one_01_02_03_TS.wav,,16,23,nkatsi,nk̬a˩tsi˥↘,nk̬atsi,nk̬at͡si,yes,sentence-level-word
S_eat_CMPL_1s_this_tortilla_not_that_one_01_02_03_TS.xml,S_eat_CMPL_1s_this_tortilla_not_that_one_01_02_03_TS.wav,,13,16,ra,ra˧,ra,ra,yes,sentence-level-word
S_eat_CMPL_1s_this_tortilla_not_that_one_01_02_03_TS.xml,S_eat_CMPL_1s_this_tortilla_not_that_one_01_02_03_TS.wav,,23,31,ñaka,ɲa∙ka˥,ɲaka,ɲaka,yes,sentence-level-word
S_eat_CMPL_1s_this_tortilla_not_that_one_01_02_03_TS.xml,S_eat_CMPL_1s_this_tortilla_not_that_one_01_02_03_TS.wav,,0,2.87,katsi yu staa tsan ra nkatsi ñaka,,,kat͡si staa t͡sã ra nk̬at͡si ɲaka,,sentence-level-full
S_eat_breakfast_1pl_excl_everyday_01_02_03_TS.xml,S_eat_breakfast_1pl_excl_everyday_01_02_03_TS.wav,,1,10,tsisini,tsi˥ti˧ni˩,tsitini,t͡sitini,yes,sentence-level-word
S_eat_breakfast_1pl_excl_everyday_01_02_03_TS.xml,S_eat_breakfast_1pl_excl_everyday_01_02_03_TS.wav,,13,21,ntikii,nd̪i˩kiː↘↗,nd̪ikiː,ndikii,yes,sentence-level-word
S_eat_breakfast_1pl_excl_everyday_01_02_03_TS.xml,S_eat_breakfast_1pl_excl_everyday_01_02_03_TS.wav,,10,13,kue,we˧,we,we,yes,sentence-level-word
S_eat_breakfast_1pl_excl_everyday_01_02_03_TS.xml,S_eat_breakfast_1pl_excl_everyday_01_02_03_TS.wav,,4.12,5.88,tsisini kue ntikii,,,t͡sitini we ndikii,,sentence-level-full
S_eat_breakfast_1pl_incl_everyday_01_02_TS.xml,S_eat_breakfast_1pl_incl_everyday_01_02_TS.wav,,1,10,tsisini,tsi˥si˧ni˩,tsisini,t͡sisini,yes,sentence-level-word
S_eat_breakfast_1pl_incl_everyday_01_02_TS.xml,S_eat_breakfast_1pl_incl_everyday_01_02_TS.wav,,13,21,ntikii,nd̪i˩kiː↘↗,nd̪ikiː,ndikii,yes,sentence-level-word
S_eat_breakfast_1pl_incl_everyday_01_02_TS.xml,S_eat_breakfast_1pl_incl_everyday_01_02_TS.wav,,10,13,ko,ɣo↗,ɣo,ɣo,yes,sentence-level-word
S_eat_breakfast_1pl_incl_everyday_01_02_TS.xml,S_eat_breakfast_1pl_incl_everyday_01_02_TS.wav,,0.15,2.21,tsisini ko ntikii,,,t͡sisini ɣo ndikii,,sentence-level-full
S_eat_breakfast_1s_everyday_01_02_TS.xml,S_eat_breakfast_1s_everyday_01_02_TS.wav,,1,9,tsisini,tsi˥si˧n˩i,tsisini,t͡sisini,yes,sentence-level-word
S_eat_breakfast_1s_everyday_01_02_TS.xml,S_eat_breakfast_1s_everyday_01_02_TS.wav,,9,11,yu,j↘u,ju,ju,yes,sentence-level-word
S_eat_breakfast_1s_everyday_01_02_TS.xml,S_eat_breakfast_1s_everyday_01_02_TS.wav,,11,18,ntikii,nd̪i˩kiː↘↗,nd̪ikiː,ndikii,yes,sentence-level-word
S_eat_breakfast_1s_everyday_01_02_TS.xml,S_eat_breakfast_1s_everyday_01_02_TS.wav,,0,1.62,tsisini yu ntikii,,,t͡sisini ju ndikii,,sentence-level-full
S_eat_breakfast_2s_form_everyday_TS_01_02.xml,S_eat_breakfast_2s_form_everyday_TS_01_02.wav,,1,9,tsisini,tsisi˥ni↘,tsisini,t͡sisini,yes,sentence-level-word
S_eat_breakfast_2s_form_everyday_TS_01_02.xml,S_eat_breakfast_2s_form_everyday_TS_01_02.wav,,9,12,ni,ni↗,ni,ni,yes,sentence-level-word
S_eat_breakfast_2s_form_everyday_TS_01_02.xml,S_eat_breakfast_2s_form_everyday_TS_01_02.wav,,12,21,ntikii,nd̪i˩kiː↘↗,nd̪ikiː,ndikii,yes,sentence-level-word
S_eat_breakfast_2s_form_everyday_TS_01_02.xml,S_eat_breakfast_2s_form_everyday_TS_01_02.wav,,0,2.24,tsisini ni ntikii,,,t͡sisini ni ndikii,,sentence-level-full
S_eat_breakfast_2s_inf_everyday_TS_01_02.xml,S_eat_breakfast_2s_inf_everyday_TS_01_02.wav,,1,10,kusinu,ku˥si˧nũ↗,kusinũ,kusinũ,yes,sentence-level-word
S_eat_breakfast_2s_inf_everyday_TS_01_02.xml,S_eat_breakfast_2s_inf_everyday_TS_01_02.wav,,10,18,ntikii,nd̪↘iki↘↗,nd̪iki,ndiki,yes,sentence-level-word
S_eat_breakfast_2s_inf_everyday_TS_01_02.xml,S_eat_breakfast_2s_inf_everyday_TS_01_02.wav,,2.15,4.22,kusinu ntikii,,,kusinũ ndiki,,sentence-level-full
S_eat_breakfast_3pl_f_all_everyday_01_TS.xml,S_eat_breakfast_3pl_f_all_everyday_01_TS.wav,,14,22,tsitsini,tsi˥tsi˧ni↘,tsitsini,t͡sit͡sini,yes,sentence-level-word
S_eat_breakfast_3pl_f_all_everyday_01_TS.xml,S_eat_breakfast_3pl_f_all_everyday_01_TS.wav,,1,7,kuena,we˥na↘,wena,wena,yes,sentence-level-word
S_eat_breakfast_3pl_f_all_everyday_01_TS.xml,S_eat_breakfast_3pl_f_all_everyday_01_TS.wav,,7,14,tsa'mu,tsa˧ʔmu˩,tsaʔmu,t͡saʔmu,yes,sentence-level-word
S_eat_breakfast_3pl_f_all_everyday_01_TS.xml,S_eat_breakfast_3pl_f_all_everyday_01_TS.wav,,22,31,ndikii,d̪i∙kiː↘↗,d̪ikiː,dikii,yes,sentence-level-word
S_eat_breakfast_3pl_f_all_everyday_01_TS.xml,S_eat_breakfast_3pl_f_all_everyday_01_TS.wav,,0,1.80,kuena tsa'mu tsitsini ndikii,,,wena t͡saʔmu t͡sit͡sini dikii,,sentence-level-full
S_eat_breakfast_3pl_inf_everyday_01_TS.xml,S_eat_breakfast_3pl_inf_everyday_01_TS.wav,,1,8,tsisini,tsi˥ꜜsini,tsisini,t͡sisini,yes,sentence-level-word
S_eat_breakfast_3pl_inf_everyday_01_TS.xml,S_eat_breakfast_3pl_inf_everyday_01_TS.wav,,11,19,ntikii,nd̪i˩kiː↘↗,nd̪ikiː,ndikii,yes,sentence-level-word
S_eat_breakfast_3pl_inf_everyday_01_TS.xml,S_eat_breakfast_3pl_inf_everyday_01_TS.wav,,8,11,kue,we˧,we,we,yes,sentence-level-word
S_eat_breakfast_3pl_inf_everyday_01_TS.xml,S_eat_breakfast_3pl_inf_everyday_01_TS.wav,,0,1.96,tsisini kue ntikii,,,t͡sisini we ndikii,,sentence-level-full
S_eat_breakfast_3s_inf_everyday_TS_01_02.xml,S_eat_breakfast_3s_inf_everyday_TS_01_02.wav,,1,10,tsisinia,tsi˥si˧nia↘,tsisinia,t͡sisinia,yes,sentence-level-word
S_eat_breakfast_3s_inf_everyday_TS_01_02.xml,S_eat_breakfast_3s_inf_everyday_TS_01_02.wav,,10,18,ntikii,nd̪i˩kiː↘↗,nd̪ikiː,ndikii,yes,sentence-level-word
S_eat_breakfast_3s_inf_everyday_TS_01_02.xml,S_eat_breakfast_3s_inf_everyday_TS_01_02.wav,,0,1.70,tsisinia ntikii,,,t͡sisinia ndikii,,sentence-level-full
S_everyone_went_3rd_pl_form_home_01_02_03_spkrTS.xml,S_everyone_went_3rd_pl_form_home_01_02_03_spkrTS.wav,,1,8,nti'i,nd̪i˥ʔi˧,nd̪iʔi,ndiʔi,yes,sentence-level-word
S_everyone_went_3rd_pl_form_home_01_02_03_spkrTS.xml,S_everyone_went_3rd_pl_form_home_01_02_03_spkrTS.wav,,11,28,kuanu'u,kwa˩n˧ũʔũ˥βɛ̰↘ʔe↗,kwanũʔũβɛ̰ʔe,kwanũʔũβɛʔe,yes,sentence-level-word
S_everyone_went_3rd_pl_form_home_01_02_03_spkrTS.xml,S_everyone_went_3rd_pl_form_home_01_02_03_spkrTS.wav,,8,11,na,na↘,na,na,yes,sentence-level-word
S_everyone_went_3rd_pl_form_home_01_02_03_spkrTS.xml,S_everyone_went_3rd_pl_form_home_01_02_03_spkrTS.wav,,0,1.99,nti'i na kuanu'u,,,ndiʔi na kwanũʔũβɛʔe,,sentence-level-full
S_fish_swim_PRES_in_water_01_02_TS.xml,S_fish_swim_PRES_in_water_01_02_TS.wav,,7,13,chaka,tʃa˩ka↗,tʃaka,t͡ʃaka,yes,sentence-level-word
S_fish_swim_PRES_in_water_01_02_TS.xml,S_fish_swim_PRES_in_water_01_02_TS.wav,,1,7,sucha,su˥tʃa˥,sutʃa,sut͡ʃa,yes,sentence-level-word
S_fish_swim_PRES_in_water_01_02_TS.xml,S_fish_swim_PRES_in_water_01_02_TS.wav,,19,48,chikuii,tʃkwiː↘↗ꜜ,tʃkwiː,t͡ʃkwii,yes,sentence-level-word
S_fish_swim_PRES_in_water_01_02_TS.xml,S_fish_swim_PRES_in_water_01_02_TS.wav,,16,19,nuu,nũ↘↗ꜜ,nũ,nũ,yes,sentence-level-word
S_fish_swim_PRES_in_water_01_02_TS.xml,S_fish_swim_PRES_in_water_01_02_TS.wav,,13,16,ka,ɣa↗,ɣa,ɣa,yes,sentence-level-word
S_fish_swim_PRES_in_water_01_02_TS.xml,S_fish_swim_PRES_in_water_01_02_TS.wav,,0,2.17,sucha chaka ka nuu chikuii,,,sut͡ʃa t͡ʃaka ɣa nũ t͡ʃkwii,,sentence-level-full
S_fish_swim_PRES_in_water_01_02_TS.xml,S_fish_swim_PRES_in_water_01_02_TS.wav,,36,39,ka,ɣan,ɣan,ɣan,no,sentence-level-word
S_fish_swim_PRES_in_water_01_02_TS.xml,S_fish_swim_PRES_in_water_01_02_TS.wav,,39,41,nuu,ũ↗↘,ũ,ũ,yes,sentence-level-word
S_fish_swim_PRES_in_water_01_02_TS.xml,S_fish_swim_PRES_in_water_01_02_TS.wav,,24,30,sucha,su˥tʃa˩,sutʃa,sut͡ʃa,yes,sentence-level-word
S_fish_swim_PRES_in_water_01_02_TS.xml,S_fish_swim_PRES_in_water_01_02_TS.wav,,30,36,chaka,tʃa↗ꜜka∙,tʃaka,t͡ʃaka,yes,sentence-level-word
S_fish_swim_PRES_in_water_01_02_TS.xml,S_fish_swim_PRES_in_water_01_02_TS.wav,,41,49,chikuii,tʃkwiː↘↗ꜜ,tʃkwiː,t͡ʃkwii,yes,sentence-level-word
S_fish_swim_PRES_in_water_01_02_TS.xml,S_fish_swim_PRES_in_water_01_02_TS.wav,,2.17,4.45,sucha chaka ka nuu chikuii,,,sut͡ʃa t͡ʃaka ɣan ũ t͡ʃkwii,,sentence-level-full
S_fly_beLOC_table_01_02_03_TS.xml,S_fly_beLOC_table_01_02_03_TS.wav,,5,9,mesa,m˥ɛsa∙,mɛsa,mɛsa,yes,sentence-level-word
S_fly_beLOC_table_01_02_03_TS.xml,S_fly_beLOC_table_01_02_03_TS.wav,,21,105,tikama,t̪∙ika˥ꜜma˩,t̪ikama,tikama,yes,sentence-level-word
S_fly_beLOC_table_01_02_03_TS.xml,S_fly_beLOC_table_01_02_03_TS.wav,,11,19,ntu'u,ĩ↘nd̪u↗ʔu↘,ĩnd̪uʔu,ĩnduʔu,yes,sentence-level-word
S_fly_beLOC_table_01_02_03_TS.xml,S_fly_beLOC_table_01_02_03_TS.wav,,19,21,in,ĩː↘ꜜ,ĩː,ĩː,yes,sentence-level-word
S_fly_beLOC_table_01_02_03_TS.xml,S_fly_beLOC_table_01_02_03_TS.wav,,9,11,tsaa,ts↘↗ãː,tsãː,t͡sãː,yes,sentence-level-word
S_fly_beLOC_table_01_02_03_TS.xml,S_fly_beLOC_table_01_02_03_TS.wav,,2,5,nuu,nũː↘↗,nũː,nũː,yes,sentence-level-word
S_fly_beLOC_table_01_02_03_TS.xml,S_fly_beLOC_table_01_02_03_TS.wav,,0,5.00,nuu mesa tsaa ntu'u in tikama,,,nũː mɛsa t͡sãː ĩnduʔu ĩː tikama,,sentence-level-full
S_fly_beLOC_table_01_02_03_TS.xml,S_fly_beLOC_table_01_02_03_TS.wav,,36,38,tsaa,ts↗↘ꜜãː,tsãː,t͡sãː,yes,sentence-level-word
S_fly_beLOC_table_01_02_03_TS.xml,S_fly_beLOC_table_01_02_03_TS.wav,,31,36,mesa,mɛ˥s↘a,mɛsa,mɛsa,yes,sentence-level-word
S_fly_beLOC_table_01_02_03_TS.xml,S_fly_beLOC_table_01_02_03_TS.wav,,38,47,ntu'u,i˧nd̪u˩ʔu↗,ind̪uʔu,induʔu,yes,sentence-level-word
S_fly_beLOC_table_01_02_03_TS.xml,S_fly_beLOC_table_01_02_03_TS.wav,,50,106,tikama,t̪i∙ka˥ꜜma˩,t̪ikama,tikama,yes,sentence-level-word
S_fly_beLOC_table_01_02_03_TS.xml,S_fly_beLOC_table_01_02_03_TS.wav,,47,50,in,ĩː↘,ĩː,ĩː,yes,sentence-level-word
S_fly_beLOC_table_01_02_03_TS.xml,S_fly_beLOC_table_01_02_03_TS.wav,,28,31,nuu,nũː↘↗,nũː,nũː,yes,sentence-level-word
S_fly_beLOC_table_01_02_03_TS.xml,S_fly_beLOC_table_01_02_03_TS.wav,,5.00,8.02,nuu mesa tsaa ntu'u in tikama,,,nũː mɛsa t͡sãː induʔu ĩː tikama,,sentence-level-full
S_fly_beLOC_table_01_02_03_TS.xml,S_fly_beLOC_table_01_02_03_TS.wav,,62,68,mesa,mɛ˥sa↘,mɛsa,mɛsa,yes,sentence-level-word
S_fly_beLOC_table_01_02_03_TS.xml,S_fly_beLOC_table_01_02_03_TS.wav,,68,72,tsaa,tsãː↘↗,tsãː,t͡sãː,yes,sentence-level-word
S_fly_beLOC_table_01_02_03_TS.xml,S_fly_beLOC_table_01_02_03_TS.wav,,83,107,tikama,t̺i∙ka↗ma˩,t̺ikama,t̺ikama,yes,sentence-level-word
S_fly_beLOC_table_01_02_03_TS.xml,S_fly_beLOC_table_01_02_03_TS.wav,,81,83,in,ĩː↘,ĩː,ĩː,yes,sentence-level-word
S_fly_beLOC_table_01_02_03_TS.xml,S_fly_beLOC_table_01_02_03_TS.wav,,72,81,ntu'u,ĩ↘nd̪u↘ꜜʔu↗,ĩnd̪uʔu,ĩnduʔu,yes,sentence-level-word
S_fly_beLOC_table_01_02_03_TS.xml,S_fly_beLOC_table_01_02_03_TS.wav,,59,62,nuu,nũː↘↗ꜜ,nũː,nũː,yes,sentence-level-word
S_fly_beLOC_table_01_02_03_TS.xml,S_fly_beLOC_table_01_02_03_TS.wav,,8.02,12.90,nuu mesa tsaa ntu'u in tikama,,,nũː mɛsa t͡sãː ĩnduʔu ĩː t̺ikama,,sentence-level-full
S_friend_1st_sg_LOC_outside_01_02_03_spkrTS.xml,S_friend_1st_sg_LOC_outside_01_02_03_spkrTS.wav,,10,16,ñani,ɲa˥ni˧,ɲani,ɲani,yes,sentence-level-word
S_friend_1st_sg_LOC_outside_01_02_03_spkrTS.xml,S_friend_1st_sg_LOC_outside_01_02_03_spkrTS.wav,,6,10,inkaa,ŋk̬aː↘,ŋk̬aː,ŋk̬aa,yes,sentence-level-word
S_friend_1st_sg_LOC_outside_01_02_03_spkrTS.xml,S_friend_1st_sg_LOC_outside_01_02_03_spkrTS.wav,,19,23,ka,ɣa↗,ɣa,ɣa,yes,sentence-level-word
S_friend_1st_sg_LOC_outside_01_02_03_spkrTS.xml,S_friend_1st_sg_LOC_outside_01_02_03_spkrTS.wav,,16,19,yu,ju↘,ju,ju,yes,sentence-level-word
S_friend_1st_sg_LOC_outside_01_02_03_spkrTS.xml,S_friend_1st_sg_LOC_outside_01_02_03_spkrTS.wav,,1,6,ye'e,j˥ɛʔe↘,jɛʔe,jɛʔe,yes,sentence-level-word
S_friend_1st_sg_LOC_outside_01_02_03_spkrTS.xml,S_friend_1st_sg_LOC_outside_01_02_03_spkrTS.wav,,4.03,5.79,ye'e inkaa ñani yu ka,,,jɛʔe ŋk̬aa ɲani ju ɣa,,sentence-level-full
S_frog_LOC_bottom_of_the_basket_01_02_TS.xml,S_frog_LOC_bottom_of_the_basket_01_02_TS.wav,,7,11,inkaa,ŋk̬a↘,ŋk̬a,ŋk̬a,yes,sentence-level-word
S_frog_LOC_bottom_of_the_basket_01_02_TS.xml,S_frog_LOC_bottom_of_the_basket_01_02_TS.wav,,11,13,li,l˩i,li,li,yes,sentence-level-word
S_frog_LOC_bottom_of_the_basket_01_02_TS.xml,S_frog_LOC_bottom_of_the_basket_01_02_TS.wav,,1,7,nchanuu,ndʒa˥nũː↘↗,ndʒanũː,nd͡ʒanũː,yes,sentence-level-word
S_frog_LOC_bottom_of_the_basket_01_02_TS.xml,S_frog_LOC_bottom_of_the_basket_01_02_TS.wav,,19,49,ka,ɣa↗,ɣa,ɣa,yes,sentence-level-word
S_frog_LOC_bottom_of_the_basket_01_02_TS.xml,S_frog_LOC_bottom_of_the_basket_01_02_TS.wav,,13,19,kondo,k˩ond̪o˧,kond̪o,kondo,yes,sentence-level-word
S_frog_LOC_bottom_of_the_basket_01_02_TS.xml,S_frog_LOC_bottom_of_the_basket_01_02_TS.wav,,0,2.32,nchanuu inkaa li kondo ka,,,nd͡ʒanũː ŋk̬a li kondo ɣa,,sentence-level-full
S_frog_LOC_bottom_of_the_basket_01_02_TS.xml,S_frog_LOC_bottom_of_the_basket_01_02_TS.wav,,36,41,kondo,ko˧nd̪˩o,kond̪o,kondo,yes,sentence-level-word
S_frog_LOC_bottom_of_the_basket_01_02_TS.xml,S_frog_LOC_bottom_of_the_basket_01_02_TS.wav,,22,29,nchanuu,ndʒa˥nũː↘↗,ndʒanũː,nd͡ʒanũː,yes,sentence-level-word
S_frog_LOC_bottom_of_the_basket_01_02_TS.xml,S_frog_LOC_bottom_of_the_basket_01_02_TS.wav,,33,36,li,li˩,li,li,yes,sentence-level-word
S_frog_LOC_bottom_of_the_basket_01_02_TS.xml,S_frog_LOC_bottom_of_the_basket_01_02_TS.wav,,29,33,inkaa,ŋk̬aː↘,ŋk̬aː,ŋk̬aa,yes,sentence-level-word
S_frog_LOC_bottom_of_the_basket_01_02_TS.xml,S_frog_LOC_bottom_of_the_basket_01_02_TS.wav,,41,50,ka,ɣa↗,ɣa,ɣa,yes,sentence-level-word
S_frog_LOC_bottom_of_the_basket_01_02_TS.xml,S_frog_LOC_bottom_of_the_basket_01_02_TS.wav,,2.32,4.87,nchanuu inkaa li kondo ka,,,nd͡ʒanũː ŋk̬aa li kondo ɣa,,sentence-level-full
S_frog_LOC_middle_of_the_basket_01_02_TS.xml,S_frog_LOC_middle_of_the_basket_01_02_TS.wav,,7,11,inkaa,ŋk̬a˩,ŋk̬a,ŋk̬a,yes,sentence-level-word
S_frog_LOC_middle_of_the_basket_01_02_TS.xml,S_frog_LOC_middle_of_the_basket_01_02_TS.wav,,11,14,li,li˩,li,li,yes,sentence-level-word
S_frog_LOC_middle_of_the_basket_01_02_TS.xml,S_frog_LOC_middle_of_the_basket_01_02_TS.wav,,20,49,ka,ɣa↗,ɣa,ɣa,yes,sentence-level-word
S_frog_LOC_middle_of_the_basket_01_02_TS.xml,S_frog_LOC_middle_of_the_basket_01_02_TS.wav,,14,20,kondo,ko˧nd̪o˥,kond̪o,kondo,yes,sentence-level-word
S_frog_LOC_middle_of_the_basket_01_02_TS.xml,S_frog_LOC_middle_of_the_basket_01_02_TS.wav,,1,7,ma'in,ma˧ꜛʔĩː˥ꜜ,maꜛʔĩː,maʔĩː,yes,sentence-level-word
S_frog_LOC_middle_of_the_basket_01_02_TS.xml,S_frog_LOC_middle_of_the_basket_01_02_TS.wav,,0,1.60,ma'in inkaa li kondo ka,,,maʔĩː ŋk̬a li kondo ɣa,,sentence-level-full
S_frog_LOC_middle_of_the_basket_01_02_TS.xml,S_frog_LOC_middle_of_the_basket_01_02_TS.wav,,36,43,kondo,ko∙ndo∙,kondo,kondo,yes,sentence-level-word
S_frog_LOC_middle_of_the_basket_01_02_TS.xml,S_frog_LOC_middle_of_the_basket_01_02_TS.wav,,43,50,ka,ɣa↗,ɣa,ɣa,yes,sentence-level-word
S_frog_LOC_middle_of_the_basket_01_02_TS.xml,S_frog_LOC_middle_of_the_basket_01_02_TS.wav,,33,36,li,li˩,li,li,yes,sentence-level-word
S_frog_LOC_middle_of_the_basket_01_02_TS.xml,S_frog_LOC_middle_of_the_basket_01_02_TS.wav,,29,33,inkaa,ŋk̬a↘ꜛ,ŋk̬aꜛ,ŋk̬a,yes,sentence-level-word
S_frog_LOC_middle_of_the_basket_01_02_TS.xml,S_frog_LOC_middle_of_the_basket_01_02_TS.wav,,23,29,ma'in,ma˧ʔĩː˥,maʔĩː,maʔĩː,yes,sentence-level-word
S_frog_LOC_middle_of_the_basket_01_02_TS.xml,S_frog_LOC_middle_of_the_basket_01_02_TS.wav,,1.60,3.15,ma'in inkaa li kondo ka,,,maʔĩː ŋk̬a li kondo ɣa,,sentence-level-full
S_frog_LOC_top_of_the_basket_01_02_TS.xml,S_frog_LOC_top_of_the_basket_01_02_TS.wav,,11,15,inkaa,ŋka↗,ŋka,ŋka,yes,sentence-level-word
S_frog_LOC_top_of_the_basket_01_02_TS.xml,S_frog_LOC_top_of_the_basket_01_02_TS.wav,,18,24,kondo,ko˧ndo˧,kondo,kondo,yes,sentence-level-word
S_frog_LOC_top_of_the_basket_01_02_TS.xml,S_frog_LOC_top_of_the_basket_01_02_TS.wav,,15,18,li,li˩,li,li,yes,sentence-level-word
S_frog_LOC_top_of_the_basket_01_02_TS.xml,S_frog_LOC_top_of_the_basket_01_02_TS.wav,,24,57,ka,ɣa↗,ɣa,ɣa,yes,sentence-level-word
S_frog_LOC_top_of_the_basket_01_02_TS.xml,S_frog_LOC_top_of_the_basket_01_02_TS.wav,,1,11,nchatsa'a,ndʒa˧tsa˩ʔa↗,ndʒatsaʔa,nd͡ʒat͡saʔa,yes,sentence-level-word
S_frog_LOC_top_of_the_basket_01_02_TS.xml,S_frog_LOC_top_of_the_basket_01_02_TS.wav,,0,1.96,nchatsa'a inkaa li kondo ka,,,nd͡ʒat͡saʔa ŋka li kondo ɣa,,sentence-level-full
S_frog_LOC_top_of_the_basket_01_02_TS.xml,S_frog_LOC_top_of_the_basket_01_02_TS.wav,,36,40,inkaa,ŋk̬a↘,ŋk̬a,ŋk̬a,yes,sentence-level-word
S_frog_LOC_top_of_the_basket_01_02_TS.xml,S_frog_LOC_top_of_the_basket_01_02_TS.wav,,27,36,nchatsa'a,ndʒa˧ts∙a̰ʔa↗,ndʒatsa̰ʔa,nd͡ʒat͡saʔa,yes,sentence-level-word
S_frog_LOC_top_of_the_basket_01_02_TS.xml,S_frog_LOC_top_of_the_basket_01_02_TS.wav,,40,43,li,li˩,li,li,yes,sentence-level-word
S_frog_LOC_top_of_the_basket_01_02_TS.xml,S_frog_LOC_top_of_the_basket_01_02_TS.wav,,50,58,ka,ɣa↗,ɣa,ɣa,yes,sentence-level-word
S_frog_LOC_top_of_the_basket_01_02_TS.xml,S_frog_LOC_top_of_the_basket_01_02_TS.wav,,43,50,kondo,ko˩ndo˧,kondo,kondo,yes,sentence-level-word
S_frog_LOC_top_of_the_basket_01_02_TS.xml,S_frog_LOC_top_of_the_basket_01_02_TS.wav,,1.96,3.67,nchatsa'a inkaa li kondo ka,,,nd͡ʒat͡saʔa ŋk̬a li kondo ɣa,,sentence-level-full
S_give_2s_inf_FUT_02_JS.xml,S_give_2s_inf_FUT_02_JS.wav,,1,3,kuun,ũː˥,ũː,ũː,yes,sentence-level-word
S_give_2s_inf_FUT_02_JS.xml,S_give_2s_inf_FUT_02_JS.wav,,3,10,kua'o,k̬w˩a̰ʔo↗,k̬wa̰ʔo,k̬waʔo,yes,sentence-level-word
S_give_2s_inf_FUT_02_JS.xml,S_give_2s_inf_FUT_02_JS.wav,,0,0.93,kuun kua'o,,,ũː k̬waʔo,,sentence-level-full
S_grandmother-1s_loves_grandfather-1s_very_much_01_02_TS.xml,S_grandmother-1s_loves_grandfather-1s_very_much_01_02_TS.wav,,11,14,ra,ra˩,ra,ra,yes,sentence-level-word
S_grandmother-1s_loves_grandfather-1s_very_much_01_02_TS.xml,S_grandmother-1s_loves_grandfather-1s_very_much_01_02_TS.wav,,22,28,ncho'i,ntʃo̰ʔi˩,ntʃo̰ʔi,nt͡ʃoʔi,yes,sentence-level-word
S_grandmother-1s_loves_grandfather-1s_very_much_01_02_TS.xml,S_grandmother-1s_loves_grandfather-1s_very_much_01_02_TS.wav,,28,40,patsa'nu,pa˥tsa˥ʔnu↘↗ꜜ,patsaʔnu,pat͡saʔnu,yes,sentence-level-word
S_grandmother-1s_loves_grandfather-1s_very_much_01_02_TS.xml,S_grandmother-1s_loves_grandfather-1s_very_much_01_02_TS.wav,,14,22,ku'ini,ku˩ʔi˥ni˧,kuʔini,kuʔini,yes,sentence-level-word
S_grandmother-1s_loves_grandfather-1s_very_much_01_02_TS.xml,S_grandmother-1s_loves_grandfather-1s_very_much_01_02_TS.wav,,1,11,matsa'nu,ma˥tsa˥ʔno,matsaʔno,mat͡saʔno,yes,sentence-level-word
S_grandmother-1s_loves_grandfather-1s_very_much_01_02_TS.xml,S_grandmother-1s_loves_grandfather-1s_very_much_01_02_TS.wav,,0,2.96,matsa'nu ra ku'ini ncho'i patsa'nu,,,mat͡saʔno ra kuʔini nt͡ʃoʔi pat͡saʔnu,,sentence-level-full
S_house_LOC_middle_of_the_hill_01_spkrTS.xml,S_house_LOC_middle_of_the_hill_01_spkrTS.wav,,7,12,yuku,j↗uku↘,juku,juku,yes,sentence-level-word
S_house_LOC_middle_of_the_hill_01_spkrTS.xml,S_house_LOC_middle_of_the_hill_01_spkrTS.wav,,15,19,inkaa,ŋk̬aː↘,ŋk̬aː,ŋk̬aa,yes,sentence-level-word
S_house_LOC_middle_of_the_hill_01_spkrTS.xml,S_house_LOC_middle_of_the_hill_01_spkrTS.wav,,12,15,ka,ɣa↗ꜜ,ɣa,ɣa,yes,sentence-level-word
S_house_LOC_middle_of_the_hill_01_spkrTS.xml,S_house_LOC_middle_of_the_hill_01_spkrTS.wav,,19,27,ve'e,βɛ̰∙ʔe↗,βɛ̰ʔe,βɛʔe,yes,sentence-level-word
S_house_LOC_middle_of_the_hill_01_spkrTS.xml,S_house_LOC_middle_of_the_hill_01_spkrTS.wav,,1,7,ma'in,ma˩ʔĩ↗,maʔĩ,maʔĩ,yes,sentence-level-word
S_house_LOC_middle_of_the_hill_01_spkrTS.xml,S_house_LOC_middle_of_the_hill_01_spkrTS.wav,,0,1.91,ma'in yuku ka inkaa ve'e,,,maʔĩ juku ɣa ŋk̬aa βɛʔe,,sentence-level-full
S_house_LOC_top_of_the_hill_01_02_TS.xml,S_house_LOC_top_of_the_hill_01_02_TS.wav,,7,13,yuku,ju˥ku↘,juku,juku,yes,sentence-level-word
S_house_LOC_top_of_the_hill_01_02_TS.xml,S_house_LOC_top_of_the_hill_01_02_TS.wav,,1,7,xini,ʃi↘ni↗,ʃini,ʃini,yes,sentence-level-word
S_house_LOC_top_of_the_hill_01_02_TS.xml,S_house_LOC_top_of_the_hill_01_02_TS.wav,,20,52,ve'e,βɛ̰∙ʔe↘↗,βɛ̰ʔe,βɛʔe,yes,sentence-level-word
S_house_LOC_top_of_the_hill_01_02_TS.xml,S_house_LOC_top_of_the_hill_01_02_TS.wav,,16,20,inkaa,ŋk̬aː↘,ŋk̬aː,ŋk̬aa,yes,sentence-level-word
S_house_LOC_top_of_the_hill_01_02_TS.xml,S_house_LOC_top_of_the_hill_01_02_TS.wav,,13,16,ka,ɣa↗ꜜ,ɣa,ɣa,yes,sentence-level-word
S_house_LOC_top_of_the_hill_01_02_TS.xml,S_house_LOC_top_of_the_hill_01_02_TS.wav,,0,1.99,xini yuku ka inkaa ve'e,,,ʃini juku ɣa ŋk̬aa βɛʔe,,sentence-level-full
S_house_LOC_top_of_the_hill_01_02_TS.xml,S_house_LOC_top_of_the_hill_01_02_TS.wav,,36,39,ka,ɣa∙,ɣa,ɣa,yes,sentence-level-word
S_house_LOC_top_of_the_hill_01_02_TS.xml,S_house_LOC_top_of_the_hill_01_02_TS.wav,,31,36,yuku,j↘uku∙,juku,juku,yes,sentence-level-word
S_house_LOC_top_of_the_hill_01_02_TS.xml,S_house_LOC_top_of_the_hill_01_02_TS.wav,,39,43,inkaa,ŋk̬aː↘,ŋk̬aː,ŋk̬aa,yes,sentence-level-word
S_house_LOC_top_of_the_hill_01_02_TS.xml,S_house_LOC_top_of_the_hill_01_02_TS.wav,,26,31,xini,ʃ↘ini↗,ʃini,ʃini,yes,sentence-level-word
S_house_LOC_top_of_the_hill_01_02_TS.xml,S_house_LOC_top_of_the_hill_01_02_TS.wav,,43,53,ve'e,βɛ̰∙ʔe˥,βɛ̰ʔe,βɛʔe,yes,sentence-level-word
S_house_LOC_top_of_the_hill_01_02_TS.xml,S_house_LOC_top_of_the_hill_01_02_TS.wav,,1.99,4.08,xini yuku ka inkaa ve'e,,,ʃini juku ɣa ŋk̬aa βɛʔe,,sentence-level-full
S_it_is_hailing_01_02_JS.xml,S_it_is_hailing_01_02_JS.wav,,1,4,kuun,kũː↘,kũː,kũː,yes,sentence-level-word
S_it_is_hailing_01_02_JS.xml,S_it_is_hailing_01_02_JS.wav,,4,13,iin,ĩː˥,ĩː,ĩː,yes,sentence-level-word
S_it_is_hailing_01_02_JS.xml,S_it_is_hailing_01_02_JS.wav,,0,1.08,kuun iin,,,kũː ĩː,,sentence-level-full
S_it_is_hailing_01_02_JS.xml,S_it_is_hailing_01_02_JS.wav,,9,14,iin,ĩː˥,ĩː,ĩː,yes,sentence-level-word
S_it_is_hailing_01_02_JS.xml,S_it_is_hailing_01_02_JS.wav,,6,9,kuun,kũː↘,kũː,kũː,yes,sentence-level-word
S_it_is_hailing_01_02_JS.xml,S_it_is_hailing_01_02_JS.wav,,1.08,2.25,kuun iin,,,kũː ĩː,,sentence-level-full
S_it_rained_yesterday_01_spkrTS.xml,S_it_rained_yesterday_01_spkrTS.wav,,1,4,ni,ni˩,ni,ni,yes,sentence-level-word
S_it_rained_yesterday_01_spkrTS.xml,S_it_rained_yesterday_01_spkrTS.wav,,4,7,kuun,kũː↗↘,kũː,kũː,yes,sentence-level-word
S_it_rained_yesterday_01_spkrTS.xml,S_it_rained_yesterday_01_spkrTS.wav,,7,13,savi,sa↘vi↗,savi,savi,yes,sentence-level-word
S_it_rained_yesterday_01_spkrTS.xml,S_it_rained_yesterday_01_spkrTS.wav,,13,22,takuni,t̪a˥k˧uni˧,t̪akuni,takuni,yes,sentence-level-word
S_it_rained_yesterday_01_spkrTS.xml,S_it_rained_yesterday_01_spkrTS.wav,,0,2.11,ni kuun savi takuni,,,ni kũː savi takuni,,sentence-level-full
S_jump_1st_sg_COMPL_on_the_bed_01_spkrTS.xml,S_jump_1st_sg_COMPL_on_the_bed_01_spkrTS.wav,,1,8,ni kanta yu,k̬a˩nd̪a↘,k̬and̪a,k̬anda,yes,sentence-level-word
S_jump_1st_sg_COMPL_on_the_bed_01_spkrTS.xml,S_jump_1st_sg_COMPL_on_the_bed_01_spkrTS.wav,,11,18,tsito,tsi˥t̪o˩,tsit̪o,t͡sito,yes,sentence-level-word
S_jump_1st_sg_COMPL_on_the_bed_01_spkrTS.xml,S_jump_1st_sg_COMPL_on_the_bed_01_spkrTS.wav,,8,11,nuu,nũ∙,nũ,nũ,yes,sentence-level-word
S_jump_1st_sg_COMPL_on_the_bed_01_spkrTS.xml,S_jump_1st_sg_COMPL_on_the_bed_01_spkrTS.wav,,0,1.27,ni kanta yu nuu tsito,,,k̬anda nũ t͡sito,,sentence-level-full
S_jump_1st_sg_FUT_DIR_over_there-CONJ_then_V_pee_1st_sg_FUT_02_spkrJS.xml,S_jump_1st_sg_FUT_DIR_over_there-CONJ_then_V_pee_1st_sg_FUT_02_spkrJS.wav,,18,24,sara,sa↘ɾa˩,saɾa,saɾa,yes,sentence-level-word
S_jump_1st_sg_FUT_DIR_over_there-CONJ_then_V_pee_1st_sg_FUT_02_spkrJS.xml,S_jump_1st_sg_FUT_DIR_over_there-CONJ_then_V_pee_1st_sg_FUT_02_spkrJS.wav,,27,35,lala,la↘la↗,lala,lala,yes,sentence-level-word
S_jump_1st_sg_FUT_DIR_over_there-CONJ_then_V_pee_1st_sg_FUT_02_spkrJS.xml,S_jump_1st_sg_FUT_DIR_over_there-CONJ_then_V_pee_1st_sg_FUT_02_spkrJS.wav,,10,18,inkatsio,ŋk̬a˩tsij↘o,ŋk̬atsijo,ŋk̬at͡sijo,yes,sentence-level-word
S_jump_1st_sg_FUT_DIR_over_there-CONJ_then_V_pee_1st_sg_FUT_02_spkrJS.xml,S_jump_1st_sg_FUT_DIR_over_there-CONJ_then_V_pee_1st_sg_FUT_02_spkrJS.wav,,24,27,kuu,ku↘,ku,ku,yes,sentence-level-word
S_jump_1st_sg_FUT_DIR_over_there-CONJ_then_V_pee_1st_sg_FUT_02_spkrJS.xml,S_jump_1st_sg_FUT_DIR_over_there-CONJ_then_V_pee_1st_sg_FUT_02_spkrJS.wav,,1,3,kuun,ũ↗,ũ,ũ,yes,sentence-level-word
S_jump_1st_sg_FUT_DIR_over_there-CONJ_then_V_pee_1st_sg_FUT_02_spkrJS.xml,S_jump_1st_sg_FUT_DIR_over_there-CONJ_then_V_pee_1st_sg_FUT_02_spkrJS.wav,,3,10,kanta yu,k̬ʰa↗n↘da,k̬ʰanda,k̬anda,yes,sentence-level-word
S_jump_1st_sg_FUT_DIR_over_there-CONJ_then_V_pee_1st_sg_FUT_02_spkrJS.xml,S_jump_1st_sg_FUT_DIR_over_there-CONJ_then_V_pee_1st_sg_FUT_02_spkrJS.wav,,0,2.99,kuun kanta yu inkatsio sara kuu lala,,,ũ k̬anda ŋk̬at͡sijo saɾa ku lala,,sentence-level-full
S_jump_1st_sg_FUT_on_the_bed_02_spkrTS.xml,S_jump_1st_sg_FUT_on_the_bed_02_spkrTS.wav,,1,4,kuun,kũː↘,kũː,kũː,yes,sentence-level-word
S_jump_1st_sg_FUT_on_the_bed_02_spkrTS.xml,S_jump_1st_sg_FUT_on_the_bed_02_spkrTS.wav,,4,9,kanta yu,k̬˩and˩a,k̬anda,k̬anda,yes,sentence-level-word
S_jump_1st_sg_FUT_on_the_bed_02_spkrTS.xml,S_jump_1st_sg_FUT_on_the_bed_02_spkrTS.wav,,9,12,nuu,nũ↘,nũ,nũ,yes,sentence-level-word
S_jump_1st_sg_FUT_on_the_bed_02_spkrTS.xml,S_jump_1st_sg_FUT_on_the_bed_02_spkrTS.wav,,12,18,tsito,tsi∙t̪↘o,tsit̪o,t͡sito,yes,sentence-level-word
S_jump_1st_sg_FUT_on_the_bed_02_spkrTS.xml,S_jump_1st_sg_FUT_on_the_bed_02_spkrTS.wav,,0,1.29,kuun kanta yu nuu tsito,,,kũː k̬anda nũ t͡sito,,sentence-level-full
S_jump_1st_sg_on_the_bed_01_spkrTS.xml,S_jump_1st_sg_on_the_bed_01_spkrTS.wav,,1,8,kanta yu,ka˥nda↘,kanda,kanda,yes,sentence-level-word
S_jump_1st_sg_on_the_bed_01_spkrTS.xml,S_jump_1st_sg_on_the_bed_01_spkrTS.wav,,11,18,tsito,ts↘it̪o↘,tsit̪o,t͡sito,yes,sentence-level-word
S_jump_1st_sg_on_the_bed_01_spkrTS.xml,S_jump_1st_sg_on_the_bed_01_spkrTS.wav,,8,11,nuu,no↘↗ꜜ,no,no,yes,sentence-level-word
S_jump_1st_sg_on_the_bed_01_spkrTS.xml,S_jump_1st_sg_on_the_bed_01_spkrTS.wav,,0,1.06,kanta yu nuu tsito,,,kanda no t͡sito,,sentence-level-full
S_lion_eats_squirrel_01_spkrJS.xml,S_lion_eats_squirrel_01_spkrJS.wav,,1,8,ntatsi,ntsa˩tsi˥,ntsatsi,nt͡sat͡si,yes,sentence-level-word
S_lion_eats_squirrel_01_spkrJS.xml,S_lion_eats_squirrel_01_spkrJS.wav,,8,17,tika'a,d̪i˧ka˥ʔa˧,d̪ikaʔa,dikaʔa,yes,sentence-level-word
S_lion_eats_squirrel_01_spkrJS.xml,S_lion_eats_squirrel_01_spkrJS.wav,,17,27,ntikuain,nd̬i˥kw˥↘ãĩ,nd̬ikwãĩ,nd̬ikwãĩ,yes,sentence-level-word
S_lion_eats_squirrel_01_spkrJS.xml,S_lion_eats_squirrel_01_spkrJS.wav,,0,2.71,ntatsi tika'a ntikuain,,,nt͡sat͡si dikaʔa nd̬ikwãĩ,,sentence-level-full
S_live_1s_at_home_still_01_02_TS.xml,S_live_1s_at_home_still_01_02_TS.wav,,1,4,jee,jeː↘↗,jeː,jee,yes,sentence-level-word
S_live_1s_at_home_still_01_02_TS.xml,S_live_1s_at_home_still_01_02_TS.wav,,4,6,ii,iː↘↗↘,iː,ii,yes,sentence-level-word
S_live_1s_at_home_still_01_02_TS.xml,S_live_1s_at_home_still_01_02_TS.wav,,6,29,ve'e,βɛ̰↘ʔe↗ꜜ,βɛ̰ʔe,βɛʔe,yes,sentence-level-word
S_live_1s_at_home_still_01_02_TS.xml,S_live_1s_at_home_still_01_02_TS.wav,,0,1.82,jee ii ve'e,,,jee ii βɛʔe,,sentence-level-full
S_live_1s_at_home_still_01_02_TS.xml,S_live_1s_at_home_still_01_02_TS.wav,,15,17,ii,iː↘↗↘,iː,ii,yes,sentence-level-word
S_live_1s_at_home_still_01_02_TS.xml,S_live_1s_at_home_still_01_02_TS.wav,,17,30,ve'e,βɛ̰∙ʔe↗,βɛ̰ʔe,βɛʔe,yes,sentence-level-word
S_live_1s_at_home_still_01_02_TS.xml,S_live_1s_at_home_still_01_02_TS.wav,,12,15,jee,jeː↘↗ꜜ,jeː,jee,yes,sentence-level-word
S_live_1s_at_home_still_01_02_TS.xml,S_live_1s_at_home_still_01_02_TS.wav,,1.82,3.65,jee ii ve'e,,,jee ii βɛʔe,,sentence-level-full
S_live_at_home_1s_FUT_until_married_1s_01_02_TS.xml,S_live_at_home_1s_FUT_until_married_1s_01_02_TS.wav,,17,19,na,na˧,na,na,yes,sentence-level-word
S_live_at_home_1s_FUT_until_married_1s_01_02_TS.xml,S_live_at_home_1s_FUT_until_married_1s_01_02_TS.wav,,7,13,ve'e,βɛ˥ʔe↘,βɛʔe,βɛʔe,yes,sentence-level-word
S_live_at_home_1s_FUT_until_married_1s_01_02_TS.xml,S_live_at_home_1s_FUT_until_married_1s_01_02_TS.wav,,21,29,nta'a,nd∙a̰ʔa˧,nda̰ʔa,ndaʔa,yes,sentence-level-word
S_live_at_home_1s_FUT_until_married_1s_01_02_TS.xml,S_live_at_home_1s_FUT_until_married_1s_01_02_TS.wav,,1,4,kuun,kũː˥,kũː,kũː,yes,sentence-level-word
S_live_at_home_1s_FUT_until_married_1s_01_02_TS.xml,S_live_at_home_1s_FUT_until_married_1s_01_02_TS.wav,,19,21,ta,t̪˧a,t̪a,ta,yes,sentence-level-word
S_live_at_home_1s_FUT_until_married_1s_01_02_TS.xml,S_live_at_home_1s_FUT_until_married_1s_01_02_TS.wav,,4,7,koo,k̬oː↘↗↘,k̬oː,k̬oo,yes,sentence-level-word
S_live_at_home_1s_FUT_until_married_1s_01_02_TS.xml,S_live_at_home_1s_FUT_until_married_1s_01_02_TS.wav,,13,17,ncha,ntʃa˩,ntʃa,nt͡ʃa,yes,sentence-level-word
S_live_at_home_1s_FUT_until_married_1s_01_02_TS.xml,S_live_at_home_1s_FUT_until_married_1s_01_02_TS.wav,,0,2.20,kuun koo ve'e ncha na ta nta'a,,,kũː k̬oo βɛʔe nt͡ʃa na ta ndaʔa,,sentence-level-full
S_load_2nd_sg_inf_wood_LOC_on_the_donkey_01_02_03_TS.xml,S_load_2nd_sg_inf_wood_LOC_on_the_donkey_01_02_03_TS.wav,,22,25,skaa,skaː↘↗ꜜ,skaː,skaa,yes,sentence-level-word
S_load_2nd_sg_inf_wood_LOC_on_the_donkey_01_02_03_TS.xml,S_load_2nd_sg_inf_wood_LOC_on_the_donkey_01_02_03_TS.wav,,31,37,sata,sa∙t̪a∙,sat̪a,sata,yes,sentence-level-word
S_load_2nd_sg_inf_wood_LOC_on_the_donkey_01_02_03_TS.xml,S_load_2nd_sg_inf_wood_LOC_on_the_donkey_01_02_03_TS.wav,,25,31,tutu,t̪u˩t̪u˩,t̪ut̪u,tutu,yes,sentence-level-word
S_load_2nd_sg_inf_wood_LOC_on_the_donkey_01_02_03_TS.xml,S_load_2nd_sg_inf_wood_LOC_on_the_donkey_01_02_03_TS.wav,,37,70,lurru,lu˥ru˥,luru,luru,yes,sentence-level-word
S_load_2nd_sg_inf_wood_LOC_on_the_donkey_01_02_03_TS.xml,S_load_2nd_sg_inf_wood_LOC_on_the_donkey_01_02_03_TS.wav,,2.21,4.79,skaa tutu sata lurru,,,skaa tutu sata luru,,sentence-level-full
S_load_2nd_sg_inf_wood_LOC_on_the_donkey_01_02_03_TS.xml,S_load_2nd_sg_inf_wood_LOC_on_the_donkey_01_02_03_TS.wav,,52,58,sata,sa∙t̪a˩,sat̪a,sata,yes,sentence-level-word
S_load_2nd_sg_inf_wood_LOC_on_the_donkey_01_02_03_TS.xml,S_load_2nd_sg_inf_wood_LOC_on_the_donkey_01_02_03_TS.wav,,58,71,lurru,lu˥ru˥,luru,luru,yes,sentence-level-word
S_load_2nd_sg_inf_wood_LOC_on_the_donkey_01_02_03_TS.xml,S_load_2nd_sg_inf_wood_LOC_on_the_donkey_01_02_03_TS.wav,,46,52,tutu,t̪a˩t̪a∙,t̪at̪a,tata,yes,sentence-level-word
S_load_2nd_sg_inf_wood_LOC_on_the_donkey_01_02_03_TS.xml,S_load_2nd_sg_inf_wood_LOC_on_the_donkey_01_02_03_TS.wav,,43,46,skaa,skaː↘↗,skaː,skaa,yes,sentence-level-word
S_load_2nd_sg_inf_wood_LOC_on_the_donkey_01_02_03_TS.xml,S_load_2nd_sg_inf_wood_LOC_on_the_donkey_01_02_03_TS.wav,,4.79,7.18,skaa tutu sata lurru,,,skaa tata sata luru,,sentence-level-full
S_look_into_my_eyes_01_02_03_TS.xml,S_look_into_my_eyes_01_02_03_TS.wav,,1,3,kuun,k˥↘uː,kuː,kuu,yes,sentence-level-word
S_look_into_my_eyes_01_02_03_TS.xml,S_look_into_my_eyes_01_02_03_TS.wav,,3,10,nche'e,ntʃɛ̰↘ʔɛ̰↗,ntʃɛ̰ʔɛ̰,nt͡ʃɛʔɛ̰,yes,sentence-level-word
S_look_into_my_eyes_01_02_03_TS.xml,S_look_into_my_eyes_01_02_03_TS.wav,,10,58,ntuchinuu,ndu↘tʃi˥n↘↗↘ũː,ndutʃinũː,ndut͡ʃinũː,yes,sentence-level-word
S_look_into_my_eyes_01_02_03_TS.xml,S_look_into_my_eyes_01_02_03_TS.wav,,0,1.93,kuun nche'e ntuchinuu,,,kuu nt͡ʃɛʔɛ̰ ndut͡ʃinũː,,sentence-level-full
S_look_into_my_eyes_01_02_03_TS.xml,S_look_into_my_eyes_01_02_03_TS.wav,,21,28,nche'e,ntʃɛ̰↘ʔɛ̰↗,ntʃɛ̰ʔɛ̰,nt͡ʃɛʔɛ̰,yes,sentence-level-word
S_look_into_my_eyes_01_02_03_TS.xml,S_look_into_my_eyes_01_02_03_TS.wav,,28,59,ntuchinuu,ndu˧tʃi˥nũː↘↗↘,ndutʃinũː,ndut͡ʃinũː,yes,sentence-level-word
S_look_into_my_eyes_01_02_03_TS.xml,S_look_into_my_eyes_01_02_03_TS.wav,,19,21,kuun,k˧uː,kuː,kuu,yes,sentence-level-word
S_look_into_my_eyes_01_02_03_TS.xml,S_look_into_my_eyes_01_02_03_TS.wav,,1.93,4.08,kuun nche'e ntuchinuu,,,kuu nt͡ʃɛʔɛ̰ ndut͡ʃinũː,,sentence-level-full
S_look_into_my_eyes_01_02_03_TS.xml,S_look_into_my_eyes_01_02_03_TS.wav,,45,60,ntuchinuu,ndu˧tʃ˥inũː↘↗↘ꜜ,ndutʃinũː,ndut͡ʃinũː,yes,sentence-level-word
S_look_into_my_eyes_01_02_03_TS.xml,S_look_into_my_eyes_01_02_03_TS.wav,,41,45,nche'e,ntʃɛ̰ː↘↗,ntʃɛ̰ː,nt͡ʃɛ̰ɛ̰,yes,sentence-level-word
S_look_into_my_eyes_01_02_03_TS.xml,S_look_into_my_eyes_01_02_03_TS.wav,,37,41,kuun,kuː˧,kuː,kuu,yes,sentence-level-word
S_look_into_my_eyes_01_02_03_TS.xml,S_look_into_my_eyes_01_02_03_TS.wav,,4.08,6.19,kuun nche'e ntuchinuu,,,kuu nt͡ʃɛ̰ɛ̰ ndut͡ʃinũː,,sentence-level-full
S_mother_1pl_name_is_Herminia_01_TS.xml,S_mother_1pl_name_is_Herminia_01_TS.wav,,1,4,maa,maː˧,maː,maa,yes,sentence-level-word
S_mother_1pl_name_is_Herminia_01_TS.xml,S_mother_1pl_name_is_Herminia_01_TS.wav,,4,10,kuera,we˧ra˩,wera,wera,yes,sentence-level-word
S_mother_1pl_name_is_Herminia_01_TS.xml,S_mother_1pl_name_is_Herminia_01_TS.wav,,16,29,Herminia,hɛ˩rmi˥nja˥,hɛrminja,hɛrminja,yes,sentence-level-word
S_mother_1pl_name_is_Herminia_01_TS.xml,S_mother_1pl_name_is_Herminia_01_TS.wav,,10,16,nania,na˩nia˥,nania,nania,yes,sentence-level-word
S_mother_1pl_name_is_Herminia_01_TS.xml,S_mother_1pl_name_is_Herminia_01_TS.wav,,0,2.92,maa kuera nania Herminia,,,maa wera nania hɛrminja,,sentence-level-full
S_mother_aunts_1s_sew_clothes_01_02_TS.xml,S_mother_aunts_1s_sew_clothes_01_02_TS.wav,,7,10,ra,ra˧,ra,ra,yes,sentence-level-word
S_mother_aunts_1s_sew_clothes_01_02_TS.xml,S_mother_aunts_1s_sew_clothes_01_02_TS.wav,,1,4,maa,ma˧,ma,ma,yes,sentence-level-word
S_mother_aunts_1s_sew_clothes_01_02_TS.xml,S_mother_aunts_1s_sew_clothes_01_02_TS.wav,,10,13,tsi,tsi˧,tsi,t͡si,yes,sentence-level-word
S_mother_aunts_1s_sew_clothes_01_02_TS.xml,S_mother_aunts_1s_sew_clothes_01_02_TS.wav,,19,22,yu,ju↘,ju,ju,yes,sentence-level-word
S_mother_aunts_1s_sew_clothes_01_02_TS.xml,S_mother_aunts_1s_sew_clothes_01_02_TS.wav,,22,25,ra,ra˧,ra,ra,yes,sentence-level-word
S_mother_aunts_1s_sew_clothes_01_02_TS.xml,S_mother_aunts_1s_sew_clothes_01_02_TS.wav,,33,42,sa'ma,s˩aʔma↗,saʔma,saʔma,yes,sentence-level-word
S_mother_aunts_1s_sew_clothes_01_02_TS.xml,S_mother_aunts_1s_sew_clothes_01_02_TS.wav,,4,7,yu,ju↘ꜛ,juꜛ,ju,yes,sentence-level-word
S_mother_aunts_1s_sew_clothes_01_02_TS.xml,S_mother_aunts_1s_sew_clothes_01_02_TS.wav,,13,19,xixi,ʃi˩ʃi˥,ʃiʃi,ʃiʃi,yes,sentence-level-word
S_mother_aunts_1s_sew_clothes_01_02_TS.xml,S_mother_aunts_1s_sew_clothes_01_02_TS.wav,,30,33,na,na˩,na,na,yes,sentence-level-word
S_mother_aunts_1s_sew_clothes_01_02_TS.xml,S_mother_aunts_1s_sew_clothes_01_02_TS.wav,,25,30,tsitsi,tsi∙ts˧,tsits,t͡sit͡s,yes,sentence-level-word
S_mother_aunts_1s_sew_clothes_01_02_TS.xml,S_mother_aunts_1s_sew_clothes_01_02_TS.wav,,3.44,6.80,maa yu ra tsi xixi yu ra tsitsi na sa'ma,,,ma ju ra t͡si ʃiʃi ju ra t͡sit͡s na saʔma,,sentence-level-full
S_my_car_broke_down_01_spkrJS.xml,S_my_car_broke_down_01_spkrJS.wav,,1,8,ntivi,ndi˩βi˥,ndiβi,ndiβi,yes,sentence-level-word
S_my_car_broke_down_01_spkrJS.xml,S_my_car_broke_down_01_spkrJS.wav,,13,17,yu,j↘u,ju,ju,yes,sentence-level-word
S_my_car_broke_down_01_spkrJS.xml,S_my_car_broke_down_01_spkrJS.wav,,8,13,karru,ka˥r˥↘u,karu,karu,yes,sentence-level-word
S_my_car_broke_down_01_spkrJS.xml,S_my_car_broke_down_01_spkrJS.wav,,0,1.28,ntivi karru yu,,,ndiβi karu ju,,sentence-level-full
S_my_car_broke_down_03_spkrJS.xml,S_my_car_broke_down_03_spkrJS.wav,,14,19,yu,ju↘,ju,ju,yes,sentence-level-word
S_my_car_broke_down_03_spkrJS.xml,S_my_car_broke_down_03_spkrJS.wav,,1,8,ntivi,ndi˩βi˧,ndiβi,ndiβi,yes,sentence-level-word
S_my_car_broke_down_03_spkrJS.xml,S_my_car_broke_down_03_spkrJS.wav,,8,14,karru,ka˥ru˧,karu,karu,yes,sentence-level-word
S_my_car_broke_down_03_spkrJS.xml,S_my_car_broke_down_03_spkrJS.wav,,0,1.49,ntivi karru yu,,,ndiβi karu ju,,sentence-level-full
S_my_siblings_are_older_than_I_02_TS.xml,S_my_siblings_are_older_than_I_02_TS.wav,,7,10,ka,ɣa˥,ɣa,ɣa,yes,sentence-level-word
S_my_siblings_are_older_than_I_02_TS.xml,S_my_siblings_are_older_than_I_02_TS.wav,,21,27,nuu yu,nũː↘↗↘,nũː,nũː,yes,sentence-level-word
S_my_siblings_are_older_than_I_02_TS.xml,S_my_siblings_are_older_than_I_02_TS.wav,,18,21,ra,ra˩,ra,ra,yes,sentence-level-word
S_my_siblings_are_older_than_I_02_TS.xml,S_my_siblings_are_older_than_I_02_TS.wav,,1,7,ñani,ɲa˥ni˩,ɲani,ɲani,yes,sentence-level-word
S_my_siblings_are_older_than_I_02_TS.xml,S_my_siblings_are_older_than_I_02_TS.wav,,10,13,kue,we˧,we,we,yes,sentence-level-word
S_my_siblings_are_older_than_I_02_TS.xml,S_my_siblings_are_older_than_I_02_TS.wav,,13,18,ta'an,t̪ã˥ʔ˩ã,t̪ãʔã,tãʔã,yes,sentence-level-word
S_my_siblings_are_older_than_I_02_TS.xml,S_my_siblings_are_older_than_I_02_TS.wav,,0,3.09,ñani ka kue ta'an ra nuu yu,,,ɲani ɣa we tãʔã ra nũː,,sentence-level-full
S_my_siblings_do_not_live_at_home_02_spkrTS.xml,S_my_siblings_do_not_live_at_home_02_spkrTS.wav,,5,8,yee,jeː↗↘,jeː,jee,yes,sentence-level-word
S_my_siblings_do_not_live_at_home_02_spkrTS.xml,S_my_siblings_do_not_live_at_home_02_spkrTS.wav,,21,29,ve'e,vɛ↘ʔe↗,vɛʔe,vɛʔe,yes,sentence-level-word
S_my_siblings_do_not_live_at_home_02_spkrTS.xml,S_my_siblings_do_not_live_at_home_02_spkrTS.wav,,11,16,ta'an,t̪˥ãʔã˩,t̪ãʔã,tãʔã,yes,sentence-level-word
S_my_siblings_do_not_live_at_home_02_spkrTS.xml,S_my_siblings_do_not_live_at_home_02_spkrTS.wav,,18,21,ka,ɣa↗,ɣa,ɣa,yes,sentence-level-word
S_my_siblings_do_not_live_at_home_02_spkrTS.xml,S_my_siblings_do_not_live_at_home_02_spkrTS.wav,,8,11,ka,ɣa∙,ɣa,ɣa,yes,sentence-level-word
S_my_siblings_do_not_live_at_home_02_spkrTS.xml,S_my_siblings_do_not_live_at_home_02_spkrTS.wav,,16,18,yu,j↘u,ju,ju,yes,sentence-level-word
S_my_siblings_do_not_live_at_home_02_spkrTS.xml,S_my_siblings_do_not_live_at_home_02_spkrTS.wav,,1,5,kuee,kwe˧,kwe,kwe,yes,sentence-level-word
S_my_siblings_do_not_live_at_home_02_spkrTS.xml,S_my_siblings_do_not_live_at_home_02_spkrTS.wav,,0,2.24,kuee yee ka ta'an yu ka ve'e,,,kwe jee ɣa tãʔã ju ɣa vɛʔe,,sentence-level-full
S_nine_husbands_eat_salt_05_spkrJS.xml,S_nine_husbands_eat_salt_05_spkrJS.wav,,3,5,iin,ĩː↘↗,ĩː,ĩː,yes,sentence-level-word
S_nine_husbands_eat_salt_05_spkrJS.xml,S_nine_husbands_eat_salt_05_spkrJS.wav,,1,3,iin,ĩː↘,ĩː,ĩː,yes,sentence-level-word
S_nine_husbands_eat_salt_05_spkrJS.xml,S_nine_husbands_eat_salt_05_spkrJS.wav,,5,11,tsatsi,tsa˧ꜛtsi˥,tsaꜛtsi,t͡sat͡si,yes,sentence-level-word
S_nine_husbands_eat_salt_05_spkrJS.xml,S_nine_husbands_eat_salt_05_spkrJS.wav,,11,17,ii,iː↘↗,iː,ii,yes,sentence-level-word
S_nine_husbands_eat_salt_05_spkrJS.xml,S_nine_husbands_eat_salt_05_spkrJS.wav,,0,2.66,iin iin tsatsi ii,,,ĩː ĩː t͡sat͡si ii,,sentence-level-full
S_run_1s_CMPL_yesterday_01_02_TS.xml,S_run_1s_CMPL_yesterday_01_02_TS.wav,,1,6,sketa,skɛ˩t̪a↘,skɛt̪a,skɛta,yes,sentence-level-word
S_run_1s_CMPL_yesterday_01_02_TS.xml,S_run_1s_CMPL_yesterday_01_02_TS.wav,,6,33,takuni,t̪a˥ku↘ni˧,t̪akuni,takuni,yes,sentence-level-word
S_run_1s_CMPL_yesterday_01_02_TS.xml,S_run_1s_CMPL_yesterday_01_02_TS.wav,,0,2.10,sketa takuni,,,skɛta takuni,,sentence-level-full
S_run_1s_CMPL_yesterday_01_02_TS.xml,S_run_1s_CMPL_yesterday_01_02_TS.wav,,15,21,sketa,skɛ˩t̪a˥↘,skɛt̪a,skɛta,yes,sentence-level-word
S_run_1s_CMPL_yesterday_01_02_TS.xml,S_run_1s_CMPL_yesterday_01_02_TS.wav,,21,34,takuni,t̪a˥ku↘n˧i,t̪akuni,takuni,yes,sentence-level-word
S_run_1s_CMPL_yesterday_01_02_TS.xml,S_run_1s_CMPL_yesterday_01_02_TS.wav,,2.10,4.37,sketa takuni,,,skɛta takuni,,sentence-level-full
S_run_1s_HAB_everyday_01_02_03_TS.xml,S_run_1s_HAB_everyday_01_02_03_TS.wav,,1,7,sketa,skɛ˥t̪a↘,skɛt̪a,skɛta,yes,sentence-level-word
S_run_1s_HAB_everyday_01_02_03_TS.xml,S_run_1s_HAB_everyday_01_02_03_TS.wav,,7,40,ntikii,nd̪i↗kiː↘↗,nd̪ikiː,ndikii,yes,sentence-level-word
S_run_1s_HAB_everyday_01_02_03_TS.xml,S_run_1s_HAB_everyday_01_02_03_TS.wav,,0,1.48,sketa ntikii,,,skɛta ndikii,,sentence-level-full
S_run_1s_HAB_everyday_01_02_03_TS.xml,S_run_1s_HAB_everyday_01_02_03_TS.wav,,14,19,sketa,skɛ˥t̪a↘,skɛt̪a,skɛta,yes,sentence-level-word
S_run_1s_HAB_everyday_01_02_03_TS.xml,S_run_1s_HAB_everyday_01_02_03_TS.wav,,19,41,ntikii,nd̪i↘kiː↘↗ꜛ,nd̪ikiːꜛ,ndikii,yes,sentence-level-word
S_run_1s_HAB_everyday_01_02_03_TS.xml,S_run_1s_HAB_everyday_01_02_03_TS.wav,,1.48,2.98,sketa ntikii,,,skɛta ndikii,,sentence-level-full
S_run_1s_HAB_everyday_01_02_03_TS.xml,S_run_1s_HAB_everyday_01_02_03_TS.wav,,30,42,ntikii,nd̪i↘kiː↘↗ꜛ,nd̪ikiːꜛ,ndikii,yes,sentence-level-word
S_run_1s_HAB_everyday_01_02_03_TS.xml,S_run_1s_HAB_everyday_01_02_03_TS.wav,,25,30,sketa,skɛ˥t̪a↘,skɛt̪a,skɛta,yes,sentence-level-word
S_run_1s_HAB_everyday_01_02_03_TS.xml,S_run_1s_HAB_everyday_01_02_03_TS.wav,,2.98,4.68,sketa ntikii,,,skɛta ndikii,,sentence-level-full
S_see_1s_you_2s-inf_01_02_TS.xml,S_see_1s_you_2s-inf_01_02_TS.wav,,1,8,nche'e̠,ndʒɛ̰↗ʔḛ↘↗,ndʒɛ̰ʔḛ,nd͡ʒɛʔḛ,yes,sentence-level-word
S_see_1s_you_2s-inf_01_02_TS.xml,S_see_1s_you_2s-inf_01_02_TS.wav,,8,12,ku,ɣu↗,ɣu,ɣu,yes,sentence-level-word
S_see_1s_you_2s-inf_01_02_TS.xml,S_see_1s_you_2s-inf_01_02_TS.wav,,0,1.10,nche'e̠ ku,,,nd͡ʒɛʔḛ ɣu,,sentence-level-full
S_she-grandmother_is_still_beautifull_01_02_TS.xml,S_she-grandmother_is_still_beautifull_01_02_TS.wav,,1,4,che'e,tʃe˥,tʃe,t͡ʃe,yes,sentence-level-word
S_she-grandmother_is_still_beautifull_01_02_TS.xml,S_she-grandmother_is_still_beautifull_01_02_TS.wav,,4,6,ii,iː↘,iː,ii,yes,sentence-level-word
S_she-grandmother_is_still_beautifull_01_02_TS.xml,S_she-grandmother_is_still_beautifull_01_02_TS.wav,,6,12,kai,kai˧˥,kai,kai,yes,sentence-level-word
S_she-grandmother_is_still_beautifull_01_02_TS.xml,S_she-grandmother_is_still_beautifull_01_02_TS.wav,,2.60,4.12,che'e ii kai,,,t͡ʃe ii kai,,sentence-level-full
S_siblings_1s_are_older_and_they_dont_live_at_home_01_02_03_TS.xml,S_siblings_1s_are_older_and_they_dont_live_at_home_01_02_03_TS.wav,,7,10,ka,ɣa↗ꜜ,ɣa,ɣa,yes,sentence-level-word
S_siblings_1s_are_older_and_they_dont_live_at_home_01_02_03_TS.xml,S_siblings_1s_are_older_and_they_dont_live_at_home_01_02_03_TS.wav,,10,16,ta'an,t̪ã˥ʔã˩,t̪ãʔã,tãʔã,yes,sentence-level-word
S_siblings_1s_are_older_and_they_dont_live_at_home_01_02_03_TS.xml,S_siblings_1s_are_older_and_they_dont_live_at_home_01_02_03_TS.wav,,19,23,kue,kwe˩,kwe,kwe,yes,sentence-level-word
S_siblings_1s_are_older_and_they_dont_live_at_home_01_02_03_TS.xml,S_siblings_1s_are_older_and_they_dont_live_at_home_01_02_03_TS.wav,,16,19,ra,ra˩,ra,ra,yes,sentence-level-word
S_siblings_1s_are_older_and_they_dont_live_at_home_01_02_03_TS.xml,S_siblings_1s_are_older_and_they_dont_live_at_home_01_02_03_TS.wav,,28,38,ve'e,βɛ˩ʔe↗,βɛʔe,βɛʔe,yes,sentence-level-word
S_siblings_1s_are_older_and_they_dont_live_at_home_01_02_03_TS.xml,S_siblings_1s_are_older_and_they_dont_live_at_home_01_02_03_TS.wav,,1,7,ñani,ɲa˧niː↗↘,ɲaniː,ɲanii,yes,sentence-level-word
S_siblings_1s_are_older_and_they_dont_live_at_home_01_02_03_TS.xml,S_siblings_1s_are_older_and_they_dont_live_at_home_01_02_03_TS.wav,,26,28,yi,j˩i,ji,ji,yes,sentence-level-word
S_siblings_1s_are_older_and_they_dont_live_at_home_01_02_03_TS.xml,S_siblings_1s_are_older_and_they_dont_live_at_home_01_02_03_TS.wav,,23,26,jee,jeː↘,jeː,jee,yes,sentence-level-word
S_siblings_1s_are_older_and_they_dont_live_at_home_01_02_03_TS.xml,S_siblings_1s_are_older_and_they_dont_live_at_home_01_02_03_TS.wav,,4.79,9.10,ñani ka ta'an ra kue jee yi ve'e,,,ɲanii ɣa tãʔã ra kwe jee ji βɛʔe,,sentence-level-full
S_someone_told_me_your_2s_inf_car_broke_down_01_JS.xml,S_someone_told_me_your_2s_inf_car_broke_down_01_JS.wav,,1,10,ntakani,nda˩ka˩n˧i,ndakani,ndakani,yes,sentence-level-word
S_someone_told_me_your_2s_inf_car_broke_down_01_JS.xml,S_someone_told_me_your_2s_inf_car_broke_down_01_JS.wav,,10,13,na,na↘,na,na,yes,sentence-level-word
S_someone_told_me_your_2s_inf_car_broke_down_01_JS.xml,S_someone_told_me_your_2s_inf_car_broke_down_01_JS.wav,,19,26,ntivi,nd̪i˩βi˧,nd̪iβi,ndiβi,yes,sentence-level-word
S_someone_told_me_your_2s_inf_car_broke_down_01_JS.xml,S_someone_told_me_your_2s_inf_car_broke_down_01_JS.wav,,16,19,ña,ɲa↘,ɲa,ɲa,yes,sentence-level-word
S_someone_told_me_your_2s_inf_car_broke_down_01_JS.xml,S_someone_told_me_your_2s_inf_car_broke_down_01_JS.wav,,32,36,ku,ɣu↗,ɣu,ɣu,yes,sentence-level-word
S_someone_told_me_your_2s_inf_car_broke_down_01_JS.xml,S_someone_told_me_your_2s_inf_car_broke_down_01_JS.wav,,13,16,nuu,nũː↘↗↘,nũː,nũː,yes,sentence-level-word
S_someone_told_me_your_2s_inf_car_broke_down_01_JS.xml,S_someone_told_me_your_2s_inf_car_broke_down_01_JS.wav,,26,32,karu,ka˥ru˧ꜛ,karuꜛ,karu,yes,sentence-level-word
S_someone_told_me_your_2s_inf_car_broke_down_01_JS.xml,S_someone_told_me_your_2s_inf_car_broke_down_01_JS.wav,,0,3.06,ntakani na nuu ña ntivi karu ku,,,ndakani na nũː ɲa ndiβi karu ɣu,,sentence-level-full
S_someone_told_you_2s_inf_your_2s_inf_car_broke_down_JS.xml,S_someone_told_you_2s_inf_your_2s_inf_car_broke_down_JS.wav,,1,10,ntakani,nd̪a˩ka˩ni↗,nd̪akani,ndakani,yes,sentence-level-word
S_someone_told_you_2s_inf_your_2s_inf_car_broke_down_JS.xml,S_someone_told_you_2s_inf_your_2s_inf_car_broke_down_JS.wav,,10,13,na,na˩,na,na,yes,sentence-level-word
S_someone_told_you_2s_inf_your_2s_inf_car_broke_down_JS.xml,S_someone_told_you_2s_inf_your_2s_inf_car_broke_down_JS.wav,,19,26,ntivi,nd̪i˩vi˧,nd̪ivi,ndivi,yes,sentence-level-word
S_someone_told_you_2s_inf_your_2s_inf_car_broke_down_JS.xml,S_someone_told_you_2s_inf_your_2s_inf_car_broke_down_JS.wav,,16,19,ña,ɲa˩,ɲa,ɲa,yes,sentence-level-word
S_someone_told_you_2s_inf_your_2s_inf_car_broke_down_JS.xml,S_someone_told_you_2s_inf_your_2s_inf_car_broke_down_JS.wav,,32,37,ku,ɣu↗,ɣu,ɣu,yes,sentence-level-word
S_someone_told_you_2s_inf_your_2s_inf_car_broke_down_JS.xml,S_someone_told_you_2s_inf_your_2s_inf_car_broke_down_JS.wav,,13,16,nui,nũĩ↘↗,nũĩ,nũĩ,yes,sentence-level-word
S_someone_told_you_2s_inf_your_2s_inf_car_broke_down_JS.xml,S_someone_told_you_2s_inf_your_2s_inf_car_broke_down_JS.wav,,26,32,karru,ka˥ru˧,karu,karu,yes,sentence-level-word
S_someone_told_you_2s_inf_your_2s_inf_car_broke_down_JS.xml,S_someone_told_you_2s_inf_your_2s_inf_car_broke_down_JS.wav,,0,3.14,ntakani na nui ña ntivi karru ku,,,ndakani na nũĩ ɲa ndivi karu ɣu,,sentence-level-full
S_someone_told_you_3pl_inf_your_2s_inf_car_broke_down_JS.xml,S_someone_told_you_3pl_inf_your_2s_inf_car_broke_down_JS.wav,,36,40,ku,ɣu↗,ɣu,ɣu,yes,sentence-level-word
S_someone_told_you_3pl_inf_your_2s_inf_car_broke_down_JS.xml,S_someone_told_you_3pl_inf_your_2s_inf_car_broke_down_JS.wav,,21,24,ña,ɲa˩,ɲa,ɲa,yes,sentence-level-word
S_someone_told_you_3pl_inf_your_2s_inf_car_broke_down_JS.xml,S_someone_told_you_3pl_inf_your_2s_inf_car_broke_down_JS.wav,,1,10,ntakani,nd̪a˩ka˧n˥i,nd̪akani,ndakani,yes,sentence-level-word
S_someone_told_you_3pl_inf_your_2s_inf_car_broke_down_JS.xml,S_someone_told_you_3pl_inf_your_2s_inf_car_broke_down_JS.wav,,15,21,kueyi,we˧ji˩,weji,weji,yes,sentence-level-word
S_someone_told_you_3pl_inf_your_2s_inf_car_broke_down_JS.xml,S_someone_told_you_3pl_inf_your_2s_inf_car_broke_down_JS.wav,,10,13,na,na˩,na,na,yes,sentence-level-word
S_someone_told_you_3pl_inf_your_2s_inf_car_broke_down_JS.xml,S_someone_told_you_3pl_inf_your_2s_inf_car_broke_down_JS.wav,,24,30,ntivi,ndi˩vi˧,ndivi,ndivi,yes,sentence-level-word
S_someone_told_you_3pl_inf_your_2s_inf_car_broke_down_JS.xml,S_someone_told_you_3pl_inf_your_2s_inf_car_broke_down_JS.wav,,13,15,nuu,n↘↗ũː,nũː,nũː,yes,sentence-level-word
S_someone_told_you_3pl_inf_your_2s_inf_car_broke_down_JS.xml,S_someone_told_you_3pl_inf_your_2s_inf_car_broke_down_JS.wav,,30,36,karru,ka˥ru↘,karu,karu,yes,sentence-level-word
S_someone_told_you_3pl_inf_your_2s_inf_car_broke_down_JS.xml,S_someone_told_you_3pl_inf_your_2s_inf_car_broke_down_JS.wav,,0,3.49,ntakani na nuu kueyi ña ntivi karru ku,,,ndakani na nũː weji ɲa ndivi karu ɣu,,sentence-level-full
S_speak_1s_on_behalf_of_Pedro_01_02_03_TS.xml,S_speak_1s_on_behalf_of_Pedro_01_02_03_TS.wav,,14,67,Pedro,pe↗d̪ro˩,ped̪ro,pedro,yes,sentence-level-word
S_speak_1s_on_behalf_of_Pedro_01_02_03_TS.xml,S_speak_1s_on_behalf_of_Pedro_01_02_03_TS.wav,,1,6,ka'an,kã˥ʔã̰,kãʔã̰,kãʔã̰,yes,sentence-level-word
S_speak_1s_on_behalf_of_Pedro_01_02_03_TS.xml,S_speak_1s_on_behalf_of_Pedro_01_02_03_TS.wav,,8,14,tsa'a,tsa̰∙ʔa˩↗,tsa̰ʔa,t͡saʔa,yes,sentence-level-word
S_speak_1s_on_behalf_of_Pedro_01_02_03_TS.xml,S_speak_1s_on_behalf_of_Pedro_01_02_03_TS.wav,,6,8,yu,↘j↘u,ju,ju,yes,sentence-level-word
S_speak_1s_on_behalf_of_Pedro_01_02_03_TS.xml,S_speak_1s_on_behalf_of_Pedro_01_02_03_TS.wav,,0,3.19,ka'an yu tsa'a Pedro,,,kãʔã̰ ju t͡saʔa pedro,,sentence-level-full
S_speak_1s_on_behalf_of_Pedro_01_02_03_TS.xml,S_speak_1s_on_behalf_of_Pedro_01_02_03_TS.wav,,27,30,yu,ju˩,ju,ju,yes,sentence-level-word
S_speak_1s_on_behalf_of_Pedro_01_02_03_TS.xml,S_speak_1s_on_behalf_of_Pedro_01_02_03_TS.wav,,30,35,tsa'a,tsa̰∙ʔa̰↗,tsa̰ʔa̰,t͡saʔa̰,yes,sentence-level-word
S_speak_1s_on_behalf_of_Pedro_01_02_03_TS.xml,S_speak_1s_on_behalf_of_Pedro_01_02_03_TS.wav,,21,27,ka'an,kã˥ʔã̰˩,kãʔã̰,kãʔã̰,yes,sentence-level-word
S_speak_1s_on_behalf_of_Pedro_01_02_03_TS.xml,S_speak_1s_on_behalf_of_Pedro_01_02_03_TS.wav,,35,68,Pedro,p˥ꜜɛd̪ro↘,pɛd̪ro,pɛdro,yes,sentence-level-word
S_speak_1s_on_behalf_of_Pedro_01_02_03_TS.xml,S_speak_1s_on_behalf_of_Pedro_01_02_03_TS.wav,,3.19,5.66,ka'an yu tsa'a Pedro,,,kãʔã̰ ju t͡saʔa̰ pɛdro,,sentence-level-full
S_speak_1s_on_behalf_of_Pedro_01_02_03_TS.xml,S_speak_1s_on_behalf_of_Pedro_01_02_03_TS.wav,,52,69,Pedro,pɛ˥ꜜd̪ro↘,pɛd̪ro,pɛdro,yes,sentence-level-word
S_speak_1s_on_behalf_of_Pedro_01_02_03_TS.xml,S_speak_1s_on_behalf_of_Pedro_01_02_03_TS.wav,,49,52,tsa'a,tsa̰ː↗↘ꜜ,tsa̰ː,t͡sa̰a̰,yes,sentence-level-word
S_speak_1s_on_behalf_of_Pedro_01_02_03_TS.xml,S_speak_1s_on_behalf_of_Pedro_01_02_03_TS.wav,,40,46,ka'an,kã̰∙ʔã̰˩,kã̰ʔã̰,kã̰ʔã̰,yes,sentence-level-word
S_speak_1s_on_behalf_of_Pedro_01_02_03_TS.xml,S_speak_1s_on_behalf_of_Pedro_01_02_03_TS.wav,,46,49,yu,ju˩ꜛ,juꜛ,ju,yes,sentence-level-word
S_speak_1s_on_behalf_of_Pedro_01_02_03_TS.xml,S_speak_1s_on_behalf_of_Pedro_01_02_03_TS.wav,,5.66,9.51,ka'an yu tsa'a Pedro,,,kã̰ʔã̰ ju t͡sa̰a̰ pɛdro,,sentence-level-full
S_stand_in_back_of_the_house_01_02_TS.xml,S_stand_in_back_of_the_house_01_02_TS.wav,,7,13,sata,sa↘t̪a↗,sat̪a,sata,yes,sentence-level-word
S_stand_in_back_of_the_house_01_02_TS.xml,S_stand_in_back_of_the_house_01_02_TS.wav,,1,4,kuun,kũː↘,kũː,kũː,yes,sentence-level-word
S_stand_in_back_of_the_house_01_02_TS.xml,S_stand_in_back_of_the_house_01_02_TS.wav,,19,44,ka,ɣa↗,ɣa,ɣa,yes,sentence-level-word
S_stand_in_back_of_the_house_01_02_TS.xml,S_stand_in_back_of_the_house_01_02_TS.wav,,4,7,kaa,k̬aː↘,k̬aː,k̬aa,yes,sentence-level-word
S_stand_in_back_of_the_house_01_02_TS.xml,S_stand_in_back_of_the_house_01_02_TS.wav,,13,19,ve'e,βɛ˥ʔe↘,βɛʔe,βɛʔe,yes,sentence-level-word
S_stand_in_back_of_the_house_01_02_TS.xml,S_stand_in_back_of_the_house_01_02_TS.wav,,0,1.85,kuun kaa sata ve'e ka,,,kũː k̬aa sata βɛʔe ɣa,,sentence-level-full
S_stand_in_back_of_the_house_01_02_TS.xml,S_stand_in_back_of_the_house_01_02_TS.wav,,39,45,ka,ɣa↗,ɣa,ɣa,yes,sentence-level-word
S_stand_in_back_of_the_house_01_02_TS.xml,S_stand_in_back_of_the_house_01_02_TS.wav,,22,25,kuun,kũː˥ꜜ,kũː,kũː,yes,sentence-level-word
S_stand_in_back_of_the_house_01_02_TS.xml,S_stand_in_back_of_the_house_01_02_TS.wav,,33,39,ve'e,βɛ˥ʔe˩,βɛʔe,βɛʔe,yes,sentence-level-word
S_stand_in_back_of_the_house_01_02_TS.xml,S_stand_in_back_of_the_house_01_02_TS.wav,,28,33,sata,sa˩t̪˥ꜜa,sat̪a,sata,yes,sentence-level-word
S_stand_in_back_of_the_house_01_02_TS.xml,S_stand_in_back_of_the_house_01_02_TS.wav,,25,28,kaa,k̬aː↘,k̬aː,k̬aa,yes,sentence-level-word
S_stand_in_back_of_the_house_01_02_TS.xml,S_stand_in_back_of_the_house_01_02_TS.wav,,1.85,3.82,kuun kaa sata ve'e ka,,,kũː k̬aa sata βɛʔe ɣa,,sentence-level-full
S_stand_in_front_of_the_house_01_02_03_TS.xml,S_stand_in_front_of_the_house_01_02_03_TS.wav,,7,10,nuu,nũː↘↗,nũː,nũː,yes,sentence-level-word
S_stand_in_front_of_the_house_01_02_03_TS.xml,S_stand_in_front_of_the_house_01_02_03_TS.wav,,15,39,ka,ɣa↗,ɣa,ɣa,yes,sentence-level-word
S_stand_in_front_of_the_house_01_02_03_TS.xml,S_stand_in_front_of_the_house_01_02_03_TS.wav,,10,15,ve'e,βɛ̰˥ʔ˩e,βɛ̰ʔe,βɛʔe,yes,sentence-level-word
S_stand_in_front_of_the_house_01_02_03_TS.xml,S_stand_in_front_of_the_house_01_02_03_TS.wav,,4,7,kaa,k̬aː↘,k̬aː,k̬aa,yes,sentence-level-word
S_stand_in_front_of_the_house_01_02_03_TS.xml,S_stand_in_front_of_the_house_01_02_03_TS.wav,,1,4,kuun,kũː˥,kũː,kũː,yes,sentence-level-word
S_stand_in_front_of_the_house_01_02_03_TS.xml,S_stand_in_front_of_the_house_01_02_03_TS.wav,,0,1.98,kuun kaa nuu ve'e ka,,,kũː k̬aa nũː βɛʔe ɣa,,sentence-level-full
S_stand_in_front_of_the_house_01_02_03_TS.xml,S_stand_in_front_of_the_house_01_02_03_TS.wav,,21,24,kaa,k̬aː↘,k̬aː,k̬aa,yes,sentence-level-word
S_stand_in_front_of_the_house_01_02_03_TS.xml,S_stand_in_front_of_the_house_01_02_03_TS.wav,,18,21,kuun,kũː˥ꜜ,kũː,kũː,yes,sentence-level-word
S_stand_in_front_of_the_house_01_02_03_TS.xml,S_stand_in_front_of_the_house_01_02_03_TS.wav,,27,33,ve'e,βɛ˥ʔe˩,βɛʔe,βɛʔe,yes,sentence-level-word
S_stand_in_front_of_the_house_01_02_03_TS.xml,S_stand_in_front_of_the_house_01_02_03_TS.wav,,24,27,nuu,nũː↘↗ꜛ,nũːꜛ,nũː,yes,sentence-level-word
S_stand_in_front_of_the_house_01_02_03_TS.xml,S_stand_in_front_of_the_house_01_02_03_TS.wav,,33,40,ka,ɣa↗,ɣa,ɣa,yes,sentence-level-word
S_stand_in_front_of_the_house_01_02_03_TS.xml,S_stand_in_front_of_the_house_01_02_03_TS.wav,,1.98,3.97,kuun kaa nuu ve'e ka,,,kũː k̬aa nũː βɛʔe ɣa,,sentence-level-full
S_stand_on_the_side_of_the_house_02_TS.xml,S_stand_on_the_side_of_the_house_02_TS.wav,,7,10,xiin,ʃĩː↘↗,ʃĩː,ʃĩː,yes,sentence-level-word
S_stand_on_the_side_of_the_house_02_TS.xml,S_stand_on_the_side_of_the_house_02_TS.wav,,10,16,ve'e,βɛ̰˥ʔe˩,βɛ̰ʔe,βɛʔe,yes,sentence-level-word
S_stand_on_the_side_of_the_house_02_TS.xml,S_stand_on_the_side_of_the_house_02_TS.wav,,4,7,kaa,k̬aː↘,k̬aː,k̬aa,yes,sentence-level-word
S_stand_on_the_side_of_the_house_02_TS.xml,S_stand_on_the_side_of_the_house_02_TS.wav,,16,20,ka,ɣa↗,ɣa,ɣa,yes,sentence-level-word
S_stand_on_the_side_of_the_house_02_TS.xml,S_stand_on_the_side_of_the_house_02_TS.wav,,1,4,kuun,kũː˥,kũː,kũː,yes,sentence-level-word
S_stand_on_the_side_of_the_house_02_TS.xml,S_stand_on_the_side_of_the_house_02_TS.wav,,0,1.78,kuun kaa xiin ve'e ka,,,kũː k̬aa ʃĩː βɛʔe ɣa,,sentence-level-full
S_stay_at_FUT_home_tomorrow_1s_01_02_03_TS.xml,S_stay_at_FUT_home_tomorrow_1s_01_02_03_TS.wav,,14,21,ve'e,mβɛ˥ʔe↘,mβɛʔe,mβɛʔe,yes,sentence-level-word
S_stay_at_FUT_home_tomorrow_1s_01_02_03_TS.xml,S_stay_at_FUT_home_tomorrow_1s_01_02_03_TS.wav,,1,7,kunkuu,kuː˥k̬ũː↘,kuːk̬ũː,kuuk̬ũː,yes,sentence-level-word
S_stay_at_FUT_home_tomorrow_1s_01_02_03_TS.xml,S_stay_at_FUT_home_tomorrow_1s_01_02_03_TS.wav,,7,14,ntu'u yu,nd̪u˥ʔu↘↗ꜜ,nd̪uʔu,nduʔu,yes,sentence-level-word
S_stay_at_FUT_home_tomorrow_1s_01_02_03_TS.xml,S_stay_at_FUT_home_tomorrow_1s_01_02_03_TS.wav,,21,26,xchaan,ʃãː↘,ʃãː,ʃãː,yes,sentence-level-word
S_stay_at_FUT_home_tomorrow_1s_01_02_03_TS.xml,S_stay_at_FUT_home_tomorrow_1s_01_02_03_TS.wav,,0,2.53,kunkuu ntu'u yu ve'e xchaan,,,kuuk̬ũː nduʔu mβɛʔe ʃãː,,sentence-level-full
S_stay_at_FUT_home_tomorrow_3s_inf_01_02_03_TS.xml,S_stay_at_FUT_home_tomorrow_3s_inf_01_02_03_TS.wav,,1,5,kunkuu,k˥ũk̬u↘,kũk̬u,kũk̬u,yes,sentence-level-word
S_stay_at_FUT_home_tomorrow_3s_inf_01_02_03_TS.xml,S_stay_at_FUT_home_tomorrow_3s_inf_01_02_03_TS.wav,,5,12,ntu'i,ndu˥ʔĩ↘,nduʔĩ,nduʔĩ,yes,sentence-level-word
S_stay_at_FUT_home_tomorrow_3s_inf_01_02_03_TS.xml,S_stay_at_FUT_home_tomorrow_3s_inf_01_02_03_TS.wav,,12,18,ve'e,βɛ↗ꜜʔe↘ꜜ,βɛʔe,βɛʔe,yes,sentence-level-word
S_stay_at_FUT_home_tomorrow_3s_inf_01_02_03_TS.xml,S_stay_at_FUT_home_tomorrow_3s_inf_01_02_03_TS.wav,,18,23,xchaan,ʃãː↘ꜜ,ʃãː,ʃãː,yes,sentence-level-word
S_stay_at_FUT_home_tomorrow_3s_inf_01_02_03_TS.xml,S_stay_at_FUT_home_tomorrow_3s_inf_01_02_03_TS.wav,,0,2.13,kunkuu ntu'i ve'e xchaan,,,kũk̬u nduʔĩ βɛʔe ʃãː,,sentence-level-full
S_stay_at_PRES_home_today_1s_01_02_03_TS.xml,S_stay_at_PRES_home_today_1s_01_02_03_TS.wav,,15,26,michu'ni,m˩itʃu˥ʔni↗,mitʃuʔni,mit͡ʃuʔni,yes,sentence-level-word
S_stay_at_PRES_home_today_1s_01_02_03_TS.xml,S_stay_at_PRES_home_today_1s_01_02_03_TS.wav,,1,3,in,i˧,i,i,yes,sentence-level-word
S_stay_at_PRES_home_today_1s_01_02_03_TS.xml,S_stay_at_PRES_home_today_1s_01_02_03_TS.wav,,9,15,ve'e,βɛ˥ꜜʔe˩,βɛʔe,βɛʔe,yes,sentence-level-word
S_stay_at_PRES_home_today_1s_01_02_03_TS.xml,S_stay_at_PRES_home_today_1s_01_02_03_TS.wav,,3,9,ntu'u yu,nu↗ʔu↘↗ꜜ,nuʔu,nuʔu,yes,sentence-level-word
S_stay_at_PRES_home_today_1s_01_02_03_TS.xml,S_stay_at_PRES_home_today_1s_01_02_03_TS.wav,,4.95,6.83,in ntu'u yu ve'e michu'ni,,,i nuʔu βɛʔe mit͡ʃuʔni,,sentence-level-full
S_stay_at_PST_home_the_other_day_1s_01_02_03_TS.xml,S_stay_at_PST_home_the_other_day_1s_01_02_03_TS.wav,,1,7,ve'e,βɛ↗ʔe↘,βɛʔe,βɛʔe,yes,sentence-level-word
S_stay_at_PST_home_the_other_day_1s_01_02_03_TS.xml,S_stay_at_PST_home_the_other_day_1s_01_02_03_TS.wav,,7,11,ntsi,ntsi˩,ntsi,nt͡si,yes,sentence-level-word
S_stay_at_PST_home_the_other_day_1s_01_02_03_TS.xml,S_stay_at_PST_home_the_other_day_1s_01_02_03_TS.wav,,11,17,ntu'u yu,nd̪˥uʔu↘,nd̪uʔu,nduʔu,yes,sentence-level-word
S_stay_at_PST_home_the_other_day_1s_01_02_03_TS.xml,S_stay_at_PST_home_the_other_day_1s_01_02_03_TS.wav,,17,26,taikuñu,t̪ai↘kuɲ↘↗ꜜũː,t̪aikuɲũː,taikuɲũː,yes,sentence-level-word
S_stay_at_PST_home_the_other_day_1s_01_02_03_TS.xml,S_stay_at_PST_home_the_other_day_1s_01_02_03_TS.wav,,0,2.26,ve'e ntsi ntu'u yu taikuñu,,,βɛʔe nt͡si nduʔu taikuɲũː,,sentence-level-full
S_stay_at_PST_the_other_day_3s_inf_01_02_03_TS.xml,S_stay_at_PST_the_other_day_3s_inf_01_02_03_TS.wav,,15,26,taikuñu,t̪ai˥ku↘ɲũː↘↗,t̪aikuɲũː,taikuɲũː,yes,sentence-level-word
S_stay_at_PST_the_other_day_3s_inf_01_02_03_TS.xml,S_stay_at_PST_the_other_day_3s_inf_01_02_03_TS.wav,,1,7,ve'e,βɛ˥ʔe↘,βɛʔe,βɛʔe,yes,sentence-level-word
S_stay_at_PST_the_other_day_3s_inf_01_02_03_TS.xml,S_stay_at_PST_the_other_day_3s_inf_01_02_03_TS.wav,,7,11,ntsi,ntsi↘,ntsi,nt͡si,yes,sentence-level-word
S_stay_at_PST_the_other_day_3s_inf_01_02_03_TS.xml,S_stay_at_PST_the_other_day_3s_inf_01_02_03_TS.wav,,11,15,ntu'i,nd̪ui˥↘,nd̪ui,ndui,yes,sentence-level-word
S_stay_at_PST_the_other_day_3s_inf_01_02_03_TS.xml,S_stay_at_PST_the_other_day_3s_inf_01_02_03_TS.wav,,0,2.19,ve'e ntsi ntu'i taikuñu,,,βɛʔe nt͡si ndui taikuɲũː,,sentence-level-full
S_that_beautiful_woman_eats_chicken_1st_pl_01_spkrJS.xml,S_that_beautiful_woman_eats_chicken_1st_pl_01_spkrJS.wav,,7,10,chee,tʃeː˥,tʃeː,t͡ʃee,yes,sentence-level-word
S_that_beautiful_woman_eats_chicken_1st_pl_01_spkrJS.xml,S_that_beautiful_woman_eats_chicken_1st_pl_01_spkrJS.wav,,21,24,chuun,tʃũː↘↗,tʃũː,t͡ʃũː,yes,sentence-level-word
S_that_beautiful_woman_eats_chicken_1st_pl_01_spkrJS.xml,S_that_beautiful_woman_eats_chicken_1st_pl_01_spkrJS.wav,,10,16,kaka,ka↘ɣa↗,kaɣa,kaɣa,yes,sentence-level-word
S_that_beautiful_woman_eats_chicken_1st_pl_01_spkrJS.xml,S_that_beautiful_woman_eats_chicken_1st_pl_01_spkrJS.wav,,24,30,ko,ɣo↗,ɣo,ɣo,yes,sentence-level-word
S_that_beautiful_woman_eats_chicken_1st_pl_01_spkrJS.xml,S_that_beautiful_woman_eats_chicken_1st_pl_01_spkrJS.wav,,16,21,tsatsia,ts˥atsia˥↘,tsatsia,t͡sat͡sia,yes,sentence-level-word
S_that_beautiful_woman_eats_chicken_1st_pl_01_spkrJS.xml,S_that_beautiful_woman_eats_chicken_1st_pl_01_spkrJS.wav,,1,7,ña'a,ɲã↗ʔã↘,ɲãʔã,ɲãʔã,yes,sentence-level-word
S_that_beautiful_woman_eats_chicken_1st_pl_01_spkrJS.xml,S_that_beautiful_woman_eats_chicken_1st_pl_01_spkrJS.wav,,0,3.56,ña'a chee kaka tsatsia chuun ko,,,ɲãʔã t͡ʃee kaɣa t͡sat͡sia t͡ʃũː ɣo,,sentence-level-full
S_that_beautiful_woman_eats_chicken_1st_sg_01_spkrJS.xml,S_that_beautiful_woman_eats_chicken_1st_sg_01_spkrJS.wav,,7,12,chee,tʃɛ↘e↗,tʃɛe,t͡ʃɛe,yes,sentence-level-word
S_that_beautiful_woman_eats_chicken_1st_sg_01_spkrJS.xml,S_that_beautiful_woman_eats_chicken_1st_sg_01_spkrJS.wav,,18,23,tsatsia,ts˥atsia˥↘,tsatsia,t͡sat͡sia,yes,sentence-level-word
S_that_beautiful_woman_eats_chicken_1st_sg_01_spkrJS.xml,S_that_beautiful_woman_eats_chicken_1st_sg_01_spkrJS.wav,,12,18,kaka,ka↘↗ɣa↗,kaɣa,kaɣa,yes,sentence-level-word
S_that_beautiful_woman_eats_chicken_1st_sg_01_spkrJS.xml,S_that_beautiful_woman_eats_chicken_1st_sg_01_spkrJS.wav,,1,7,ña'a,ɲã˩ʔa↗,ɲãʔa,ɲãʔa,yes,sentence-level-word
S_that_beautiful_woman_eats_chicken_1st_sg_01_spkrJS.xml,S_that_beautiful_woman_eats_chicken_1st_sg_01_spkrJS.wav,,23,31,chuun yu,tʃũː↘↗↘,tʃũː,t͡ʃũː,yes,sentence-level-word
S_that_beautiful_woman_eats_chicken_1st_sg_01_spkrJS.xml,S_that_beautiful_woman_eats_chicken_1st_sg_01_spkrJS.wav,,0,3.92,ña'a chee kaka tsatsia chuun yu,,,ɲãʔa t͡ʃɛe kaɣa t͡sat͡sia t͡ʃũː,,sentence-level-full
S_that_beautiful_woman_eats_the_chicken_02_JS.xml,S_that_beautiful_woman_eats_the_chicken_02_JS.wav,,7,13,chee,tʃɛ˥ʔe˥,tʃɛʔe,t͡ʃɛʔe,yes,sentence-level-word
S_that_beautiful_woman_eats_the_chicken_02_JS.xml,S_that_beautiful_woman_eats_the_chicken_02_JS.wav,,18,23,tsatsia,tsa˥tsia˥↘,tsatsia,t͡sat͡sia,yes,sentence-level-word
S_that_beautiful_woman_eats_the_chicken_02_JS.xml,S_that_beautiful_woman_eats_the_chicken_02_JS.wav,,1,7,ña'a,ɲa↘ʔa↗,ɲaʔa,ɲaʔa,yes,sentence-level-word
S_that_beautiful_woman_eats_the_chicken_02_JS.xml,S_that_beautiful_woman_eats_the_chicken_02_JS.wav,,13,18,kaka,k↘aːɣa↗,kaːɣa,kaaɣa,yes,sentence-level-word
S_that_beautiful_woman_eats_the_chicken_02_JS.xml,S_that_beautiful_woman_eats_the_chicken_02_JS.wav,,23,31,chuun,tʃũː↘↗,tʃũː,t͡ʃũː,yes,sentence-level-word
S_that_beautiful_woman_eats_the_chicken_02_JS.xml,S_that_beautiful_woman_eats_the_chicken_02_JS.wav,,0,3.54,ña'a chee kaka tsatsia chuun,,,ɲaʔa t͡ʃɛʔe kaaɣa t͡sat͡sia t͡ʃũː,,sentence-level-full
S_the-that_priest_hit_1st_sg_01_JS.xml,S_the-that_priest_hit_1st_sg_01_JS.wav,,1,7,sutu,su˩t̪u˩,sut̪u,sutu,yes,sentence-level-word
S_the-that_priest_hit_1st_sg_01_JS.xml,S_the-that_priest_hit_1st_sg_01_JS.wav,,10,20,nikani,ni↘ka˩ni˩,nikani,nikani,yes,sentence-level-word
S_the-that_priest_hit_1st_sg_01_JS.xml,S_the-that_priest_hit_1st_sg_01_JS.wav,,7,10,ka,ɣa↗,ɣa,ɣa,yes,sentence-level-word
S_the-that_priest_hit_1st_sg_01_JS.xml,S_the-that_priest_hit_1st_sg_01_JS.wav,,20,24,yu,ju↘,ju,ju,yes,sentence-level-word
S_the-that_priest_hit_1st_sg_01_JS.xml,S_the-that_priest_hit_1st_sg_01_JS.wav,,0,2.34,sutu ka nikani yu,,,sutu ɣa nikani ju,,sentence-level-full
S_the_bat_fly_COMPL_get_up_out_of_COMPL_the_cave_01_02_TS.xml,S_the_bat_fly_COMPL_get_up_out_of_COMPL_the_cave_01_02_TS.wav,,17,20,ka,ɣa↗,ɣa,ɣa,yes,sentence-level-word
S_the_bat_fly_COMPL_get_up_out_of_COMPL_the_cave_01_02_TS.xml,S_the_bat_fly_COMPL_get_up_out_of_COMPL_the_cave_01_02_TS.wav,,31,34,nuu,nũː↘↗ꜜ,nũː,nũː,yes,sentence-level-word
S_the_bat_fly_COMPL_get_up_out_of_COMPL_the_cave_01_02_TS.xml,S_the_bat_fly_COMPL_get_up_out_of_COMPL_the_cave_01_02_TS.wav,,8,17,tikuchi,t̪i∙ku˧tʃi˩,t̪ikutʃi,tikut͡ʃi,yes,sentence-level-word
S_the_bat_fly_COMPL_get_up_out_of_COMPL_the_cave_01_02_TS.xml,S_the_bat_fly_COMPL_get_up_out_of_COMPL_the_cave_01_02_TS.wav,,20,23,ni,ni↘,ni,ni,yes,sentence-level-word
S_the_bat_fly_COMPL_get_up_out_of_COMPL_the_cave_01_02_TS.xml,S_the_bat_fly_COMPL_get_up_out_of_COMPL_the_cave_01_02_TS.wav,,1,8,ntava,nd̪a˩va˧,nd̪ava,ndava,yes,sentence-level-word
S_the_bat_fly_COMPL_get_up_out_of_COMPL_the_cave_01_02_TS.xml,S_the_bat_fly_COMPL_get_up_out_of_COMPL_the_cave_01_02_TS.wav,,34,42,kava,ka˥βa˩,kaβa,kaβa,yes,sentence-level-word
S_the_bat_fly_COMPL_get_up_out_of_COMPL_the_cave_01_02_TS.xml,S_the_bat_fly_COMPL_get_up_out_of_COMPL_the_cave_01_02_TS.wav,,23,31,ntivia,ndi˩βja↘,ndiβja,ndiβja,yes,sentence-level-word
S_the_bat_fly_COMPL_get_up_out_of_COMPL_the_cave_01_02_TS.xml,S_the_bat_fly_COMPL_get_up_out_of_COMPL_the_cave_01_02_TS.wav,,4.13,7.35,ntava tikuchi ka ni ntivia nuu kava,,,ndava tikut͡ʃi ɣa ni ndiβja nũː kaβa,,sentence-level-full
S_the_bat_fly_COMPL_to_the_cave_enter_COMPL_02_03_TS.xml,S_the_bat_fly_COMPL_to_the_cave_enter_COMPL_02_03_TS.wav,,7,16,tikuchi,t̪i∙ku˧tʃi˧,t̪ikutʃi,tikut͡ʃi,yes,sentence-level-word
S_the_bat_fly_COMPL_to_the_cave_enter_COMPL_02_03_TS.xml,S_the_bat_fly_COMPL_to_the_cave_enter_COMPL_02_03_TS.wav,,19,22,ni,ni˩,ni,ni,yes,sentence-level-word
S_the_bat_fly_COMPL_to_the_cave_enter_COMPL_02_03_TS.xml,S_the_bat_fly_COMPL_to_the_cave_enter_COMPL_02_03_TS.wav,,22,25,kii,kiː↘↗ꜜ,kiː,kii,yes,sentence-level-word
S_the_bat_fly_COMPL_to_the_cave_enter_COMPL_02_03_TS.xml,S_the_bat_fly_COMPL_to_the_cave_enter_COMPL_02_03_TS.wav,,16,19,ka,ɣa↗,ɣa,ɣa,yes,sentence-level-word
S_the_bat_fly_COMPL_to_the_cave_enter_COMPL_02_03_TS.xml,S_the_bat_fly_COMPL_to_the_cave_enter_COMPL_02_03_TS.wav,,28,35,kava,ka˥va˩,kava,kava,yes,sentence-level-word
S_the_bat_fly_COMPL_to_the_cave_enter_COMPL_02_03_TS.xml,S_the_bat_fly_COMPL_to_the_cave_enter_COMPL_02_03_TS.wav,,1,7,ntava,nd̪a˩βa˧,nd̪aβa,ndaβa,yes,sentence-level-word
S_the_bat_fly_COMPL_to_the_cave_enter_COMPL_02_03_TS.xml,S_the_bat_fly_COMPL_to_the_cave_enter_COMPL_02_03_TS.wav,,25,28,nuu,nũː↘↗ꜜ,nũː,nũː,yes,sentence-level-word
S_the_bat_fly_COMPL_to_the_cave_enter_COMPL_02_03_TS.xml,S_the_bat_fly_COMPL_to_the_cave_enter_COMPL_02_03_TS.wav,,0,3.35,ntava tikuchi ka ni kii nuu kava,,,ndaβa tikut͡ʃi ɣa ni kii nũː kava,,sentence-level-full
S_the_bat_fly_FUT_into_the_cave_01_02_03_TS.xml,S_the_bat_fly_FUT_into_the_cave_01_02_03_TS.wav,,17,19,ka,ɣ↗a,ɣa,ɣa,yes,sentence-level-word
S_the_bat_fly_FUT_into_the_cave_01_02_03_TS.xml,S_the_bat_fly_FUT_into_the_cave_01_02_03_TS.wav,,5,11,ntava,nda˧β˧a,ndaβa,ndaβa,yes,sentence-level-word
S_the_bat_fly_FUT_into_the_cave_01_02_03_TS.xml,S_the_bat_fly_FUT_into_the_cave_01_02_03_TS.wav,,11,17,tikuchi,ti˥k˩utʃ,tikutʃ,tikut͡ʃ,yes,sentence-level-word
S_the_bat_fly_FUT_into_the_cave_01_02_03_TS.xml,S_the_bat_fly_FUT_into_the_cave_01_02_03_TS.wav,,27,30,nuu,n↘↗ꜜũː,nũː,nũː,yes,sentence-level-word
S_the_bat_fly_FUT_into_the_cave_01_02_03_TS.xml,S_the_bat_fly_FUT_into_the_cave_01_02_03_TS.wav,,19,27,ntivia,nd̪i˧βja˩,nd̪iβja,ndiβja,yes,sentence-level-word
S_the_bat_fly_FUT_into_the_cave_01_02_03_TS.xml,S_the_bat_fly_FUT_into_the_cave_01_02_03_TS.wav,,1,5,kuun,kũ↘,kũ,kũ,yes,sentence-level-word
S_the_bat_fly_FUT_into_the_cave_01_02_03_TS.xml,S_the_bat_fly_FUT_into_the_cave_01_02_03_TS.wav,,30,38,kava,ka˥βa˩,kaβa,kaβa,yes,sentence-level-word
S_the_bat_fly_FUT_into_the_cave_01_02_03_TS.xml,S_the_bat_fly_FUT_into_the_cave_01_02_03_TS.wav,,2.71,5.25,kuun ntava tikuchi ka ntivia nuu kava,,,kũ ndaβa tikut͡ʃ ɣa ndiβja nũː kaβa,,sentence-level-full
S_the_bat_fly_FUT_out_of_the_cave_01_02_TS.xml,S_the_bat_fly_FUT_out_of_the_cave_01_02_TS.wav,,11,19,tikuchi,t̪∙iku˧tʃi˧,t̪ikutʃi,tikut͡ʃi,yes,sentence-level-word
S_the_bat_fly_FUT_out_of_the_cave_01_02_TS.xml,S_the_bat_fly_FUT_out_of_the_cave_01_02_TS.wav,,21,24,kii,kiː↘,kiː,kii,yes,sentence-level-word
S_the_bat_fly_FUT_out_of_the_cave_01_02_TS.xml,S_the_bat_fly_FUT_out_of_the_cave_01_02_TS.wav,,27,37,kava,ka˥va˩,kava,kava,yes,sentence-level-word
S_the_bat_fly_FUT_out_of_the_cave_01_02_TS.xml,S_the_bat_fly_FUT_out_of_the_cave_01_02_TS.wav,,24,27,yu'u,ju↘,ju,ju,yes,sentence-level-word
S_the_bat_fly_FUT_out_of_the_cave_01_02_TS.xml,S_the_bat_fly_FUT_out_of_the_cave_01_02_TS.wav,,19,21,ka,ɣ↗a,ɣa,ɣa,yes,sentence-level-word
S_the_bat_fly_FUT_out_of_the_cave_01_02_TS.xml,S_the_bat_fly_FUT_out_of_the_cave_01_02_TS.wav,,4,11,ntava,nd̪a˧va˧,nd̪ava,ndava,yes,sentence-level-word
S_the_bat_fly_FUT_out_of_the_cave_01_02_TS.xml,S_the_bat_fly_FUT_out_of_the_cave_01_02_TS.wav,,1,4,kuun,kũː↘,kũː,kũː,yes,sentence-level-word
S_the_bat_fly_FUT_out_of_the_cave_01_02_TS.xml,S_the_bat_fly_FUT_out_of_the_cave_01_02_TS.wav,,0,3.02,kuun ntava tikuchi ka kii yu'u kava,,,kũː ndava tikut͡ʃi ɣa kii ju kava,,sentence-level-full
S_the_bee_is_flying_around_the_tree_01_02_03_TS.xml,S_the_bee_is_flying_around_the_tree_01_02_03_TS.wav,,7,13,ñuñu,ɲũ˥ɲũ˩,ɲũɲũ,ɲũɲũ,yes,sentence-level-word
S_the_bee_is_flying_around_the_tree_01_02_03_TS.xml,S_the_bee_is_flying_around_the_tree_01_02_03_TS.wav,,1,7,tava,nda˥va˧,ndava,ndava,yes,sentence-level-word
S_the_bee_is_flying_around_the_tree_01_02_03_TS.xml,S_the_bee_is_flying_around_the_tree_01_02_03_TS.wav,,19,80,tuyutsa,t̪ju˩tsa↗,t̪jutsa,tjut͡sa,yes,sentence-level-word
S_the_bee_is_flying_around_the_tree_01_02_03_TS.xml,S_the_bee_is_flying_around_the_tree_01_02_03_TS.wav,,16,19,xiin,ʃĩ↘↗,ʃĩ,ʃĩ,yes,sentence-level-word
S_the_bee_is_flying_around_the_tree_01_02_03_TS.xml,S_the_bee_is_flying_around_the_tree_01_02_03_TS.wav,,13,16,ka,ɣa↗,ɣa,ɣa,yes,sentence-level-word
S_the_bee_is_flying_around_the_tree_01_02_03_TS.xml,S_the_bee_is_flying_around_the_tree_01_02_03_TS.wav,,0,3.03,tava ñuñu ka xiin tuyutsa,,,ndava ɲũɲũ ɣa ʃĩ tjut͡sa,,sentence-level-full
S_the_bee_is_flying_around_the_tree_01_02_03_TS.xml,S_the_bee_is_flying_around_the_tree_01_02_03_TS.wav,,38,41,ka,ɣa↗,ɣa,ɣa,yes,sentence-level-word
S_the_bee_is_flying_around_the_tree_01_02_03_TS.xml,S_the_bee_is_flying_around_the_tree_01_02_03_TS.wav,,44,81,tuyutsa,t̪ju˩tsa↗,t̪jutsa,tjut͡sa,yes,sentence-level-word
S_the_bee_is_flying_around_the_tree_01_02_03_TS.xml,S_the_bee_is_flying_around_the_tree_01_02_03_TS.wav,,32,38,ñuñu,ɲũ↘ɲõ˩ꜛ,ɲũɲõꜛ,ɲũɲõ,yes,sentence-level-word
S_the_bee_is_flying_around_the_tree_01_02_03_TS.xml,S_the_bee_is_flying_around_the_tree_01_02_03_TS.wav,,26,32,tava,d̪a˥va˧,d̪ava,dava,yes,sentence-level-word
S_the_bee_is_flying_around_the_tree_01_02_03_TS.xml,S_the_bee_is_flying_around_the_tree_01_02_03_TS.wav,,41,44,xiin,ʃĩː↘↗,ʃĩː,ʃĩː,yes,sentence-level-word
S_the_bee_is_flying_around_the_tree_01_02_03_TS.xml,S_the_bee_is_flying_around_the_tree_01_02_03_TS.wav,,3.03,6.15,tava ñuñu ka xiin tuyutsa,,,dava ɲũɲõ ɣa ʃĩː tjut͡sa,,sentence-level-full
S_the_bee_is_flying_around_the_tree_01_02_03_TS.xml,S_the_bee_is_flying_around_the_tree_01_02_03_TS.wav,,51,58,ntava,nd̪a˥va˧,nd̪ava,ndava,yes,sentence-level-word
S_the_bee_is_flying_around_the_tree_01_02_03_TS.xml,S_the_bee_is_flying_around_the_tree_01_02_03_TS.wav,,67,70,xiin,ʃĩː↘↗,ʃĩː,ʃĩː,yes,sentence-level-word
S_the_bee_is_flying_around_the_tree_01_02_03_TS.xml,S_the_bee_is_flying_around_the_tree_01_02_03_TS.wav,,64,67,ka,ɣa↗,ɣa,ɣa,yes,sentence-level-word
S_the_bee_is_flying_around_the_tree_01_02_03_TS.xml,S_the_bee_is_flying_around_the_tree_01_02_03_TS.wav,,58,64,ñuñu,ɲũ˥ɲũ˧,ɲũɲũ,ɲũɲũ,yes,sentence-level-word
S_the_bee_is_flying_around_the_tree_01_02_03_TS.xml,S_the_bee_is_flying_around_the_tree_01_02_03_TS.wav,,70,82,tuyutsa,t̪ju↘tsa↗,t̪jutsa,tjut͡sa,yes,sentence-level-word
S_the_bee_is_flying_around_the_tree_01_02_03_TS.xml,S_the_bee_is_flying_around_the_tree_01_02_03_TS.wav,,6.15,9.80,ntava ñuñu ka xiin tuyutsa,,,ndava ɲũɲũ ɣa ʃĩː tjut͡sa,,sentence-level-full
S_the_crow_is_flying_high_01_02_03_TS.xml,S_the_crow_is_flying_high_01_02_03_TS.wav,,14,23,tikaka,t̪i˩ka˩ka˧,t̪ikaka,tikaka,yes,sentence-level-word
S_the_crow_is_flying_high_01_02_03_TS.xml,S_the_crow_is_flying_high_01_02_03_TS.wav,,1,7,suku,su˥ku↘,suku,suku,yes,sentence-level-word
S_the_crow_is_flying_high_01_02_03_TS.xml,S_the_crow_is_flying_high_01_02_03_TS.wav,,7,14,ntava,nd̪a˥va˩,nd̪ava,ndava,yes,sentence-level-word
S_the_crow_is_flying_high_01_02_03_TS.xml,S_the_crow_is_flying_high_01_02_03_TS.wav,,23,28,ka,ɣa↗,ɣa,ɣa,yes,sentence-level-word
S_the_crow_is_flying_high_01_02_03_TS.xml,S_the_crow_is_flying_high_01_02_03_TS.wav,,0,2.68,suku ntava tikaka ka,,,suku ndava tikaka ɣa,,sentence-level-full
S_the_dog_is_walking_towards_the_kids_01_02_spkrTS.xml,S_the_dog_is_walking_towards_the_kids_01_02_spkrTS.wav,,11,14,ka,ɣa↗,ɣa,ɣa,yes,sentence-level-word
S_the_dog_is_walking_towards_the_kids_01_02_spkrTS.xml,S_the_dog_is_walking_towards_the_kids_01_02_spkrTS.wav,,18,22,chinuu,tʃi˥n↘↗ꜜũ,tʃinũ,t͡ʃinũ,yes,sentence-level-word
S_the_dog_is_walking_towards_the_kids_01_02_spkrTS.xml,S_the_dog_is_walking_towards_the_kids_01_02_spkrTS.wav,,6,11,tina,t̪i˧na˧,t̪ina,tina,yes,sentence-level-word
S_the_dog_is_walking_towards_the_kids_01_02_spkrTS.xml,S_the_dog_is_walking_towards_the_kids_01_02_spkrTS.wav,,22,26,inkaa,ŋk̬aː↘,ŋk̬aː,ŋk̬aa,yes,sentence-level-word
S_the_dog_is_walking_towards_the_kids_01_02_spkrTS.xml,S_the_dog_is_walking_towards_the_kids_01_02_spkrTS.wav,,14,18,kua'an,kwã̰∙,kwã̰,kwã̰,yes,sentence-level-word
S_the_dog_is_walking_towards_the_kids_01_02_spkrTS.xml,S_the_dog_is_walking_towards_the_kids_01_02_spkrTS.wav,,1,6,tsika,ts˥ika˩,tsika,t͡sika,yes,sentence-level-word
S_the_dog_is_walking_towards_the_kids_01_02_spkrTS.xml,S_the_dog_is_walking_towards_the_kids_01_02_spkrTS.wav,,26,70,suluu,su˥luː˥,suluː,suluu,yes,sentence-level-word
S_the_dog_is_walking_towards_the_kids_01_02_spkrTS.xml,S_the_dog_is_walking_towards_the_kids_01_02_spkrTS.wav,,0,3.47,tsika tina ka kua'an chinuu inkaa suluu,,,t͡sika tina ɣa kwã̰ t͡ʃinũ ŋk̬aa suluu,,sentence-level-full
S_the_dog_is_walking_towards_the_kids_01_02_spkrTS.xml,S_the_dog_is_walking_towards_the_kids_01_02_spkrTS.wav,,51,56,chinu,tʃi˥n∙ũ,tʃinũ,t͡ʃinũ,yes,sentence-level-word
S_the_dog_is_walking_towards_the_kids_01_02_spkrTS.xml,S_the_dog_is_walking_towards_the_kids_01_02_spkrTS.wav,,45,51,kua'an,kwã̰˥ʔĩ˧,kwã̰ʔĩ,kwã̰ʔĩ,yes,sentence-level-word
S_the_dog_is_walking_towards_the_kids_01_02_spkrTS.xml,S_the_dog_is_walking_towards_the_kids_01_02_spkrTS.wav,,42,45,ka,ɣa↗,ɣa,ɣa,yes,sentence-level-word
S_the_dog_is_walking_towards_the_kids_01_02_spkrTS.xml,S_the_dog_is_walking_towards_the_kids_01_02_spkrTS.wav,,61,71,suluu,su˥luː˥,suluː,suluu,yes,sentence-level-word
S_the_dog_is_walking_towards_the_kids_01_02_spkrTS.xml,S_the_dog_is_walking_towards_the_kids_01_02_spkrTS.wav,,37,42,tina,t̪i˧n˩a,t̪ina,tina,yes,sentence-level-word
S_the_dog_is_walking_towards_the_kids_01_02_spkrTS.xml,S_the_dog_is_walking_towards_the_kids_01_02_spkrTS.wav,,32,37,tsika,ts˥ika˧,tsika,t͡sika,yes,sentence-level-word
S_the_dog_is_walking_towards_the_kids_01_02_spkrTS.xml,S_the_dog_is_walking_towards_the_kids_01_02_spkrTS.wav,,56,61,inkaa,ŋk̬a↘,ŋk̬a,ŋk̬a,yes,sentence-level-word
S_the_dog_is_walking_towards_the_kids_01_02_spkrTS.xml,S_the_dog_is_walking_towards_the_kids_01_02_spkrTS.wav,,3.47,6.71,tsika tina ka kua'an chinu inkaa suluu,,,t͡sika tina ɣa kwã̰ʔĩ t͡ʃinũ ŋk̬a suluu,,sentence-level-full
S_the_dogs_are_walking_away_from_eachother_01_02_03_spkrTS.xml,S_the_dogs_are_walking_away_from_eachother_01_02_03_spkrTS.wav,,1,11,intsitsio,i˥ntsi↘tsjo˧,intsitsjo,int͡sit͡sjo,yes,sentence-level-word
S_the_dogs_are_walking_away_from_eachother_01_02_03_spkrTS.xml,S_the_dogs_are_walking_away_from_eachother_01_02_03_spkrTS.wav,,11,17,kua'an,kwã̰∙ʔ∙ã̰,kwã̰ʔã̰,kwã̰ʔã̰,yes,sentence-level-word
S_the_dogs_are_walking_away_from_eachother_01_02_03_spkrTS.xml,S_the_dogs_are_walking_away_from_eachother_01_02_03_spkrTS.wav,,23,28,ka,ɣa↗,ɣa,ɣa,yes,sentence-level-word
S_the_dogs_are_walking_away_from_eachother_01_02_03_spkrTS.xml,S_the_dogs_are_walking_away_from_eachother_01_02_03_spkrTS.wav,,17,23,tina,t̪i˧na˧,t̪ina,tina,yes,sentence-level-word
S_the_dogs_are_walking_away_from_eachother_01_02_03_spkrTS.xml,S_the_dogs_are_walking_away_from_eachother_01_02_03_spkrTS.wav,,0,1.86,intsitsio kua'an tina ka,,,int͡sit͡sjo kwã̰ʔã̰ tina ɣa,,sentence-level-full
S_the_hawk_fly_COMPL_in_front_of_1s_01_02_03_TS.xml,S_the_hawk_fly_COMPL_in_front_of_1s_01_02_03_TS.wav,,14,17,ka,ɣa↗,ɣa,ɣa,yes,sentence-level-word
S_the_hawk_fly_COMPL_in_front_of_1s_01_02_03_TS.xml,S_the_hawk_fly_COMPL_in_front_of_1s_01_02_03_TS.wav,,1,8,ntava,nda˩βa↘,ndaβa,ndaβa,yes,sentence-level-word
S_the_hawk_fly_COMPL_in_front_of_1s_01_02_03_TS.xml,S_the_hawk_fly_COMPL_in_front_of_1s_01_02_03_TS.wav,,8,14,xi'an,ʃĩ˩ʔa↗,ʃĩʔa,ʃĩʔa,yes,sentence-level-word
S_the_hawk_fly_COMPL_in_front_of_1s_01_02_03_TS.xml,S_the_hawk_fly_COMPL_in_front_of_1s_01_02_03_TS.wav,,17,54,nuu̠̠,nũː↘↗,nũː,nũː,yes,sentence-level-word
S_the_hawk_fly_COMPL_in_front_of_1s_01_02_03_TS.xml,S_the_hawk_fly_COMPL_in_front_of_1s_01_02_03_TS.wav,,0,2.51,ntava xi'an ka nuu̠̠,,,ndaβa ʃĩʔa ɣa nũː,,sentence-level-full
S_the_hawk_fly_COMPL_infront_of_3s_inf_01_02_03_TS.xml,S_the_hawk_fly_COMPL_infront_of_3s_inf_01_02_03_TS.wav,,14,17,ka,ɣa↗,ɣa,ɣa,yes,sentence-level-word
S_the_hawk_fly_COMPL_infront_of_3s_inf_01_02_03_TS.xml,S_the_hawk_fly_COMPL_infront_of_3s_inf_01_02_03_TS.wav,,1,9,ntava,nda˩va˥,ndava,ndava,yes,sentence-level-word
S_the_hawk_fly_COMPL_infront_of_3s_inf_01_02_03_TS.xml,S_the_hawk_fly_COMPL_infront_of_3s_inf_01_02_03_TS.wav,,9,14,xi'an,ʃ˥ḭ̃ʔã↘,ʃḭ̃ʔã,ʃḭ̃ʔã,yes,sentence-level-word
S_the_hawk_fly_COMPL_infront_of_3s_inf_01_02_03_TS.xml,S_the_hawk_fly_COMPL_infront_of_3s_inf_01_02_03_TS.wav,,17,67,nui,nũ↘↗ĩ˥,nũĩ,nũĩ,yes,sentence-level-word
S_the_hawk_fly_COMPL_infront_of_3s_inf_01_02_03_TS.xml,S_the_hawk_fly_COMPL_infront_of_3s_inf_01_02_03_TS.wav,,0,1.70,ntava xi'an ka nui,,,ndava ʃḭ̃ʔã ɣa nũĩ,,sentence-level-full
S_the_hawk_fly_COMPL_infront_of_3s_inf_01_02_03_TS.xml,S_the_hawk_fly_COMPL_infront_of_3s_inf_01_02_03_TS.wav,,22,29,ntava,nda˩βa˥ꜜ,ndaβa,ndaβa,yes,sentence-level-word
S_the_hawk_fly_COMPL_infront_of_3s_inf_01_02_03_TS.xml,S_the_hawk_fly_COMPL_infront_of_3s_inf_01_02_03_TS.wav,,38,68,nui,nũ↘↗ĩ↗,nũĩ,nũĩ,yes,sentence-level-word
S_the_hawk_fly_COMPL_infront_of_3s_inf_01_02_03_TS.xml,S_the_hawk_fly_COMPL_infront_of_3s_inf_01_02_03_TS.wav,,29,35,xi'an,ʃĩ˥ʔã↘↗,ʃĩʔã,ʃĩʔã,yes,sentence-level-word
S_the_hawk_fly_COMPL_infront_of_3s_inf_01_02_03_TS.xml,S_the_hawk_fly_COMPL_infront_of_3s_inf_01_02_03_TS.wav,,35,38,ka,ɣa↗,ɣa,ɣa,yes,sentence-level-word
S_the_hawk_fly_COMPL_infront_of_3s_inf_01_02_03_TS.xml,S_the_hawk_fly_COMPL_infront_of_3s_inf_01_02_03_TS.wav,,1.70,3.59,ntava xi'an ka nui,,,ndaβa ʃĩʔã ɣa nũĩ,,sentence-level-full
S_the_hawk_fly_COMPL_infront_of_3s_inf_01_02_03_TS.xml,S_the_hawk_fly_COMPL_infront_of_3s_inf_01_02_03_TS.wav,,59,69,nui,nũ↘↗ĩ↗,nũĩ,nũĩ,yes,sentence-level-word
S_the_hawk_fly_COMPL_infront_of_3s_inf_01_02_03_TS.xml,S_the_hawk_fly_COMPL_infront_of_3s_inf_01_02_03_TS.wav,,50,56,xi'an,ʃĩ˥ʔã˩,ʃĩʔã,ʃĩʔã,yes,sentence-level-word
S_the_hawk_fly_COMPL_infront_of_3s_inf_01_02_03_TS.xml,S_the_hawk_fly_COMPL_infront_of_3s_inf_01_02_03_TS.wav,,56,59,ka,ɣa↗,ɣa,ɣa,yes,sentence-level-word
S_the_hawk_fly_COMPL_infront_of_3s_inf_01_02_03_TS.xml,S_the_hawk_fly_COMPL_infront_of_3s_inf_01_02_03_TS.wav,,43,50,ntava,nda˩va˥,ndava,ndava,yes,sentence-level-word
S_the_hawk_fly_COMPL_infront_of_3s_inf_01_02_03_TS.xml,S_the_hawk_fly_COMPL_infront_of_3s_inf_01_02_03_TS.wav,,3.59,5.65,ntava xi'an ka nui,,,ndava ʃĩʔã ɣa nũĩ,,sentence-level-full
S_the_house_is_on_the_bottom_of_the_hill_01_02.xml,S_the_house_is_on_the_bottom_of_the_hill_01_02.wav,,7,13,yuku,ju↗ku↘,juku,juku,yes,sentence-level-word
S_the_house_is_on_the_bottom_of_the_hill_01_02.xml,S_the_house_is_on_the_bottom_of_the_hill_01_02.wav,,1,7,tsa'a,tsa∙ʔa˥,tsaʔa,t͡saʔa,yes,sentence-level-word
S_the_house_is_on_the_bottom_of_the_hill_01_02.xml,S_the_house_is_on_the_bottom_of_the_hill_01_02.wav,,15,19,inkaa,ŋk̬aː↘,ŋk̬aː,ŋk̬aa,yes,sentence-level-word
S_the_house_is_on_the_bottom_of_the_hill_01_02.xml,S_the_house_is_on_the_bottom_of_the_hill_01_02.wav,,19,52,ve'e,βɛ↘ʔɛ↗,βɛʔɛ,βɛʔɛ,yes,sentence-level-word
S_the_house_is_on_the_bottom_of_the_hill_01_02.xml,S_the_house_is_on_the_bottom_of_the_hill_01_02.wav,,13,15,ka,a↗,a,a,yes,sentence-level-word
S_the_house_is_on_the_bottom_of_the_hill_01_02.xml,S_the_house_is_on_the_bottom_of_the_hill_01_02.wav,,0,2.16,tsa'a yuku ka inkaa ve'e,,,t͡saʔa juku a ŋk̬aa βɛʔɛ,,sentence-level-full
S_the_house_is_on_the_bottom_of_the_hill_01_02.xml,S_the_house_is_on_the_bottom_of_the_hill_01_02.wav,,31,37,yuku,ju˥ku↘,juku,juku,yes,sentence-level-word
S_the_house_is_on_the_bottom_of_the_hill_01_02.xml,S_the_house_is_on_the_bottom_of_the_hill_01_02.wav,,37,40,ka,ɣa↗,ɣa,ɣa,yes,sentence-level-word
S_the_house_is_on_the_bottom_of_the_hill_01_02.xml,S_the_house_is_on_the_bottom_of_the_hill_01_02.wav,,40,44,inkaa,ŋk̬aː↘,ŋk̬aː,ŋk̬aa,yes,sentence-level-word
S_the_house_is_on_the_bottom_of_the_hill_01_02.xml,S_the_house_is_on_the_bottom_of_the_hill_01_02.wav,,44,53,ve'e,βɛ˩ꜛʔɛ↗,βɛꜛʔɛ,βɛʔɛ,yes,sentence-level-word
S_the_house_is_on_the_bottom_of_the_hill_01_02.xml,S_the_house_is_on_the_bottom_of_the_hill_01_02.wav,,25,31,tsa'a,tsa̰∙ʔa↗,tsa̰ʔa,t͡saʔa,yes,sentence-level-word
S_the_house_is_on_the_bottom_of_the_hill_01_02.xml,S_the_house_is_on_the_bottom_of_the_hill_01_02.wav,,2.16,4.32,tsa'a yuku ka inkaa ve'e,,,t͡saʔa juku ɣa ŋk̬aa βɛʔɛ,,sentence-level-full
S_the_little_kid_put_the_cat_up_in_the_tree_01_02_spkrTS.xml,S_the_little_kid_put_the_cat_up_in_the_tree_01_02_spkrTS.wav,,1,4,skaa,skaː↗↘,skaː,skaa,yes,sentence-level-word
S_the_little_kid_put_the_cat_up_in_the_tree_01_02_spkrTS.xml,S_the_little_kid_put_the_cat_up_in_the_tree_01_02_spkrTS.wav,,20,23,nuu,nũː↘↗ꜜ,nũː,nũː,yes,sentence-level-word
S_the_little_kid_put_the_cat_up_in_the_tree_01_02_spkrTS.xml,S_the_little_kid_put_the_cat_up_in_the_tree_01_02_spkrTS.wav,,4,13,chaluuka,tʃa↘luː˥ɣa↗,tʃaluːɣa,t͡ʃaluuɣa,yes,sentence-level-word
S_the_little_kid_put_the_cat_up_in_the_tree_01_02_spkrTS.xml,S_the_little_kid_put_the_cat_up_in_the_tree_01_02_spkrTS.wav,,14,20,vilu,bi˥lu˥,bilu,bilu,yes,sentence-level-word
S_the_little_kid_put_the_cat_up_in_the_tree_01_02_spkrTS.xml,S_the_little_kid_put_the_cat_up_in_the_tree_01_02_spkrTS.wav,,13,14,in,ĩː,ĩː,ĩː,yes,sentence-level-word
S_the_little_kid_put_the_cat_up_in_the_tree_01_02_spkrTS.xml,S_the_little_kid_put_the_cat_up_in_the_tree_01_02_spkrTS.wav,,23,61,tuyutsa,t̪ju↘tsa↗,t̪jutsa,tjut͡sa,yes,sentence-level-word
S_the_little_kid_put_the_cat_up_in_the_tree_01_02_spkrTS.xml,S_the_little_kid_put_the_cat_up_in_the_tree_01_02_spkrTS.wav,,0,3.60,skaa chaluuka in vilu nuu tuyutsa,,,skaa t͡ʃaluuɣa ĩː bilu nũː tjut͡sa,,sentence-level-full
S_the_little_kid_put_the_cat_up_in_the_tree_01_02_spkrTS.xml,S_the_little_kid_put_the_cat_up_in_the_tree_01_02_spkrTS.wav,,51,62,tuyutsa,t̪ju↘tsa↗,t̪jutsa,tjut͡sa,yes,sentence-level-word
S_the_little_kid_put_the_cat_up_in_the_tree_01_02_spkrTS.xml,S_the_little_kid_put_the_cat_up_in_the_tree_01_02_spkrTS.wav,,48,51,nuu,nũː↘↗,nũː,nũː,yes,sentence-level-word
S_the_little_kid_put_the_cat_up_in_the_tree_01_02_spkrTS.xml,S_the_little_kid_put_the_cat_up_in_the_tree_01_02_spkrTS.wav,,33,41,chaluuka,tʃa↘luː˥ɣa˥,tʃaluːɣa,t͡ʃaluuɣa,yes,sentence-level-word
S_the_little_kid_put_the_cat_up_in_the_tree_01_02_spkrTS.xml,S_the_little_kid_put_the_cat_up_in_the_tree_01_02_spkrTS.wav,,30,33,skaa,skaː↗↘,skaː,skaa,yes,sentence-level-word
S_the_little_kid_put_the_cat_up_in_the_tree_01_02_spkrTS.xml,S_the_little_kid_put_the_cat_up_in_the_tree_01_02_spkrTS.wav,,41,43,in,ĩ˥,ĩ,ĩ,yes,sentence-level-word
S_the_little_kid_put_the_cat_up_in_the_tree_01_02_spkrTS.xml,S_the_little_kid_put_the_cat_up_in_the_tree_01_02_spkrTS.wav,,43,48,vilu,b˥ilu˥,bilu,bilu,yes,sentence-level-word
S_the_little_kid_put_the_cat_up_in_the_tree_01_02_spkrTS.xml,S_the_little_kid_put_the_cat_up_in_the_tree_01_02_spkrTS.wav,,3.60,6.95,skaa chaluuka in vilu nuu tuyutsa,,,skaa t͡ʃaluuɣa ĩ bilu nũː tjut͡sa,,sentence-level-full
S_the_lizard_beLOC_in_the_boys_hand_01_02_03_TS.xml,S_the_lizard_beLOC_in_the_boys_hand_01_02_03_TS.wav,,36,117,ka,ɣa↗,ɣa,ɣa,yes,sentence-level-word
S_the_lizard_beLOC_in_the_boys_hand_01_02_03_TS.xml,S_the_lizard_beLOC_in_the_boys_hand_01_02_03_TS.wav,,11,19,likuaku,li˩kwa˥ku↘,likwaku,likwaku,yes,sentence-level-word
S_the_lizard_beLOC_in_the_boys_hand_01_02_03_TS.xml,S_the_lizard_beLOC_in_the_boys_hand_01_02_03_TS.wav,,19,23,nuu,nu↘n,nun,nun,yes,sentence-level-word
S_the_lizard_beLOC_in_the_boys_hand_01_02_03_TS.xml,S_the_lizard_beLOC_in_the_boys_hand_01_02_03_TS.wav,,1,11,kanu'u,ka↘nd̪u˥ʔu˧,kand̪uʔu,kanduʔu,yes,sentence-level-word
S_the_lizard_beLOC_in_the_boys_hand_01_02_03_TS.xml,S_the_lizard_beLOC_in_the_boys_hand_01_02_03_TS.wav,,30,36,suluu,su˥ꜜluː˥ꜜ,suluː,suluu,yes,sentence-level-word
S_the_lizard_beLOC_in_the_boys_hand_01_02_03_TS.xml,S_the_lizard_beLOC_in_the_boys_hand_01_02_03_TS.wav,,23,30,nta'a,d̪a∙ʔa∙,d̪aʔa,daʔa,yes,sentence-level-word
S_the_lizard_beLOC_in_the_boys_hand_01_02_03_TS.xml,S_the_lizard_beLOC_in_the_boys_hand_01_02_03_TS.wav,,0,5.28,kanu'u likuaku nuu nta'a suluu ka,,,kanduʔu likwaku nun daʔa suluu ɣa,,sentence-level-full
S_the_lizard_beLOC_in_the_boys_hand_01_02_03_TS.xml,S_the_lizard_beLOC_in_the_boys_hand_01_02_03_TS.wav,,57,60,nuu,nu∙,nu,nu,yes,sentence-level-word
S_the_lizard_beLOC_in_the_boys_hand_01_02_03_TS.xml,S_the_lizard_beLOC_in_the_boys_hand_01_02_03_TS.wav,,71,118,ka,ɣa↗,ɣa,ɣa,yes,sentence-level-word
S_the_lizard_beLOC_in_the_boys_hand_01_02_03_TS.xml,S_the_lizard_beLOC_in_the_boys_hand_01_02_03_TS.wav,,39,49,kantu'u,ka↘ndu˥ʔu↘,kanduʔu,kanduʔu,yes,sentence-level-word
S_the_lizard_beLOC_in_the_boys_hand_01_02_03_TS.xml,S_the_lizard_beLOC_in_the_boys_hand_01_02_03_TS.wav,,49,57,likuaku,li∙kw˥ak↘u,likwaku,likwaku,yes,sentence-level-word
S_the_lizard_beLOC_in_the_boys_hand_01_02_03_TS.xml,S_the_lizard_beLOC_in_the_boys_hand_01_02_03_TS.wav,,60,65,nta'a,nda∙ʔ∙a,ndaʔa,ndaʔa,yes,sentence-level-word
S_the_lizard_beLOC_in_the_boys_hand_01_02_03_TS.xml,S_the_lizard_beLOC_in_the_boys_hand_01_02_03_TS.wav,,65,71,suluu,su˥luː˥,suluː,suluu,yes,sentence-level-word
S_the_lizard_beLOC_in_the_boys_hand_01_02_03_TS.xml,S_the_lizard_beLOC_in_the_boys_hand_01_02_03_TS.wav,,5.28,7.98,kantu'u likuaku nuu nta'a suluu ka,,,kanduʔu likwaku nu ndaʔa suluu ɣa,,sentence-level-full
S_the_lizard_beLOC_in_the_boys_hand_01_02_03_TS.xml,S_the_lizard_beLOC_in_the_boys_hand_01_02_03_TS.wav,,95,98,nuu,nũ↘↗ꜜ,nũ,nũ,yes,sentence-level-word
S_the_lizard_beLOC_in_the_boys_hand_01_02_03_TS.xml,S_the_lizard_beLOC_in_the_boys_hand_01_02_03_TS.wav,,74,84,kantu'u,ka↘nd̪u˩ʔu˥,kand̪uʔu,kanduʔu,yes,sentence-level-word
S_the_lizard_beLOC_in_the_boys_hand_01_02_03_TS.xml,S_the_lizard_beLOC_in_the_boys_hand_01_02_03_TS.wav,,102,108,suluu,su˥ꜜluː˥ꜜ,suluː,suluu,yes,sentence-level-word
S_the_lizard_beLOC_in_the_boys_hand_01_02_03_TS.xml,S_the_lizard_beLOC_in_the_boys_hand_01_02_03_TS.wav,,108,119,ka,ɣa↗,ɣa,ɣa,yes,sentence-level-word
S_the_lizard_beLOC_in_the_boys_hand_01_02_03_TS.xml,S_the_lizard_beLOC_in_the_boys_hand_01_02_03_TS.wav,,98,102,nta'a,nd̪a̰ː∙,nd̪a̰ː,nda̰a̰,yes,sentence-level-word
S_the_lizard_beLOC_in_the_boys_hand_01_02_03_TS.xml,S_the_lizard_beLOC_in_the_boys_hand_01_02_03_TS.wav,,84,95,likuaku,li˩kwa˥ku˥,likwaku,likwaku,yes,sentence-level-word
S_the_lizard_beLOC_in_the_boys_hand_01_02_03_TS.xml,S_the_lizard_beLOC_in_the_boys_hand_01_02_03_TS.wav,,7.98,11.77,kantu'u likuaku nuu nta'a suluu ka,,,kanduʔu likwaku nũ nda̰a̰ suluu ɣa,,sentence-level-full
S_the_owl_fly_COMPL_into_the_tree_01_02_03_TS.xml,S_the_owl_fly_COMPL_into_the_tree_01_02_03_TS.wav,,7,13,chumi,tʃu˥mi˩,tʃumi,t͡ʃumi,yes,sentence-level-word
S_the_owl_fly_COMPL_into_the_tree_01_02_03_TS.xml,S_the_owl_fly_COMPL_into_the_tree_01_02_03_TS.wav,,1,7,tava,d̪a˩va˧,d̪ava,dava,yes,sentence-level-word
S_the_owl_fly_COMPL_into_the_tree_01_02_03_TS.xml,S_the_owl_fly_COMPL_into_the_tree_01_02_03_TS.wav,,19,29,tuyutsa,t̪ju˩tsa˥,t̪jutsa,tjut͡sa,yes,sentence-level-word
S_the_owl_fly_COMPL_into_the_tree_01_02_03_TS.xml,S_the_owl_fly_COMPL_into_the_tree_01_02_03_TS.wav,,16,19,nuu,nũː↘↗,nũː,nũː,yes,sentence-level-word
S_the_owl_fly_COMPL_into_the_tree_01_02_03_TS.xml,S_the_owl_fly_COMPL_into_the_tree_01_02_03_TS.wav,,13,16,ka,ɣa↗,ɣa,ɣa,yes,sentence-level-word
S_the_owl_fly_COMPL_into_the_tree_01_02_03_TS.xml,S_the_owl_fly_COMPL_into_the_tree_01_02_03_TS.wav,,2.78,4.94,tava chumi ka nuu tuyutsa,,,dava t͡ʃumi ɣa nũː tjut͡sa,,sentence-level-full
S_the_red_and_yellow_bird_sings_01_spkrJS.xml,S_the_red_and_yellow_bird_sings_01_spkrJS.wav,,17,27,tsita,tsi˧ꜜt̪a˩,tsit̪a,t͡sita,yes,sentence-level-word
S_the_red_and_yellow_bird_sings_01_spkrJS.xml,S_the_red_and_yellow_bird_sings_01_spkrJS.wav,,1,4,saa,saː↘,saː,saa,yes,sentence-level-word
S_the_red_and_yellow_bird_sings_01_spkrJS.xml,S_the_red_and_yellow_bird_sings_01_spkrJS.wav,,10,13,tsi,tsi˩,tsi,t͡si,yes,sentence-level-word
S_the_red_and_yellow_bird_sings_01_spkrJS.xml,S_the_red_and_yellow_bird_sings_01_spkrJS.wav,,4,10,kua'a,kw˥aʔa˩,kwaʔa,kwaʔa,yes,sentence-level-word
S_the_red_and_yellow_bird_sings_01_spkrJS.xml,S_the_red_and_yellow_bird_sings_01_spkrJS.wav,,13,17,kuaan,kwãː↘,kwãː,kwãː,yes,sentence-level-word
S_the_red_and_yellow_bird_sings_01_spkrJS.xml,S_the_red_and_yellow_bird_sings_01_spkrJS.wav,,0,3.90,saa kua'a tsi kuaan tsita,,,saa kwaʔa t͡si kwãː t͡sita,,sentence-level-full
S_the_squirrel_eats_the_lion_02_spkrJS.xml,S_the_squirrel_eats_the_lion_02_spkrJS.wav,,1,8,ntsatsi,ntsa˩tsi˥,ntsatsi,nt͡sat͡si,yes,sentence-level-word
S_the_squirrel_eats_the_lion_02_spkrJS.xml,S_the_squirrel_eats_the_lion_02_spkrJS.wav,,8,17,ntikuain,nd̪i˧kwã˥ĩ˩,nd̪ikwãĩ,ndikwãĩ,yes,sentence-level-word
S_the_squirrel_eats_the_lion_02_spkrJS.xml,S_the_squirrel_eats_the_lion_02_spkrJS.wav,,17,28,ntika'a,nd̪˧ik˩aʔa↗,nd̪ikaʔa,ndikaʔa,yes,sentence-level-word
S_the_squirrel_eats_the_lion_02_spkrJS.xml,S_the_squirrel_eats_the_lion_02_spkrJS.wav,,0,2.65,ntsatsi ntikuain ntika'a,,,nt͡sat͡si ndikwãĩ ndikaʔa,,sentence-level-full
S_the_sun_shines_today_01_02_JS.xml,S_the_sun_shines_today_01_02_JS.wav,,15,47,vichi,βi˧tʃi˧,βitʃi,βit͡ʃi,yes,sentence-level-word
S_the_sun_shines_today_01_02_JS.xml,S_the_sun_shines_today_01_02_JS.wav,,1,5,nchii,ndʒiː↘↗,ndʒiː,nd͡ʒii,yes,sentence-level-word
S_the_sun_shines_today_01_02_JS.xml,S_the_sun_shines_today_01_02_JS.wav,,5,15,nikanchii,ni˩ka˩ndʒiː↘↗,nikandʒiː,nikand͡ʒii,yes,sentence-level-word
S_the_sun_shines_today_01_02_JS.xml,S_the_sun_shines_today_01_02_JS.wav,,0,2.98,nchii nikanchii vichi,,,nd͡ʒii nikand͡ʒii βit͡ʃi,,sentence-level-full
S_the_sun_shines_today_01_02_JS.xml,S_the_sun_shines_today_01_02_JS.wav,,36,48,vichi,βi˧ꜜtʃi˧ꜜ,βitʃi,βit͡ʃi,yes,sentence-level-word
S_the_sun_shines_today_01_02_JS.xml,S_the_sun_shines_today_01_02_JS.wav,,21,26,nchii,ndʒiː↘↗,ndʒiː,nd͡ʒii,yes,sentence-level-word
S_the_sun_shines_today_01_02_JS.xml,S_the_sun_shines_today_01_02_JS.wav,,26,36,nikanchii,ni˩ka˩ndʒiː↘↗,nikandʒiː,nikand͡ʒii,yes,sentence-level-word
S_the_sun_shines_today_01_02_JS.xml,S_the_sun_shines_today_01_02_JS.wav,,2.98,5.35,nchii nikanchii vichi,,,nd͡ʒii nikand͡ʒii βit͡ʃi,,sentence-level-full
S_the_swallow_fly_away_COMPL_because_he_saw_a_vulcher_01_02_03_TS.xml,S_the_swallow_fly_away_COMPL_because_he_saw_a_vulcher_01_02_03_TS.wav,,7,14,ntsini,ntsi˩ni˧,ntsini,nt͡sini,yes,sentence-level-word
S_the_swallow_fly_away_COMPL_because_he_saw_a_vulcher_01_02_03_TS.xml,S_the_swallow_fly_away_COMPL_because_he_saw_a_vulcher_01_02_03_TS.wav,,27,29,in,ĩː˥,ĩː,ĩː,yes,sentence-level-word
S_the_swallow_fly_away_COMPL_because_he_saw_a_vulcher_01_02_03_TS.xml,S_the_swallow_fly_away_COMPL_because_he_saw_a_vulcher_01_02_03_TS.wav,,24,27,ka,ɣa↗ꜜ,ɣa,ɣa,yes,sentence-level-word
S_the_swallow_fly_away_COMPL_because_he_saw_a_vulcher_01_02_03_TS.xml,S_the_swallow_fly_away_COMPL_because_he_saw_a_vulcher_01_02_03_TS.wav,,4,7,ña,ɲa˥,ɲa,ɲa,yes,sentence-level-word
S_the_swallow_fly_away_COMPL_because_he_saw_a_vulcher_01_02_03_TS.xml,S_the_swallow_fly_away_COMPL_because_he_saw_a_vulcher_01_02_03_TS.wav,,38,49,ntavi,nd̪a˧vi˩,nd̪avi,ndavi,yes,sentence-level-word
S_the_swallow_fly_away_COMPL_because_he_saw_a_vulcher_01_02_03_TS.xml,S_the_swallow_fly_away_COMPL_because_he_saw_a_vulcher_01_02_03_TS.wav,,29,38,lochi,lo˥tʃi↘ra˧,lotʃira,lot͡ʃira,yes,sentence-level-word
S_the_swallow_fly_away_COMPL_because_he_saw_a_vulcher_01_02_03_TS.xml,S_the_swallow_fly_away_COMPL_because_he_saw_a_vulcher_01_02_03_TS.wav,,14,24,tixikua,t̪i˧ʃi˧kwa↗,t̪iʃikwa,tiʃikwa,yes,sentence-level-word
S_the_swallow_fly_away_COMPL_because_he_saw_a_vulcher_01_02_03_TS.xml,S_the_swallow_fly_away_COMPL_because_he_saw_a_vulcher_01_02_03_TS.wav,,1,4,tsa'a,tsaː↗,tsaː,t͡saa,yes,sentence-level-word
S_the_swallow_fly_away_COMPL_because_he_saw_a_vulcher_01_02_03_TS.xml,S_the_swallow_fly_away_COMPL_because_he_saw_a_vulcher_01_02_03_TS.wav,,0,4.47,tsa'a ña ntsini tixikua ka in lochi ntavi,,,t͡saa ɲa nt͡sini tiʃikwa ɣa ĩː lot͡ʃira ndavi,,sentence-level-full
S_the_tree_LOC_DIST_01_02_spkrTS.xml,S_the_tree_LOC_DIST_01_02_spkrTS.wav,,1,6,tsika,ts˥ika↘,tsika,t͡sika,yes,sentence-level-word
S_the_tree_LOC_DIST_01_02_spkrTS.xml,S_the_tree_LOC_DIST_01_02_spkrTS.wav,,9,32,tuyutsa,t̪i˩juts∙a↗,t̪ijutsa,tijut͡sa,yes,sentence-level-word
S_the_tree_LOC_DIST_01_02_spkrTS.xml,S_the_tree_LOC_DIST_01_02_spkrTS.wav,,6,9,inkaa,ŋk̬↘aː,ŋk̬aː,ŋk̬aa,yes,sentence-level-word
S_the_tree_LOC_DIST_01_02_spkrTS.xml,S_the_tree_LOC_DIST_01_02_spkrTS.wav,,0,1.68,tsika inkaa tuyutsa,,,t͡sika ŋk̬aa tijut͡sa,,sentence-level-full
S_the_tree_LOC_DIST_from_me_01_02_03_spkrTS.xml,S_the_tree_LOC_DIST_from_me_01_02_03_spkrTS.wav,,19,23,inkaa,ŋk̬aː↘,ŋk̬aː,ŋk̬aa,yes,sentence-level-word
S_the_tree_LOC_DIST_from_me_01_02_03_spkrTS.xml,S_the_tree_LOC_DIST_from_me_01_02_03_spkrTS.wav,,6,9,inkaa,ŋk̬↘a,ŋk̬a,ŋk̬a,yes,sentence-level-word
S_the_tree_LOC_DIST_from_me_01_02_03_spkrTS.xml,S_the_tree_LOC_DIST_from_me_01_02_03_spkrTS.wav,,9,16,tuyutsa,tju↘tsa↗,tjutsa,tjut͡sa,yes,sentence-level-word
S_the_tree_LOC_DIST_from_me_01_02_03_spkrTS.xml,S_the_tree_LOC_DIST_from_me_01_02_03_spkrTS.wav,,16,19,nuu,nũː↘↗,nũː,nũː,yes,sentence-level-word
S_the_tree_LOC_DIST_from_me_01_02_03_spkrTS.xml,S_the_tree_LOC_DIST_from_me_01_02_03_spkrTS.wav,,1,6,tsika,ts˥ika˧,tsika,t͡sika,yes,sentence-level-word
S_the_tree_LOC_DIST_from_me_01_02_03_spkrTS.xml,S_the_tree_LOC_DIST_from_me_01_02_03_spkrTS.wav,,23,27,yu,ju↘,ju,ju,yes,sentence-level-word
S_the_tree_LOC_DIST_from_me_01_02_03_spkrTS.xml,S_the_tree_LOC_DIST_from_me_01_02_03_spkrTS.wav,,0,2.12,tsika inkaa tuyutsa nuu inkaa yu,,,t͡sika ŋk̬a tjut͡sa nũː ŋk̬aa ju,,sentence-level-full
S_the_tree_LOC_PROX_01_02_03_spkrTS.xml,S_the_tree_LOC_PROX_01_02_03_spkrTS.wav,,1,8,yachi,ja↘tʃi˥ŋ,jatʃiŋ,jat͡ʃiŋ,yes,sentence-level-word
S_the_tree_LOC_PROX_01_02_03_spkrTS.xml,S_the_tree_LOC_PROX_01_02_03_spkrTS.wav,,8,12,inkaa,k̬aː↘ꜛ,k̬aːꜛ,k̬aa,yes,sentence-level-word
S_the_tree_LOC_PROX_01_02_03_spkrTS.xml,S_the_tree_LOC_PROX_01_02_03_spkrTS.wav,,12,59,tuyutsa,t̪i˥ꜜj˩utsa˥,t̪ijutsa,tijut͡sa,yes,sentence-level-word
S_the_tree_LOC_PROX_01_02_03_spkrTS.xml,S_the_tree_LOC_PROX_01_02_03_spkrTS.wav,,0,1.38,yachi inkaa tuyutsa,,,jat͡ʃiŋ k̬aa tijut͡sa,,sentence-level-full
S_the_tree_LOC_PROX_01_02_03_spkrTS.xml,S_the_tree_LOC_PROX_01_02_03_spkrTS.wav,,32,60,tuyutsa,t̪iju∙tsa∙,t̪ijutsa,tijut͡sa,yes,sentence-level-word
S_the_tree_LOC_PROX_01_02_03_spkrTS.xml,S_the_tree_LOC_PROX_01_02_03_spkrTS.wav,,21,28,yachi,ja˩tʃi˥ꜜŋ,jatʃiŋ,jat͡ʃiŋ,yes,sentence-level-word
S_the_tree_LOC_PROX_01_02_03_spkrTS.xml,S_the_tree_LOC_PROX_01_02_03_spkrTS.wav,,28,32,inkaa,k̬aː↘,k̬aː,k̬aa,yes,sentence-level-word
S_the_tree_LOC_PROX_01_02_03_spkrTS.xml,S_the_tree_LOC_PROX_01_02_03_spkrTS.wav,,1.38,2.95,yachi inkaa tuyutsa,,,jat͡ʃiŋ k̬aa tijut͡sa,,sentence-level-full
S_the_tree_LOC_PROX_01_02_03_spkrTS.xml,S_the_tree_LOC_PROX_01_02_03_spkrTS.wav,,50,61,tuyutsa,t̪j˩utsa↗ꜜ,t̪jutsa,tjut͡sa,yes,sentence-level-word
S_the_tree_LOC_PROX_01_02_03_spkrTS.xml,S_the_tree_LOC_PROX_01_02_03_spkrTS.wav,,46,50,inkaa,ŋk̬aː↘,ŋk̬aː,ŋk̬aa,yes,sentence-level-word
S_the_tree_LOC_PROX_01_02_03_spkrTS.xml,S_the_tree_LOC_PROX_01_02_03_spkrTS.wav,,41,46,yachi,j↘atʃi∙,jatʃi,jat͡ʃi,yes,sentence-level-word
S_the_tree_LOC_PROX_01_02_03_spkrTS.xml,S_the_tree_LOC_PROX_01_02_03_spkrTS.wav,,2.95,4.48,yachi inkaa tuyutsa,,,jat͡ʃi ŋk̬aa tjut͡sa,,sentence-level-full
S_the_tree_LOC_PROX_me_01_02_03_spkrTS.xml,S_the_tree_LOC_PROX_me_01_02_03_spkrTS.wav,,17,20,inkaa,ŋk̬aː↘,ŋk̬aː,ŋk̬aa,yes,sentence-level-word
S_the_tree_LOC_PROX_me_01_02_03_spkrTS.xml,S_the_tree_LOC_PROX_me_01_02_03_spkrTS.wav,,20,81,yu,ju↘,ju,ju,yes,sentence-level-word
S_the_tree_LOC_PROX_me_01_02_03_spkrTS.xml,S_the_tree_LOC_PROX_me_01_02_03_spkrTS.wav,,6,9,inkaa,ŋk̬aː↘,ŋk̬aː,ŋk̬aa,yes,sentence-level-word
S_the_tree_LOC_PROX_me_01_02_03_spkrTS.xml,S_the_tree_LOC_PROX_me_01_02_03_spkrTS.wav,,9,14,tuyutsa,t̪j↘utsa↗,t̪jutsa,tjut͡sa,yes,sentence-level-word
S_the_tree_LOC_PROX_me_01_02_03_spkrTS.xml,S_the_tree_LOC_PROX_me_01_02_03_spkrTS.wav,,14,17,nuu,nũ↘↗,nũ,nũ,yes,sentence-level-word
S_the_tree_LOC_PROX_me_01_02_03_spkrTS.xml,S_the_tree_LOC_PROX_me_01_02_03_spkrTS.wav,,1,6,yachi,ja˥ꜜtʃi↘,jatʃi,jat͡ʃi,yes,sentence-level-word
S_the_tree_LOC_PROX_me_01_02_03_spkrTS.xml,S_the_tree_LOC_PROX_me_01_02_03_spkrTS.wav,,0,2.14,yachi inkaa tuyutsa nuu inkaa yu,,,jat͡ʃi ŋk̬aa tjut͡sa nũ ŋk̬aa ju,,sentence-level-full
S_the_tree_LOC_PROX_me_01_02_03_spkrTS.xml,S_the_tree_LOC_PROX_me_01_02_03_spkrTS.wav,,31,38,tuyutsa,t̪jutsa↗,t̪jutsa,tjut͡sa,yes,sentence-level-word
S_the_tree_LOC_PROX_me_01_02_03_spkrTS.xml,S_the_tree_LOC_PROX_me_01_02_03_spkrTS.wav,,45,82,yu,ju↘,ju,ju,yes,sentence-level-word
S_the_tree_LOC_PROX_me_01_02_03_spkrTS.xml,S_the_tree_LOC_PROX_me_01_02_03_spkrTS.wav,,27,31,inkaa,ŋk̬aː↘,ŋk̬aː,ŋk̬aa,yes,sentence-level-word
S_the_tree_LOC_PROX_me_01_02_03_spkrTS.xml,S_the_tree_LOC_PROX_me_01_02_03_spkrTS.wav,,22,27,yachi,ja˥ꜜtʃi˩,jatʃi,jat͡ʃi,yes,sentence-level-word
S_the_tree_LOC_PROX_me_01_02_03_spkrTS.xml,S_the_tree_LOC_PROX_me_01_02_03_spkrTS.wav,,38,41,nuu,nũ˩,nũ,nũ,yes,sentence-level-word
S_the_tree_LOC_PROX_me_01_02_03_spkrTS.xml,S_the_tree_LOC_PROX_me_01_02_03_spkrTS.wav,,41,45,inkaa,ŋk̬aː↘,ŋk̬aː,ŋk̬aa,yes,sentence-level-word
S_the_tree_LOC_PROX_me_01_02_03_spkrTS.xml,S_the_tree_LOC_PROX_me_01_02_03_spkrTS.wav,,2.14,4.33,yachi inkaa tuyutsa nuu inkaa yu,,,jat͡ʃi ŋk̬aa tjut͡sa nũ ŋk̬aa ju,,sentence-level-full
S_the_tree_LOC_PROX_me_01_02_03_spkrTS.xml,S_the_tree_LOC_PROX_me_01_02_03_spkrTS.wav,,54,58,inkaa,ŋk̬aː↘,ŋk̬aː,ŋk̬aa,yes,sentence-level-word
S_the_tree_LOC_PROX_me_01_02_03_spkrTS.xml,S_the_tree_LOC_PROX_me_01_02_03_spkrTS.wav,,48,54,yachi,ja↘tʃi,jatʃi,jat͡ʃi,yes,sentence-level-word
S_the_tree_LOC_PROX_me_01_02_03_spkrTS.xml,S_the_tree_LOC_PROX_me_01_02_03_spkrTS.wav,,68,72,inkaa,ŋk̬aː↘,ŋk̬aː,ŋk̬aa,yes,sentence-level-word
S_the_tree_LOC_PROX_me_01_02_03_spkrTS.xml,S_the_tree_LOC_PROX_me_01_02_03_spkrTS.wav,,58,65,tuyutsa,t̪jutsa˥,t̪jutsa,tjut͡sa,yes,sentence-level-word
S_the_tree_LOC_PROX_me_01_02_03_spkrTS.xml,S_the_tree_LOC_PROX_me_01_02_03_spkrTS.wav,,65,68,nuu,nũ↘↗ꜜ,nũ,nũ,yes,sentence-level-word
S_the_tree_LOC_PROX_me_01_02_03_spkrTS.xml,S_the_tree_LOC_PROX_me_01_02_03_spkrTS.wav,,72,83,yu,ju↘,ju,ju,yes,sentence-level-word
S_the_tree_LOC_PROX_me_01_02_03_spkrTS.xml,S_the_tree_LOC_PROX_me_01_02_03_spkrTS.wav,,4.33,6.49,yachi inkaa tuyutsa nuu inkaa yu,,,jat͡ʃi ŋk̬aa tjut͡sa nũ ŋk̬aa ju,,sentence-level-full
S_the_vase_has_some_water_01_TS.xml,S_the_vase_has_some_water_01_TS.wav,,1,7,sava,sa˥va˧,sava,sava,yes,sentence-level-word
S_the_vase_has_some_water_01_TS.xml,S_the_vase_has_some_water_01_TS.wav,,7,11,inkaa,ŋk̬aː↘,ŋk̬aː,ŋk̬aa,yes,sentence-level-word
S_the_vase_has_some_water_01_TS.xml,S_the_vase_has_some_water_01_TS.wav,,11,16,chikuii,tʃkw↘↗ꜜiː,tʃkwiː,t͡ʃkwii,yes,sentence-level-word
S_the_vase_has_some_water_01_TS.xml,S_the_vase_has_some_water_01_TS.wav,,0,1.04,sava inkaa chikuii,,,sava ŋk̬aa t͡ʃkwii,,sentence-level-full
S_the_vase_is_empty_01_02_TS.xml,S_the_vase_is_empty_01_02_TS.wav,,15,20,ka,ɣa↗,ɣa,ɣa,yes,sentence-level-word
S_the_vase_is_empty_01_02_TS.xml,S_the_vase_is_empty_01_02_TS.wav,,1,4,iin,ĩː˥↘,ĩː,ĩː,yes,sentence-level-word
S_the_vase_is_empty_01_02_TS.xml,S_the_vase_is_empty_01_02_TS.wav,,4,9,tsitu,tsi˥t̪u˥,tsit̪u,t͡situ,yes,sentence-level-word
S_the_vase_is_empty_01_02_TS.xml,S_the_vase_is_empty_01_02_TS.wav,,9,15,vaso,βa˥su˩,βasu,βasu,yes,sentence-level-word
S_the_vase_is_empty_01_02_TS.xml,S_the_vase_is_empty_01_02_TS.wav,,0,1.28,iin tsitu vaso ka,,,ĩː t͡situ βasu ɣa,,sentence-level-full
S_the_woodpecker_fly_COMPL_in_front_of_3s_01_02_03_TS.xml,S_the_woodpecker_fly_COMPL_in_front_of_3s_01_02_03_TS.wav,,14,17,ka,ɣa↗,ɣa,ɣa,yes,sentence-level-word
S_the_woodpecker_fly_COMPL_in_front_of_3s_01_02_03_TS.xml,S_the_woodpecker_fly_COMPL_in_front_of_3s_01_02_03_TS.wav,,1,8,ntava,nda˩βa˧,ndaβa,ndaβa,yes,sentence-level-word
S_the_woodpecker_fly_COMPL_in_front_of_3s_01_02_03_TS.xml,S_the_woodpecker_fly_COMPL_in_front_of_3s_01_02_03_TS.wav,,8,14,taka,t̪a˥kɐ˩,t̪akɐ,takɐ,yes,sentence-level-word
S_the_woodpecker_fly_COMPL_in_front_of_3s_01_02_03_TS.xml,S_the_woodpecker_fly_COMPL_in_front_of_3s_01_02_03_TS.wav,,17,70,nui,nu↘↗ĩ˩ꜛ,nuĩꜛ,nuĩ,yes,sentence-level-word
S_the_woodpecker_fly_COMPL_in_front_of_3s_01_02_03_TS.xml,S_the_woodpecker_fly_COMPL_in_front_of_3s_01_02_03_TS.wav,,0,2.47,ntava taka ka nui,,,ndaβa takɐ ɣa nuĩ,,sentence-level-full
S_the_woodpecker_fly_COMPL_in_front_of_3s_01_02_03_TS.xml,S_the_woodpecker_fly_COMPL_in_front_of_3s_01_02_03_TS.wav,,22,29,ntava,nd ̪a˩va˧,nd ̪ava,nd ava,yes,sentence-level-word
S_the_woodpecker_fly_COMPL_in_front_of_3s_01_02_03_TS.xml,S_the_woodpecker_fly_COMPL_in_front_of_3s_01_02_03_TS.wav,,38,71,nui,nũː↘↗ĩ˩ꜛ,nũːĩꜛ,nũːĩ,yes,sentence-level-word
S_the_woodpecker_fly_COMPL_in_front_of_3s_01_02_03_TS.xml,S_the_woodpecker_fly_COMPL_in_front_of_3s_01_02_03_TS.wav,,29,35,taka,t̪a∙ka˥,t̪aka,taka,yes,sentence-level-word
S_the_woodpecker_fly_COMPL_in_front_of_3s_01_02_03_TS.xml,S_the_woodpecker_fly_COMPL_in_front_of_3s_01_02_03_TS.wav,,35,38,ka,ɣa↗,ɣa,ɣa,yes,sentence-level-word
S_the_woodpecker_fly_COMPL_in_front_of_3s_01_02_03_TS.xml,S_the_woodpecker_fly_COMPL_in_front_of_3s_01_02_03_TS.wav,,2.47,4.78,ntava taka ka nui,,,nd ava taka ɣa nũːĩ,,sentence-level-full
S_the_woodpecker_fly_COMPL_in_front_of_3s_01_02_03_TS.xml,S_the_woodpecker_fly_COMPL_in_front_of_3s_01_02_03_TS.wav,,59,72,nui,nũː↘↗ꜜĩ˩ꜛ,nũːĩꜛ,nũːĩ,yes,sentence-level-word
S_the_woodpecker_fly_COMPL_in_front_of_3s_01_02_03_TS.xml,S_the_woodpecker_fly_COMPL_in_front_of_3s_01_02_03_TS.wav,,50,56,taka,t̪a˥ka˩,t̪aka,taka,yes,sentence-level-word
S_the_woodpecker_fly_COMPL_in_front_of_3s_01_02_03_TS.xml,S_the_woodpecker_fly_COMPL_in_front_of_3s_01_02_03_TS.wav,,56,59,ka,ɣa˥,ɣa,ɣa,yes,sentence-level-word
S_the_woodpecker_fly_COMPL_in_front_of_3s_01_02_03_TS.xml,S_the_woodpecker_fly_COMPL_in_front_of_3s_01_02_03_TS.wav,,43,50,ntava,nda˩va˧,ndava,ndava,yes,sentence-level-word
S_the_woodpecker_fly_COMPL_in_front_of_3s_01_02_03_TS.xml,S_the_woodpecker_fly_COMPL_in_front_of_3s_01_02_03_TS.wav,,4.78,6.84,ntava taka ka nui,,,ndava taka ɣa nũːĩ,,sentence-level-full
S_the_woodpecker_fly_COMPL_over_1s_01_02_03_TS.xml,S_the_woodpecker_fly_COMPL_over_1s_01_02_03_TS.wav,,14,17,ka,k̬a˥,k̬a,k̬a,yes,sentence-level-word
S_the_woodpecker_fly_COMPL_over_1s_01_02_03_TS.xml,S_the_woodpecker_fly_COMPL_over_1s_01_02_03_TS.wav,,1,8,ntava,nd̪a˩va˧,nd̪ava,ndava,yes,sentence-level-word
S_the_woodpecker_fly_COMPL_over_1s_01_02_03_TS.xml,S_the_woodpecker_fly_COMPL_over_1s_01_02_03_TS.wav,,8,14,taka,t̪a˥ka˧,t̪aka,taka,yes,sentence-level-word
S_the_woodpecker_fly_COMPL_over_1s_01_02_03_TS.xml,S_the_woodpecker_fly_COMPL_over_1s_01_02_03_TS.wav,,17,71,xini yu,ʃi∙niː↗↘,ʃiniː,ʃinii,yes,sentence-level-word
S_the_woodpecker_fly_COMPL_over_1s_01_02_03_TS.xml,S_the_woodpecker_fly_COMPL_over_1s_01_02_03_TS.wav,,0,2.65,ntava taka ka xini yu,,,ndava taka k̬a ʃinii,,sentence-level-full
S_the_woodpecker_fly_COMPL_over_1s_01_02_03_TS.xml,S_the_woodpecker_fly_COMPL_over_1s_01_02_03_TS.wav,,36,39,ka,k̬a↗,k̬a,k̬a,yes,sentence-level-word
S_the_woodpecker_fly_COMPL_over_1s_01_02_03_TS.xml,S_the_woodpecker_fly_COMPL_over_1s_01_02_03_TS.wav,,39,72,xini yu,ʃi∙niː↗↘ꜜ,ʃiniː,ʃinii,yes,sentence-level-word
S_the_woodpecker_fly_COMPL_over_1s_01_02_03_TS.xml,S_the_woodpecker_fly_COMPL_over_1s_01_02_03_TS.wav,,30,36,taka,t̪a∙ka↘,t̪aka,taka,yes,sentence-level-word
S_the_woodpecker_fly_COMPL_over_1s_01_02_03_TS.xml,S_the_woodpecker_fly_COMPL_over_1s_01_02_03_TS.wav,,23,30,ntava,nd̪a˩va˧,nd̪ava,ndava,yes,sentence-level-word
S_the_woodpecker_fly_COMPL_over_1s_01_02_03_TS.xml,S_the_woodpecker_fly_COMPL_over_1s_01_02_03_TS.wav,,2.65,4.86,ntava taka ka xini yu,,,ndava taka k̬a ʃinii,,sentence-level-full
S_the_woodpecker_fly_COMPL_over_1s_01_02_03_TS.xml,S_the_woodpecker_fly_COMPL_over_1s_01_02_03_TS.wav,,52,57,taka,t̪a˥ka˧,t̪aka,taka,yes,sentence-level-word
S_the_woodpecker_fly_COMPL_over_1s_01_02_03_TS.xml,S_the_woodpecker_fly_COMPL_over_1s_01_02_03_TS.wav,,45,52,ntava,nd̪a˩βa˧,nd̪aβa,ndaβa,yes,sentence-level-word
S_the_woodpecker_fly_COMPL_over_1s_01_02_03_TS.xml,S_the_woodpecker_fly_COMPL_over_1s_01_02_03_TS.wav,,60,73,xini,ʃi↘niː↗↘,ʃiniː,ʃinii,yes,sentence-level-word
S_the_woodpecker_fly_COMPL_over_1s_01_02_03_TS.xml,S_the_woodpecker_fly_COMPL_over_1s_01_02_03_TS.wav,,57,60,ka,ɣa↗,ɣa,ɣa,yes,sentence-level-word
S_the_woodpecker_fly_COMPL_over_1s_01_02_03_TS.xml,S_the_woodpecker_fly_COMPL_over_1s_01_02_03_TS.wav,,4.86,7.62,ntava taka ka xini,,,ndaβa taka ɣa ʃinii,,sentence-level-full
S_the_woodpecker_fly_COMPL_over_the_field_01_02_03_04_TS.xml,S_the_woodpecker_fly_COMPL_over_the_field_01_02_03_04_TS.wav,,18,97,ntaa,ndaː↘,ndaː,ndaa,yes,sentence-level-word
S_the_woodpecker_fly_COMPL_over_the_field_01_02_03_04_TS.xml,S_the_woodpecker_fly_COMPL_over_the_field_01_02_03_04_TS.wav,,1,8,ntava,nda˩va˧,ndava,ndava,yes,sentence-level-word
S_the_woodpecker_fly_COMPL_over_the_field_01_02_03_04_TS.xml,S_the_woodpecker_fly_COMPL_over_the_field_01_02_03_04_TS.wav,,15,18,nuu,nũː↘↗ꜜ,nũː,nũː,yes,sentence-level-word
S_the_woodpecker_fly_COMPL_over_the_field_01_02_03_04_TS.xml,S_the_woodpecker_fly_COMPL_over_the_field_01_02_03_04_TS.wav,,8,13,taka,t̪˥aka˩,t̪aka,taka,yes,sentence-level-word
S_the_woodpecker_fly_COMPL_over_the_field_01_02_03_04_TS.xml,S_the_woodpecker_fly_COMPL_over_the_field_01_02_03_04_TS.wav,,13,15,ka,ɣa˥,ɣa,ɣa,yes,sentence-level-word
S_the_woodpecker_fly_COMPL_over_the_field_01_02_03_04_TS.xml,S_the_woodpecker_fly_COMPL_over_the_field_01_02_03_04_TS.wav,,0,2.65,ntava taka ka nuu ntaa,,,ndava taka ɣa nũː ndaa,,sentence-level-full
S_the_woodpecker_fly_COMPL_over_the_field_01_02_03_04_TS.xml,S_the_woodpecker_fly_COMPL_over_the_field_01_02_03_04_TS.wav,,36,39,nuu,nũː↘↗ꜜ,nũː,nũː,yes,sentence-level-word
S_the_woodpecker_fly_COMPL_over_the_field_01_02_03_04_TS.xml,S_the_woodpecker_fly_COMPL_over_the_field_01_02_03_04_TS.wav,,39,98,ntaa,nda̰˥ʔ˩a̰,nda̰ʔa̰,ndaʔa̰,yes,sentence-level-word
S_the_woodpecker_fly_COMPL_over_the_field_01_02_03_04_TS.xml,S_the_woodpecker_fly_COMPL_over_the_field_01_02_03_04_TS.wav,,22,29,ntava,nda˩va˧,ndava,ndava,yes,sentence-level-word
S_the_woodpecker_fly_COMPL_over_the_field_01_02_03_04_TS.xml,S_the_woodpecker_fly_COMPL_over_the_field_01_02_03_04_TS.wav,,29,34,taka,t̪a˥k↘a,t̪aka,taka,yes,sentence-level-word
S_the_woodpecker_fly_COMPL_over_the_field_01_02_03_04_TS.xml,S_the_woodpecker_fly_COMPL_over_the_field_01_02_03_04_TS.wav,,34,36,ka,ɣa↗,ɣa,ɣa,yes,sentence-level-word
S_the_woodpecker_fly_COMPL_over_the_field_01_02_03_04_TS.xml,S_the_woodpecker_fly_COMPL_over_the_field_01_02_03_04_TS.wav,,2.65,5.25,ntava taka ka nuu ntaa,,,ndava taka ɣa nũː ndaʔa̰,,sentence-level-full
S_the_woodpecker_fly_COMPL_over_the_field_01_02_03_04_TS.xml,S_the_woodpecker_fly_COMPL_over_the_field_01_02_03_04_TS.wav,,45,52,ntava,nda˩va˧,ndava,ndava,yes,sentence-level-word
S_the_woodpecker_fly_COMPL_over_the_field_01_02_03_04_TS.xml,S_the_woodpecker_fly_COMPL_over_the_field_01_02_03_04_TS.wav,,61,64,nuu,nũː∙,nũː,nũː,yes,sentence-level-word
S_the_woodpecker_fly_COMPL_over_the_field_01_02_03_04_TS.xml,S_the_woodpecker_fly_COMPL_over_the_field_01_02_03_04_TS.wav,,64,99,ntaa,nda̰ː↘↗ꜜ,nda̰ː,nda̰a̰,yes,sentence-level-word
S_the_woodpecker_fly_COMPL_over_the_field_01_02_03_04_TS.xml,S_the_woodpecker_fly_COMPL_over_the_field_01_02_03_04_TS.wav,,58,61,ka,ɣa↗,ɣa,ɣa,yes,sentence-level-word
S_the_woodpecker_fly_COMPL_over_the_field_01_02_03_04_TS.xml,S_the_woodpecker_fly_COMPL_over_the_field_01_02_03_04_TS.wav,,52,58,taka,t̪a˥ka˧,t̪aka,taka,yes,sentence-level-word
S_the_woodpecker_fly_COMPL_over_the_field_01_02_03_04_TS.xml,S_the_woodpecker_fly_COMPL_over_the_field_01_02_03_04_TS.wav,,5.25,7.67,ntava taka ka nuu ntaa,,,ndava taka ɣa nũː nda̰a̰,,sentence-level-full
S_the_woodpecker_fly_COMPL_over_the_field_01_02_03_04_TS.xml,S_the_woodpecker_fly_COMPL_over_the_field_01_02_03_04_TS.wav,,74,80,taka,t̪a˥ka˧,t̪aka,taka,yes,sentence-level-word
S_the_woodpecker_fly_COMPL_over_the_field_01_02_03_04_TS.xml,S_the_woodpecker_fly_COMPL_over_the_field_01_02_03_04_TS.wav,,80,83,ka,ɣa↗,ɣa,ɣa,yes,sentence-level-word
S_the_woodpecker_fly_COMPL_over_the_field_01_02_03_04_TS.xml,S_the_woodpecker_fly_COMPL_over_the_field_01_02_03_04_TS.wav,,68,74,ntava,nda˩v˧a,ndava,ndava,yes,sentence-level-word
S_the_woodpecker_fly_COMPL_over_the_field_01_02_03_04_TS.xml,S_the_woodpecker_fly_COMPL_over_the_field_01_02_03_04_TS.wav,,83,86,nuu,nũː↘↗ꜜ,nũː,nũː,yes,sentence-level-word
S_the_woodpecker_fly_COMPL_over_the_field_01_02_03_04_TS.xml,S_the_woodpecker_fly_COMPL_over_the_field_01_02_03_04_TS.wav,,86,100,ntaa,nda̰ː↘ꜜ,nda̰ː,nda̰a̰,yes,sentence-level-word
S_the_woodpecker_fly_COMPL_over_the_field_01_02_03_04_TS.xml,S_the_woodpecker_fly_COMPL_over_the_field_01_02_03_04_TS.wav,,7.67,10.22,ntava taka ka nuu ntaa,,,ndava taka ɣa nũː nda̰a̰,,sentence-level-full
S_there_is_an_ant_beLOC_on_my_leg_03_TS.xml,S_there_is_an_ant_beLOC_on_my_leg_03_TS.wav,,17,20,nuu,nũː∙,nũː,nũː,yes,sentence-level-word
S_there_is_an_ant_beLOC_on_my_leg_03_TS.xml,S_there_is_an_ant_beLOC_on_my_leg_03_TS.wav,,10,12,in,ĩː˥ꜜ,ĩː,ĩː,yes,sentence-level-word
S_there_is_an_ant_beLOC_on_my_leg_03_TS.xml,S_there_is_an_ant_beLOC_on_my_leg_03_TS.wav,,12,17,choko,tʃo˧ko∙,tʃoko,t͡ʃoko,yes,sentence-level-word
S_there_is_an_ant_beLOC_on_my_leg_03_TS.xml,S_there_is_an_ant_beLOC_on_my_leg_03_TS.wav,,20,26,si'in yu,sĩ˧ʔĩ˩,sĩʔĩ,sĩʔĩ,yes,sentence-level-word
S_there_is_an_ant_beLOC_on_my_leg_03_TS.xml,S_there_is_an_ant_beLOC_on_my_leg_03_TS.wav,,1,3,iin,ĩː˥,ĩː,ĩː,yes,sentence-level-word
S_there_is_an_ant_beLOC_on_my_leg_03_TS.xml,S_there_is_an_ant_beLOC_on_my_leg_03_TS.wav,,3,10,ntu'u,nd̪u˥ʔu˩,nd̪uʔu,nduʔu,yes,sentence-level-word
S_there_is_an_ant_beLOC_on_my_leg_03_TS.xml,S_there_is_an_ant_beLOC_on_my_leg_03_TS.wav,,0,2.44,iin ntu'u in choko nuu si'in yu,,,ĩː nduʔu ĩː t͡ʃoko nũː sĩʔĩ,,sentence-level-full
S_they_both_got_3rd_pl_inf_home_at_the_same_time_01_02_03spkrTS.xml,S_they_both_got_3rd_pl_inf_home_at_the_same_time_01_02_03spkrTS.wav,,1,3,iin,ĩː˥,ĩː,ĩː,yes,sentence-level-word
S_they_both_got_3rd_pl_inf_home_at_the_same_time_01_02_03spkrTS.xml,S_they_both_got_3rd_pl_inf_home_at_the_same_time_01_02_03spkrTS.wav,,9,13,kue,wi˧,wi,wi,yes,sentence-level-word
S_they_both_got_3rd_pl_inf_home_at_the_same_time_01_02_03spkrTS.xml,S_they_both_got_3rd_pl_inf_home_at_the_same_time_01_02_03spkrTS.wav,,3,9,ntatsaa,nda˧tsaː˩,ndatsaː,ndat͡saa,yes,sentence-level-word
S_they_both_got_3rd_pl_inf_home_at_the_same_time_01_02_03spkrTS.xml,S_they_both_got_3rd_pl_inf_home_at_the_same_time_01_02_03spkrTS.wav,,0,1.41,iin ntatsaa kue,,,ĩː ndat͡saa wi,,sentence-level-full
S_they_f_sew_clothes_very_well_01_spkrTS.xml,S_they_f_sew_clothes_very_well_01_spkrTS.wav,,1,6,va'a,β˥aʔa↘,βaʔa,βaʔa,yes,sentence-level-word
S_they_f_sew_clothes_very_well_01_spkrTS.xml,S_they_f_sew_clothes_very_well_01_spkrTS.wav,,6,13,ncho'a,ndʒo∙ʔa∙,ndʒoʔa,nd͡ʒoʔa,yes,sentence-level-word
S_they_f_sew_clothes_very_well_01_spkrTS.xml,S_they_f_sew_clothes_very_well_01_spkrTS.wav,,22,31,sa'ma,sa˥ʔma˩,saʔma,saʔma,yes,sentence-level-word
S_they_f_sew_clothes_very_well_01_spkrTS.xml,S_they_f_sew_clothes_very_well_01_spkrTS.wav,,19,22,na,na˧,na,na,yes,sentence-level-word
S_they_f_sew_clothes_very_well_01_spkrTS.xml,S_they_f_sew_clothes_very_well_01_spkrTS.wav,,13,19,tsitsi,tsi˧tsi˩,tsitsi,t͡sit͡si,yes,sentence-level-word
S_they_f_sew_clothes_very_well_01_spkrTS.xml,S_they_f_sew_clothes_very_well_01_spkrTS.wav,,0,1.96,va'a ncho'a tsitsi na sa'ma,,,βaʔa nd͡ʒoʔa t͡sit͡si na saʔma,,sentence-level-full
S_throw_3s_form_m_IMP_ball_DIR_1s_01_02_TS.xml,S_throw_3s_form_m_IMP_ball_DIR_1s_01_02_TS.wav,,1,2,tsi,ts,ts,t͡s,no,sentence-level-word
S_throw_3s_form_m_IMP_ball_DIR_1s_01_02_TS.xml,S_throw_3s_form_m_IMP_ball_DIR_1s_01_02_TS.wav,,2,8,skani,ska˩ni˥,skani,skani,yes,sentence-level-word
S_throw_3s_form_m_IMP_ball_DIR_1s_01_02_TS.xml,S_throw_3s_form_m_IMP_ball_DIR_1s_01_02_TS.wav,,8,17,pelota,pɛ∙lo˥t̪a˧,pɛlot̪a,pɛlota,yes,sentence-level-word
S_throw_3s_form_m_IMP_ball_DIR_1s_01_02_TS.xml,S_throw_3s_form_m_IMP_ball_DIR_1s_01_02_TS.wav,,17,44,nuu yu,n↘↗↘ꜜuː,nuː,nuu,yes,sentence-level-word
S_throw_3s_form_m_IMP_ball_DIR_1s_01_02_TS.xml,S_throw_3s_form_m_IMP_ball_DIR_1s_01_02_TS.wav,,0,2.05,tsi skani pelota nuu yu,,,t͡s skani pɛlota nuu,,sentence-level-full
S_throw_3s_form_m_IMP_ball_DIR_1s_01_02_TS.xml,S_throw_3s_form_m_IMP_ball_DIR_1s_01_02_TS.wav,,22,27,skani,ska˩n˥i,skani,skani,yes,sentence-level-word
S_throw_3s_form_m_IMP_ball_DIR_1s_01_02_TS.xml,S_throw_3s_form_m_IMP_ball_DIR_1s_01_02_TS.wav,,27,36,pelota,pɛ˩lo˥t̪a˧,pɛlot̪a,pɛlota,yes,sentence-level-word
S_throw_3s_form_m_IMP_ball_DIR_1s_01_02_TS.xml,S_throw_3s_form_m_IMP_ball_DIR_1s_01_02_TS.wav,,36,45,nuu yu,nũ↘↗↘,nũ,nũ,yes,sentence-level-word
S_throw_3s_form_m_IMP_ball_DIR_1s_01_02_TS.xml,S_throw_3s_form_m_IMP_ball_DIR_1s_01_02_TS.wav,,19,22,tsi,tsi˧,tsi,t͡si,yes,sentence-level-word
S_throw_3s_form_m_IMP_ball_DIR_1s_01_02_TS.xml,S_throw_3s_form_m_IMP_ball_DIR_1s_01_02_TS.wav,,2.05,4.34,tsi skani pelota nuu yu,,,t͡si skani pɛlota nũ,,sentence-level-full
S_tree_LOC_PROX_01_02_03_TS.xml,S_tree_LOC_PROX_01_02_03_TS.wav,,1,8,yachi,ja↘tʃi˥ŋ,jatʃiŋ,jat͡ʃiŋ,yes,sentence-level-word
S_tree_LOC_PROX_01_02_03_TS.xml,S_tree_LOC_PROX_01_02_03_TS.wav,,8,12,inkaa,k̬aː↘ꜜ,k̬aː,k̬aa,yes,sentence-level-word
S_tree_LOC_PROX_01_02_03_TS.xml,S_tree_LOC_PROX_01_02_03_TS.wav,,12,57,tuyutsa,t̪ju↘tsa˥,t̪jutsa,tjut͡sa,yes,sentence-level-word
S_tree_LOC_PROX_01_02_03_TS.xml,S_tree_LOC_PROX_01_02_03_TS.wav,,0,1.22,yachi inkaa tuyutsa,,,jat͡ʃiŋ k̬aa tjut͡sa,,sentence-level-full
S_tree_LOC_PROX_01_02_03_TS.xml,S_tree_LOC_PROX_01_02_03_TS.wav,,25,29,inkaa,ŋk̬aː↘,ŋk̬aː,ŋk̬aa,yes,sentence-level-word
S_tree_LOC_PROX_01_02_03_TS.xml,S_tree_LOC_PROX_01_02_03_TS.wav,,29,58,tuyutsa,t̪ju↘tsa∙,t̪jutsa,tjut͡sa,yes,sentence-level-word
S_tree_LOC_PROX_01_02_03_TS.xml,S_tree_LOC_PROX_01_02_03_TS.wav,,19,25,yachi,ja˩tʃi˥,jatʃi,jat͡ʃi,yes,sentence-level-word
S_tree_LOC_PROX_01_02_03_TS.xml,S_tree_LOC_PROX_01_02_03_TS.wav,,1.22,2.61,yachi inkaa tuyutsa,,,jat͡ʃi ŋk̬aa tjut͡sa,,sentence-level-full
S_tree_LOC_PROX_01_02_03_TS.xml,S_tree_LOC_PROX_01_02_03_TS.wav,,35,41,yachi,ja↘tʃi↗,jatʃi,jat͡ʃi,yes,sentence-level-word
S_tree_LOC_PROX_01_02_03_TS.xml,S_tree_LOC_PROX_01_02_03_TS.wav,,41,44,inkaa,ŋk̬aː↘,ŋk̬aː,ŋk̬aa,yes,sentence-level-word
S_tree_LOC_PROX_01_02_03_TS.xml,S_tree_LOC_PROX_01_02_03_TS.wav,,44,59,tuyutsa,t̪ju↘tsa∙,t̪jutsa,tjut͡sa,yes,sentence-level-word
S_tree_LOC_PROX_01_02_03_TS.xml,S_tree_LOC_PROX_01_02_03_TS.wav,,2.61,3.88,yachi inkaa tuyutsa,,,jat͡ʃi ŋk̬aa tjut͡sa,,sentence-level-full
S_want_1st_sg_it_to_rain_tomorrow_03_spkrTS.xml,S_want_1st_sg_it_to_rain_tomorrow_03_spkrTS.wav,,1,10,nikuni,ni↘kũ˧ni∙,nikũni,nikũni,yes,sentence-level-word
S_want_1st_sg_it_to_rain_tomorrow_03_spkrTS.xml,S_want_1st_sg_it_to_rain_tomorrow_03_spkrTS.wav,,10,13,yu,ju↘,ju,ju,yes,sentence-level-word
S_want_1st_sg_it_to_rain_tomorrow_03_spkrTS.xml,S_want_1st_sg_it_to_rain_tomorrow_03_spkrTS.wav,,19,28,kuu,kũː↗ꜜsa↘vi↗,kũːsavi,kũːsavi,yes,sentence-level-word
S_want_1st_sg_it_to_rain_tomorrow_03_spkrTS.xml,S_want_1st_sg_it_to_rain_tomorrow_03_spkrTS.wav,,16,19,na,na↗,na,na,yes,sentence-level-word
S_want_1st_sg_it_to_rain_tomorrow_03_spkrTS.xml,S_want_1st_sg_it_to_rain_tomorrow_03_spkrTS.wav,,28,36,vichi,βi↗ʧi↗,βiʧi,βit͡ʃi,yes,sentence-level-word
S_want_1st_sg_it_to_rain_tomorrow_03_spkrTS.xml,S_want_1st_sg_it_to_rain_tomorrow_03_spkrTS.wav,,13,16,ña,ɲã↘,ɲã,ɲã,yes,sentence-level-word
S_want_1st_sg_it_to_rain_tomorrow_03_spkrTS.xml,S_want_1st_sg_it_to_rain_tomorrow_03_spkrTS.wav,,0,3.88,nikuni yu ña na kuu vichi,,,nikũni ju ɲã na kũːsavi βit͡ʃi,,sentence-level-full
S_wash_1st_sg_FUT_NEG_dog_1st_sg_01_02_TS.xml,S_wash_1st_sg_FUT_NEG_dog_1st_sg_01_02_TS.wav,,1,4,ma,ma˩,ma,ma,yes,sentence-level-word
S_wash_1st_sg_FUT_NEG_dog_1st_sg_01_02_TS.xml,S_wash_1st_sg_FUT_NEG_dog_1st_sg_01_02_TS.wav,,4,10,skuchi yu,sku˥tʃi˥↘,skutʃi,skut͡ʃi,yes,sentence-level-word
S_wash_1st_sg_FUT_NEG_dog_1st_sg_01_02_TS.xml,S_wash_1st_sg_FUT_NEG_dog_1st_sg_01_02_TS.wav,,16,21,yu,ju↘,ju,ju,yes,sentence-level-word
S_wash_1st_sg_FUT_NEG_dog_1st_sg_01_02_TS.xml,S_wash_1st_sg_FUT_NEG_dog_1st_sg_01_02_TS.wav,,10,16,tina,t̪i˩na˧,t̪ina,tina,yes,sentence-level-word
S_wash_1st_sg_FUT_NEG_dog_1st_sg_01_02_TS.xml,S_wash_1st_sg_FUT_NEG_dog_1st_sg_01_02_TS.wav,,0,1.61,ma skuchi yu tina yu,,,ma skut͡ʃi tina ju,,sentence-level-full
S_wash_1st_sg_FUT_dog_1st_sg_01_02_TS.xml,S_wash_1st_sg_FUT_dog_1st_sg_01_02_TS.wav,,14,18,yu,j↘u,ju,ju,yes,sentence-level-word
S_wash_1st_sg_FUT_dog_1st_sg_01_02_TS.xml,S_wash_1st_sg_FUT_dog_1st_sg_01_02_TS.wav,,1,4,kuun,ku˥,ku,ku,yes,sentence-level-word
S_wash_1st_sg_FUT_dog_1st_sg_01_02_TS.xml,S_wash_1st_sg_FUT_dog_1st_sg_01_02_TS.wav,,4,10,skuchi yu,sku˧tʃi↘↗,skutʃi,skut͡ʃi,yes,sentence-level-word
S_wash_1st_sg_FUT_dog_1st_sg_01_02_TS.xml,S_wash_1st_sg_FUT_dog_1st_sg_01_02_TS.wav,,10,14,tina,t̪i˧na˩,t̪ina,tina,yes,sentence-level-word
S_wash_1st_sg_FUT_dog_1st_sg_01_02_TS.xml,S_wash_1st_sg_FUT_dog_1st_sg_01_02_TS.wav,,0,1.64,kuun skuchi yu tina yu,,,ku skut͡ʃi tina ju,,sentence-level-full
S_we_ate_rice_and_beans_for_breakfast_last_saturday_01_02_TS.xml,S_we_ate_rice_and_beans_for_breakfast_last_saturday_01_02_TS.wav,,31,42,nikitsi,ni˩k∙itsi˧,nikitsi,nikit͡si,yes,sentence-level-word
S_we_ate_rice_and_beans_for_breakfast_last_saturday_01_02_TS.xml,S_we_ate_rice_and_beans_for_breakfast_last_saturday_01_02_TS.wav,,7,13,arroz,a˧ro˧s,aros,aros,yes,sentence-level-word
S_we_ate_rice_and_beans_for_breakfast_last_saturday_01_02_TS.xml,S_we_ate_rice_and_beans_for_breakfast_last_saturday_01_02_TS.wav,,21,24,ta,t̬̪a˩,t̬̪a,t̬a,yes,sentence-level-word
S_we_ate_rice_and_beans_for_breakfast_last_saturday_01_02_TS.xml,S_we_ate_rice_and_beans_for_breakfast_last_saturday_01_02_TS.wav,,1,7,tsatso,tsa˩tso↗,tsatso,t͡sat͡so,yes,sentence-level-word
S_we_ate_rice_and_beans_for_breakfast_last_saturday_01_02_TS.xml,S_we_ate_rice_and_beans_for_breakfast_last_saturday_01_02_TS.wav,,15,21,ntuchi,nd̪˧utʃi˩,nd̪utʃi,ndut͡ʃi,yes,sentence-level-word
S_we_ate_rice_and_beans_for_breakfast_last_saturday_01_02_TS.xml,S_we_ate_rice_and_beans_for_breakfast_last_saturday_01_02_TS.wav,,24,31,suetu,swɛ˥t̪u˩,swɛt̪u,swɛtu,yes,sentence-level-word
S_we_ate_rice_and_beans_for_breakfast_last_saturday_01_02_TS.xml,S_we_ate_rice_and_beans_for_breakfast_last_saturday_01_02_TS.wav,,13,15,tsi,tsi˩,tsi,t͡si,yes,sentence-level-word
S_we_ate_rice_and_beans_for_breakfast_last_saturday_01_02_TS.xml,S_we_ate_rice_and_beans_for_breakfast_last_saturday_01_02_TS.wav,,4.99,8.67,tsatso arroz tsi ntuchi ta suetu nikitsi,,,t͡sat͡so aros t͡si ndut͡ʃi t̬a swɛtu nikit͡si,,sentence-level-full
S_we_studied_alot_01_02_TS.xml,S_we_studied_alot_01_02_TS.wav,,1,8,skua'a,skwa̰∙ʔa˥,skwa̰ʔa,skwaʔa,yes,sentence-level-word
S_we_studied_alot_01_02_TS.xml,S_we_studied_alot_01_02_TS.wav,,13,17,kue,we˧,we,we,yes,sentence-level-word
S_we_studied_alot_01_02_TS.xml,S_we_studied_alot_01_02_TS.wav,,8,13,ncho'a,ndʒ∙oa∙,ndʒoa,nd͡ʒoa,yes,sentence-level-word
S_we_studied_alot_01_02_TS.xml,S_we_studied_alot_01_02_TS.wav,,0,1.45,skua'a ncho'a kue,,,skwaʔa nd͡ʒoa we,,sentence-level-full
S_who_wants_to_blow_01_JS.xml,S_who_wants_to_blow_01_JS.wav,,1,6,ana,a˥na˧,ana,ana,yes,sentence-level-word
S_who_wants_to_blow_01_JS.xml,S_who_wants_to_blow_01_JS.wav,,12,21,tivi,t̪̬i˧βi˩,t̪̬iβi,t̬iβi,yes,sentence-level-word
S_who_wants_to_blow_01_JS.xml,S_who_wants_to_blow_01_JS.wav,,6,12,kuni,ku˥ni↘,kuni,kuni,yes,sentence-level-word
S_who_wants_to_blow_01_JS.xml,S_who_wants_to_blow_01_JS.wav,,0,1.52,ana kuni tivi,,,ana kuni t̬iβi,,sentence-level-full
S_woman-COP-beautiful_01_02_03_JS.xml,S_woman-COP-beautiful_01_02_03_JS.wav,,14,50,ka,ɣ↗a,ɣa,ɣa,yes,sentence-level-word
S_woman-COP-beautiful_01_02_03_JS.xml,S_woman-COP-beautiful_01_02_03_JS.wav,,1,6,che'e,tʃe↗ʔ↘e,tʃeʔe,t͡ʃeʔe,yes,sentence-level-word
S_woman-COP-beautiful_01_02_03_JS.xml,S_woman-COP-beautiful_01_02_03_JS.wav,,9,14,ña'a,ɲa↘ʔ↗a,ɲaʔa,ɲaʔa,yes,sentence-level-word
S_woman-COP-beautiful_01_02_03_JS.xml,S_woman-COP-beautiful_01_02_03_JS.wav,,6,9,kaa,k̬aː↘,k̬aː,k̬aa,yes,sentence-level-word
S_woman-COP-beautiful_01_02_03_JS.xml,S_woman-COP-beautiful_01_02_03_JS.wav,,0,2.10,che'e kaa ña'a ka,,,t͡ʃeʔe k̬aa ɲaʔa ɣa,,sentence-level-full
S_woman-COP-beautiful_01_02_03_JS.xml,S_woman-COP-beautiful_01_02_03_JS.wav,,22,27,J a_F ? a_R,ɲa↘ʔ↗a,ɲaʔa,ɲaʔa,yes,sentence-level-word
S_woman-COP-beautiful_01_02_03_JS.xml,S_woman-COP-beautiful_01_02_03_JS.wav,,27,51,G a_R >uf,ɣ↗a,ɣa,ɣa,yes,sentence-level-word
S_woman-COP-beautiful_01_02_03_JS.xml,S_woman-COP-beautiful_01_02_03_JS.wav,,16,19,<ui (tS) e:_k_R_F,tʃḛː↗↘,tʃḛː,t͡ʃḛː,yes,sentence-level-word
S_woman-COP-beautiful_01_02_03_JS.xml,S_woman-COP-beautiful_01_02_03_JS.wav,,19,22,k a:_F,k̬aː↘,k̬aː,k̬aa,yes,sentence-level-word
S_woman-COP-beautiful_01_02_03_JS.xml,S_woman-COP-beautiful_01_02_03_JS.wav,,2.10,4.18,<ui (tS) e:_k_R_F k a:_F J a_F ? a_R G a_R >uf,,,t͡ʃḛː k̬aa ɲaʔa ɣa,,sentence-level-full
S_woman-COP-beautiful_01_02_03_JS.xml,S_woman-COP-beautiful_01_02_03_JS.wav,,36,38,k a:_F,k̬↘aː,k̬aː,k̬aa,yes,sentence-level-word
S_woman-COP-beautiful_01_02_03_JS.xml,S_woman-COP-beautiful_01_02_03_JS.wav,,30,36,<ui (tS) e_R ? e_F,tʃe↗ʔe↘,tʃeʔe,t͡ʃeʔe,yes,sentence-level-word
S_woman-COP-beautiful_01_02_03_JS.xml,S_woman-COP-beautiful_01_02_03_JS.wav,,38,44,J a_F ? a_R,ɲa↘ʔa↗,ɲaʔa,ɲaʔa,yes,sentence-level-word
S_woman-COP-beautiful_01_02_03_JS.xml,S_woman-COP-beautiful_01_02_03_JS.wav,,44,52,G a_R >uf,ɣa↗,ɣa,ɣa,yes,sentence-level-word
S_woman-COP-beautiful_01_02_03_JS.xml,S_woman-COP-beautiful_01_02_03_JS.wav,,4.18,6.51,<ui (tS) e_R ? e_F k a:_F J a_F ? a_R G a_R >uf,,,t͡ʃeʔe k̬aa ɲaʔa ɣa,,sentence-level-full
S_work_1st_sg_instead_of_Maria_01_02_03_TS.xml,S_work_1st_sg_instead_of_Maria_01_02_03_TS.wav,,1,7,sachuun yu,sa˧tʃũː↘,satʃũː,sat͡ʃũː,yes,sentence-level-word
S_work_1st_sg_instead_of_Maria_01_02_03_TS.xml,S_work_1st_sg_instead_of_Maria_01_02_03_TS.wav,,7,11,tsa'a,tsa̰ː∙,tsa̰ː,t͡sa̰a̰,yes,sentence-level-word
S_work_1st_sg_instead_of_Maria_01_02_03_TS.xml,S_work_1st_sg_instead_of_Maria_01_02_03_TS.wav,,11,18,Maria,"ma˩ri˥
                     ↘a","mari
                     a",mari a,yes,sentence-level-word
S_work_1st_sg_instead_of_Maria_01_02_03_TS.xml,S_work_1st_sg_instead_of_Maria_01_02_03_TS.wav,,18,59,ka,ɣ↗a,ɣa,ɣa,yes,sentence-level-word
S_work_1st_sg_instead_of_Maria_01_02_03_TS.xml,S_work_1st_sg_instead_of_Maria_01_02_03_TS.wav,,0,2.76,sachuun yu tsa'a Maria ka,,,sat͡ʃũː t͡sa̰a̰ mari a ɣa,,sentence-level-full
S_work_1st_sg_instead_of_Maria_01_02_03_TS.xml,S_work_1st_sg_instead_of_Maria_01_02_03_TS.wav,,34,60,ka,ɣa↗,ɣa,ɣa,yes,sentence-level-word
S_work_1st_sg_instead_of_Maria_01_02_03_TS.xml,S_work_1st_sg_instead_of_Maria_01_02_03_TS.wav,,25,28,tsa'a,tsa̰∙,tsa̰,t͡sa̰,yes,sentence-level-word
S_work_1st_sg_instead_of_Maria_01_02_03_TS.xml,S_work_1st_sg_instead_of_Maria_01_02_03_TS.wav,,28,34,Maria,"mari↗
                     ↘a","mari
                     a",mari a,yes,sentence-level-word
S_work_1st_sg_instead_of_Maria_01_02_03_TS.xml,S_work_1st_sg_instead_of_Maria_01_02_03_TS.wav,,20,25,sachuun yu,s˧atʃũː↘,satʃũː,sat͡ʃũː,yes,sentence-level-word
S_work_1st_sg_instead_of_Maria_01_02_03_TS.xml,S_work_1st_sg_instead_of_Maria_01_02_03_TS.wav,,2.76,4.67,sachuun yu tsa'a Maria ka,,,sat͡ʃũː t͡sa̰ mari a ɣa,,sentence-level-full
S_work_1st_sg_instead_of_Maria_01_02_03_TS.xml,S_work_1st_sg_instead_of_Maria_01_02_03_TS.wav,,52,61,ka,ɣa↗ꜜ,ɣa,ɣa,yes,sentence-level-word
S_work_1st_sg_instead_of_Maria_01_02_03_TS.xml,S_work_1st_sg_instead_of_Maria_01_02_03_TS.wav,,45,52,Maria,ma˧ri↗a↘,maria,maria,yes,sentence-level-word
S_work_1st_sg_instead_of_Maria_01_02_03_TS.xml,S_work_1st_sg_instead_of_Maria_01_02_03_TS.wav,,42,45,tsa'a,tsa̰∙,tsa̰,t͡sa̰,yes,sentence-level-word
S_work_1st_sg_instead_of_Maria_01_02_03_TS.xml,S_work_1st_sg_instead_of_Maria_01_02_03_TS.wav,,37,42,sachuun yu,sa∙tʃ↘ũː,satʃũː,sat͡ʃũː,yes,sentence-level-word
S_work_1st_sg_instead_of_Maria_01_02_03_TS.xml,S_work_1st_sg_instead_of_Maria_01_02_03_TS.wav,,4.67,8.66,sachuun yu tsa'a Maria ka,,,sat͡ʃũː t͡sa̰ maria ɣa,,sentence-level-full
S_you_2s_inf_smell_bad_01_02_03_spkrTS.xml,S_you_2s_inf_smell_bad_01_02_03_spkrTS.wav,,1,8,kini,ki˧ni˩,kini,kini,yes,sentence-level-word
S_you_2s_inf_smell_bad_01_02_03_spkrTS.xml,S_you_2s_inf_smell_bad_01_02_03_spkrTS.wav,,8,15,tsa'mu,ts˥ã̰ʔõ̰̹↗,tsã̰ʔõ̰̹,t͡sã̰ʔõ̰,yes,sentence-level-word
S_you_2s_inf_smell_bad_01_02_03_spkrTS.xml,S_you_2s_inf_smell_bad_01_02_03_spkrTS.wav,,2.96,4.10,kini tsa'mu,,,kini t͡sã̰ʔõ̰,,sentence-level-full
S_you_2s_inf_smell_good_01_02_03_spkrTS.xml,S_you_2s_inf_smell_good_01_02_03_spkrTS.wav,,1,7,va'a,βa̰˥ʔa↗,βa̰ʔa,βaʔa,yes,sentence-level-word
S_you_2s_inf_smell_good_01_02_03_spkrTS.xml,S_you_2s_inf_smell_good_01_02_03_spkrTS.wav,,7,16,tsa'mu,tsa˥ʔmũ̹↗,tsaʔmũ̹,t͡saʔmũ,yes,sentence-level-word
S_you_2s_inf_smell_good_01_02_03_spkrTS.xml,S_you_2s_inf_smell_good_01_02_03_spkrTS.wav,,1.36,2.48,va'a tsa'mu,,,βaʔa t͡saʔmũ,,sentence-level-full
V_CMND_lay_down_01_02_03_TS.xml,V_CMND_lay_down_01_02_03_TS.wav,1,0,1.24,kantu'u,ka˩nd̪u˥ʔu˥,kand̪uʔu,kanduʔu,yes,single-word
V_CMND_lay_down_01_02_03_TS.xml,V_CMND_lay_down_01_02_03_TS.wav,2,1.24,2.43,kantu'u,ka˩ndu˥ʔ˥u,kanduʔu,kanduʔu,yes,single-word
V_CMND_lay_down_01_02_03_TS.xml,V_CMND_lay_down_01_02_03_TS.wav,3,2.43,3.50,kantu'u,ka˩nd˥uʔu˥,kanduʔu,kanduʔu,yes,single-word
V_CMND_sit_down_01_02_03_spkrTS.xml,V_CMND_sit_down_01_02_03_spkrTS.wav,1,0,1.06,kuntu'u,ku↘nd̪u↗ʔu˥,kund̪uʔu,kunduʔu,yes,single-word
V_CMND_sit_down_01_02_03_spkrTS.xml,V_CMND_sit_down_01_02_03_spkrTS.wav,2,1.06,2.30,kuntu'u,ku˩nd̪↗uʔu˥,kund̪uʔu,kunduʔu,yes,single-word
V_CMND_sit_down_01_02_03_spkrTS.xml,V_CMND_sit_down_01_02_03_spkrTS.wav,3,2.30,3.63,kuntu'u,ku↘nd̪↗uʔu˥,kund̪uʔu,kunduʔu,yes,single-word
V_CMND_sit_down_in_back_of_me_01_02_03_spkrTS.xml,V_CMND_sit_down_in_back_of_me_01_02_03_spkrTS.wav,,1,8,kundu'u,kũː˩ndṵː↗↘,kũːndṵː,kũːndṵː,yes,sentence-level-word
V_CMND_sit_down_in_back_of_me_01_02_03_spkrTS.xml,V_CMND_sit_down_in_back_of_me_01_02_03_spkrTS.wav,,8,44,sata yu,sa↘t̪a↗↘,sat̪a,sata,yes,sentence-level-word
V_CMND_sit_down_in_back_of_me_01_02_03_spkrTS.xml,V_CMND_sit_down_in_back_of_me_01_02_03_spkrTS.wav,,0,1.46,kundu'u sata yu,,,kũːndṵː sata,,sentence-level-full
V_CMND_sit_down_in_back_of_me_01_02_03_spkrTS.xml,V_CMND_sit_down_in_back_of_me_01_02_03_spkrTS.wav,,14,22,kundu'u,kũː↘ndu↗ʔ↘ṵ,kũːnduʔṵ,kũːnduʔṵ,yes,sentence-level-word
V_CMND_sit_down_in_back_of_me_01_02_03_spkrTS.xml,V_CMND_sit_down_in_back_of_me_01_02_03_spkrTS.wav,,22,45,sata yu,s˩at̪a↗↘,sat̪a,sata,yes,sentence-level-word
V_CMND_sit_down_in_back_of_me_01_02_03_spkrTS.xml,V_CMND_sit_down_in_back_of_me_01_02_03_spkrTS.wav,,1.46,2.89,kundu'u sata yu,,,kũːnduʔṵ sata,,sentence-level-full
V_CMND_sit_down_in_back_of_me_01_02_03_spkrTS.xml,V_CMND_sit_down_in_back_of_me_01_02_03_spkrTS.wav,,27,35,kundu'u,k↘ũːndu˥ʔṵ↘,kũːnduʔṵ,kũːnduʔṵ,yes,sentence-level-word
V_CMND_sit_down_in_back_of_me_01_02_03_spkrTS.xml,V_CMND_sit_down_in_back_of_me_01_02_03_spkrTS.wav,,35,46,sata yu,sa˩t̪a↗↘ꜜ,sat̪a,sata,yes,sentence-level-word
V_CMND_sit_down_in_back_of_me_01_02_03_spkrTS.xml,V_CMND_sit_down_in_back_of_me_01_02_03_spkrTS.wav,,2.89,4.36,kundu'u sata yu,,,kũːnduʔṵ sata,,sentence-level-full
V_CMND_sit_down_in_front_of_me_01_02_03_spkrTS.xml,V_CMND_sit_down_in_front_of_me_01_02_03_spkrTS.wav,,1,10,kuntu'u,kũ↘ndu˥ʔu↘,kũnduʔu,kũnduʔu,yes,sentence-level-word
V_CMND_sit_down_in_front_of_me_01_02_03_spkrTS.xml,V_CMND_sit_down_in_front_of_me_01_02_03_spkrTS.wav,,10,40,nuu̱,nũː↘↗↘,nũː,nũː,yes,sentence-level-word
V_CMND_sit_down_in_front_of_me_01_02_03_spkrTS.xml,V_CMND_sit_down_in_front_of_me_01_02_03_spkrTS.wav,,0,1.31,kuntu'u nuu̱,,,kũnduʔu nũː,,sentence-level-full
V_CMND_sit_down_in_front_of_me_01_02_03_spkrTS.xml,V_CMND_sit_down_in_front_of_me_01_02_03_spkrTS.wav,,13,23,kuntu'u,kũ↘ndu↗ʔu↘,kũnduʔu,kũnduʔu,yes,sentence-level-word
V_CMND_sit_down_in_front_of_me_01_02_03_spkrTS.xml,V_CMND_sit_down_in_front_of_me_01_02_03_spkrTS.wav,,23,41,nuu̱,nũː↘↗↘,nũː,nũː,yes,sentence-level-word
V_CMND_sit_down_in_front_of_me_01_02_03_spkrTS.xml,V_CMND_sit_down_in_front_of_me_01_02_03_spkrTS.wav,,1.31,2.86,kuntu'u nuu̱,,,kũnduʔu nũː,,sentence-level-full
V_CMND_sit_down_in_front_of_me_01_02_03_spkrTS.xml,V_CMND_sit_down_in_front_of_me_01_02_03_spkrTS.wav,,26,34,kuntu'u,kũ↘ndu↗ʔ↘ꜛu,kũnduʔꜛu,kũnduʔu,yes,sentence-level-word
V_CMND_sit_down_in_front_of_me_01_02_03_spkrTS.xml,V_CMND_sit_down_in_front_of_me_01_02_03_spkrTS.wav,,34,42,nuu,nũː↘↗↘,nũː,nũː,yes,sentence-level-word
V_CMND_sit_down_in_front_of_me_01_02_03_spkrTS.xml,V_CMND_sit_down_in_front_of_me_01_02_03_spkrTS.wav,,2.86,4.41,kuntu'u nuu,,,kũnduʔu nũː,,sentence-level-full
V_CMND_sit_down_next_to_me_01_02_spkrTS.xml,V_CMND_sit_down_next_to_me_01_02_spkrTS.wav,,1,4,kuu,ku˥,ku,ku,yes,sentence-level-word
V_CMND_sit_down_next_to_me_01_02_spkrTS.xml,V_CMND_sit_down_next_to_me_01_02_spkrTS.wav,,4,11,ntu'u,nd̪u˥ʔu˧,nd̪uʔu,nduʔu,yes,sentence-level-word
V_CMND_sit_down_next_to_me_01_02_spkrTS.xml,V_CMND_sit_down_next_to_me_01_02_spkrTS.wav,,11,28,xiin yu,ʃĩː↘↗↘,ʃĩː,ʃĩː,yes,sentence-level-word
V_CMND_sit_down_next_to_me_01_02_spkrTS.xml,V_CMND_sit_down_next_to_me_01_02_spkrTS.wav,,0,1.52,kuu ntu'u xiin yu,,,ku nduʔu ʃĩː,,sentence-level-full
V_CMND_sit_down_next_to_me_01_02_spkrTS.xml,V_CMND_sit_down_next_to_me_01_02_spkrTS.wav,,14,17,kuu,ku˥,ku,ku,yes,sentence-level-word
V_CMND_sit_down_next_to_me_01_02_spkrTS.xml,V_CMND_sit_down_next_to_me_01_02_spkrTS.wav,,17,23,ntu'u,nd̪u˥ʔu˧,nd̪uʔu,nduʔu,yes,sentence-level-word
V_CMND_sit_down_next_to_me_01_02_spkrTS.xml,V_CMND_sit_down_next_to_me_01_02_spkrTS.wav,,23,29,xiin yu,ʃĩː↘↗↘,ʃĩː,ʃĩː,yes,sentence-level-word
V_CMND_sit_down_next_to_me_01_02_spkrTS.xml,V_CMND_sit_down_next_to_me_01_02_spkrTS.wav,,1.52,3.05,kuu ntu'u xiin yu,,,ku nduʔu ʃĩː,,sentence-level-full
V_CMND_stand_up_01_02_03_spkrTS.xml,V_CMND_stand_up_01_02_03_spkrTS.wav,,1,4,kuu,kũː˥↗,kũː,kũː,yes,sentence-level-word
V_CMND_stand_up_01_02_03_spkrTS.xml,V_CMND_stand_up_01_02_03_spkrTS.wav,,4,24,kaa,ŋk̬↘aː,ŋk̬aː,ŋk̬aa,yes,sentence-level-word
V_CMND_stand_up_01_02_03_spkrTS.xml,V_CMND_stand_up_01_02_03_spkrTS.wav,,0,1.04,kuu kaa,,,kũː ŋk̬aa,,sentence-level-full
V_CMND_stand_up_01_02_03_spkrTS.xml,V_CMND_stand_up_01_02_03_spkrTS.wav,,10,25,kaa,ŋk̬aː↘,ŋk̬aː,ŋk̬aa,yes,sentence-level-word
V_CMND_stand_up_01_02_03_spkrTS.xml,V_CMND_stand_up_01_02_03_spkrTS.wav,,7,10,kuu,kũː˥↗,kũː,kũː,yes,sentence-level-word
V_CMND_stand_up_01_02_03_spkrTS.xml,V_CMND_stand_up_01_02_03_spkrTS.wav,,1.04,2.10,kuu kaa,,,kũː ŋk̬aa,,sentence-level-full
V_CMND_stand_up_01_02_03_spkrTS.xml,V_CMND_stand_up_01_02_03_spkrTS.wav,,14,17,kuu,kũː˥↘,kũː,kũː,yes,sentence-level-word
V_CMND_stand_up_01_02_03_spkrTS.xml,V_CMND_stand_up_01_02_03_spkrTS.wav,,17,26,kaa,ŋk̬aː↘,ŋk̬aː,ŋk̬aa,yes,sentence-level-word
V_CMND_stand_up_01_02_03_spkrTS.xml,V_CMND_stand_up_01_02_03_spkrTS.wav,,2.10,3.37,kuu kaa,,,kũː ŋk̬aa,,sentence-level-full
V_MTN_flee_02_spkrTS.xml,V_MTN_flee_02_spkrTS.wav,1,0,0.69,kunu,ku˩nu˩,kunu,kunu,yes,single-word
V_be_hungry-be_dying_of_hunger_02_JS.xml,V_be_hungry-be_dying_of_hunger_02_JS.wav,,1,4,kuu,kuː↘↗,kuː,kuu,yes,sentence-level-word
V_be_hungry-be_dying_of_hunger_02_JS.xml,V_be_hungry-be_dying_of_hunger_02_JS.wav,,4,11,soko,so˧ꜜko˩,soko,soko,yes,sentence-level-word
V_be_hungry-be_dying_of_hunger_02_JS.xml,V_be_hungry-be_dying_of_hunger_02_JS.wav,,0,1.31,kuu soko,,,kuu soko,,sentence-level-full
V_bring-down_01_02_TS.xml,V_bring-down_01_02_TS.wav,1,0,0.77,xnuu,ʃnũː↘,ʃnũː,ʃnũː,yes,single-word
V_bring-down_01_02_TS.xml,V_bring-down_01_02_TS.wav,2,0.77,1.87,xnuu,ʃnũː↘,ʃnũː,ʃnũː,yes,single-word
V_cut_01_JS.xml,V_cut_01_JS.wav,1,0,1.19,skuachi,skwa˧ʧi˧,skwaʧi,skwat͡ʃi,yes,single-word
V_cut_1s_01_JS.xml,V_cut_1s_01_JS.wav,1,0,1.04,skuachi,skwa˧ʧi↘,skwaʧi,skwat͡ʃi,yes,single-word
V_draw_01_spkrJS.xml,V_draw_01_spkrJS.wav,1,0,0.86,ntana'an,nd̪a˧na↘ʔɐ̃↘,nd̪anaʔɐ̃,ndanaʔɐ̃,yes,single-word
V_drink_1s_01_02_TS.xml,V_drink_1s_01_02_TS.wav,1,0,0.62,tsi'i̠,tsi˥ʔi↘,tsiʔi,t͡siʔi,yes,single-word
V_drink_1s_01_02_TS.xml,V_drink_1s_01_02_TS.wav,2,0.62,1.21,tsi'i̠,tsi˥ʔi↘,tsiʔi,t͡siʔi,yes,single-word
V_eat_1s_FUT_03_TS.xml,V_eat_1s_FUT_03_TS.wav,3,0,0.73,kunkatsi̠,kũː˥ɣa˩tsi↘,kũːɣatsi,kũːɣat͡si,yes,single-word
V_eat_dinner_04_JS.xml,V_eat_dinner_04_JS.wav,1,0,0.82,kuxi'ni,ku˧ʃi˥ʔni˧ꜜ,kuʃiʔni,kuʃiʔni,yes,single-word
V_eat_lunch_01_JS.xml,V_eat_lunch_01_JS.wav,1,0,0.70,kuxa'in,ku˧ʃã˥ꜜʔḭ̃˩,kuʃãʔḭ̃,kuʃãʔḭ̃,yes,single-word
V_fart_01_02_03_spkrTS.xml,V_fart_01_02_03_spkrTS.wav,1,0,0.75,tachi,d̪a˩tʃi↗,d̪atʃi,dat͡ʃi,yes,single-word
V_fart_01_02_03_spkrTS.xml,V_fart_01_02_03_spkrTS.wav,2,0.75,1.58,tachi,d̪a˩tʃi↗,d̪atʃi,dat͡ʃi,yes,single-word
V_fart_01_02_03_spkrTS.xml,V_fart_01_02_03_spkrTS.wav,3,1.58,2.45,tachi,d̪a˩tʃi↗,d̪atʃi,dat͡ʃi,yes,single-word
V_give_02_spkrJS.xml,V_give_02_spkrJS.wav,1,0,0.66,kua'a,kw˩a̰ʔa˧,kwa̰ʔa,kwaʔa,yes,single-word
V_give_03_spkrJS.xml,V_give_03_spkrJS.wav,1,0,0.84,kua'a,kwa̰˩ʔa˧,kwa̰ʔa,kwaʔa,yes,single-word
V_give_1st_sg_FUT_01_02_spkrJS.xml,V_give_1st_sg_FUT_01_02_spkrJS.wav,1,0,1.03,kua'a̠,kwa˩ʔaː˥↘,kwaʔaː,kwaʔaa,yes,single-word
V_give_1st_sg_FUT_01_02_spkrJS.xml,V_give_1st_sg_FUT_01_02_spkrJS.wav,2,1.03,1.86,kua'a̠,kwa∙ʔaː↗↘,kwaʔaː,kwaʔaa,yes,single-word
V_give_2nd_sg_inf_FUT_02_spkrJS.xml,V_give_2nd_sg_inf_FUT_02_spkrJS.wav,,1,3,kuun,ũː˥,ũː,ũː,yes,sentence-level-word
V_give_2nd_sg_inf_FUT_02_spkrJS.xml,V_give_2nd_sg_inf_FUT_02_spkrJS.wav,,3,11,kua'o,k̬wa̰˩ʔo↗,k̬wa̰ʔo,k̬waʔo,yes,sentence-level-word
V_give_2nd_sg_inf_FUT_02_spkrJS.xml,V_give_2nd_sg_inf_FUT_02_spkrJS.wav,,0,0.76,kuun kua'o,,,ũː k̬waʔo,,sentence-level-full
V_go_2nd_pl_form_01_02_spkrJS.xml,V_go_2nd_pl_form_01_02_spkrJS.wav,,1,8,kua'an,kwa˥ʔã˧,kwaʔã,kwaʔã,yes,sentence-level-word
V_go_2nd_pl_form_01_02_spkrJS.xml,V_go_2nd_pl_form_01_02_spkrJS.wav,,8,15,kueni,we˩ni˥,weni,weni,yes,sentence-level-word
V_go_2nd_pl_form_01_02_spkrJS.xml,V_go_2nd_pl_form_01_02_spkrJS.wav,,0,0.90,kua'an kueni,,,kwaʔã weni,,sentence-level-full
V_go_2nd_pl_inf_01_02_spkrJS.xml,V_go_2nd_pl_inf_01_02_spkrJS.wav,,1,8,kua'an,kwã˥ʔã̰˩,kwãʔã̰,kwãʔã̰,yes,sentence-level-word
V_go_2nd_pl_inf_01_02_spkrJS.xml,V_go_2nd_pl_inf_01_02_spkrJS.wav,,8,12,kue,we˩,we,we,yes,sentence-level-word
V_go_2nd_pl_inf_01_02_spkrJS.xml,V_go_2nd_pl_inf_01_02_spkrJS.wav,,0.90,1.69,kua'an kue,,,kwãʔã̰ we,,sentence-level-full
V_go_2nd_sg_form_01_02_spkrJS.xml,V_go_2nd_sg_form_01_02_spkrJS.wav,,1,8,kua'an,kwã˥ʔã̰↘,kwãʔã̰,kwãʔã̰,yes,sentence-level-word
V_go_2nd_sg_form_01_02_spkrJS.xml,V_go_2nd_sg_form_01_02_spkrJS.wav,,8,12,ni,ni↗,ni,ni,yes,sentence-level-word
V_go_2nd_sg_form_01_02_spkrJS.xml,V_go_2nd_sg_form_01_02_spkrJS.wav,,0.85,1.66,kua'an ni,,,kwãʔã̰ ni,,sentence-level-full
V_go_2nd_sg_inf_02_spkrJS.xml,V_go_2nd_sg_inf_02_spkrJS.wav,kua'an (2S-INF),0.06,0.51,kua'an (2S-INF),kwã˥ʔã↘,kwãʔã,kwãʔã,yes,single-word
V_go_2nd_sg_inf_FUT_02_spkrJS.xml,V_go_2nd_sg_inf_FUT_02_spkrJS.wav,,1,3,kuun,ũː˥,ũː,ũː,yes,sentence-level-word
V_go_2nd_sg_inf_FUT_02_spkrJS.xml,V_go_2nd_sg_inf_FUT_02_spkrJS.wav,,3,10,ku'in,k̬ũ↘ʔĩ˩,k̬ũʔĩ,k̬ũʔĩ,yes,sentence-level-word
V_go_2nd_sg_inf_FUT_02_spkrJS.xml,V_go_2nd_sg_inf_FUT_02_spkrJS.wav,,0,0.87,kuun ku'in,,,ũː k̬ũʔĩ,,sentence-level-full
V_go_3rd_pl_form_all_03_04_JS.xml,V_go_3rd_pl_form_all_03_04_JS.wav,,1,4,kuun,ũː↗ŋ,ũːŋ,ũːŋ,yes,sentence-level-word
V_go_3rd_pl_form_all_03_04_JS.xml,V_go_3rd_pl_form_all_03_04_JS.wav,,4,8,ku'un,k̬˥ũʔ˩ũ,k̬ũʔũ,k̬ũʔũ,yes,sentence-level-word
V_go_3rd_pl_form_all_03_04_JS.xml,V_go_3rd_pl_form_all_03_04_JS.wav,,8,26,kuena,w˧en↘a,wena,wena,yes,sentence-level-word
V_go_3rd_pl_form_all_03_04_JS.xml,V_go_3rd_pl_form_all_03_04_JS.wav,,0,1.19,kuun ku'un kuena,,,ũːŋ k̬ũʔũ wena,,sentence-level-full
V_go_3rd_pl_form_all_03_04_JS.xml,V_go_3rd_pl_form_all_03_04_JS.wav,,15,20,ku'un,ũ˥ʔũ˩,ũʔũ,ũʔũ,yes,sentence-level-word
V_go_3rd_pl_form_all_03_04_JS.xml,V_go_3rd_pl_form_all_03_04_JS.wav,,12,15,kuun,↗ũːŋk̬,ũːŋk̬,ũːŋk̬,yes,sentence-level-word
V_go_3rd_pl_form_all_03_04_JS.xml,V_go_3rd_pl_form_all_03_04_JS.wav,,20,27,kuena,w˧ena↘,wena,wena,yes,sentence-level-word
V_go_3rd_pl_form_all_03_04_JS.xml,V_go_3rd_pl_form_all_03_04_JS.wav,,1.19,2.65,kuun ku'un kuena,,,ũːŋk̬ ũʔũ wena,,sentence-level-full
V_go_3rd_pl_form_all_FUT_02_spkrJS.xml,V_go_3rd_pl_form_all_FUT_02_spkrJS.wav,,1,8,kunko'on,ũː˥k̬õ˥ʔ˩õ,ũːk̬õʔõ,ũːk̬õʔõ,yes,sentence-level-word
V_go_3rd_pl_form_all_FUT_02_spkrJS.xml,V_go_3rd_pl_form_all_FUT_02_spkrJS.wav,,8,14,kuena,we˩n↗a,wena,wena,yes,sentence-level-word
V_go_3rd_pl_form_all_FUT_02_spkrJS.xml,V_go_3rd_pl_form_all_FUT_02_spkrJS.wav,,0,1.19,kunko'on kuena,,,ũːk̬õʔõ wena,,sentence-level-full
V_go_3rd_pl_inf_01_spkrJS.xml,V_go_3rd_pl_inf_01_spkrJS.wav,,1,7,tsita,tsi˥t̪a˥,tsit̪a,t͡sita,yes,sentence-level-word
V_go_3rd_pl_inf_01_spkrJS.xml,V_go_3rd_pl_inf_01_spkrJS.wav,,7,14,kueyi,we˧ji↘,weji,weji,yes,sentence-level-word
V_go_3rd_pl_inf_01_spkrJS.xml,V_go_3rd_pl_inf_01_spkrJS.wav,,0,1.16,tsita kueyi,,,t͡sita weji,,sentence-level-full
V_go_3rd_sg_form_f_FUT_01_spkrJS.xml,V_go_3rd_sg_form_f_FUT_01_spkrJS.wav,,1,3,kun,ũ↗,ũ,ũ,yes,sentence-level-word
V_go_3rd_sg_form_f_FUT_01_spkrJS.xml,V_go_3rd_sg_form_f_FUT_01_spkrJS.wav,,3,10,ko'in,k̬õ↘ʔĩ↗,k̬õʔĩ,k̬õʔĩ,yes,sentence-level-word
V_go_3rd_sg_form_f_FUT_01_spkrJS.xml,V_go_3rd_sg_form_f_FUT_01_spkrJS.wav,,0,1.09,kun ko'in,,,ũ k̬õʔĩ,,sentence-level-full
V_go_3s_form_m_FUT_01_02_JS.xml,V_go_3s_form_m_FUT_01_02_JS.wav,,1,9,kunko'on,ũː˥k̬õ˥ʔo˩,ũːk̬õʔo,ũːk̬õʔo,yes,sentence-level-word
V_go_3s_form_m_FUT_01_02_JS.xml,V_go_3s_form_m_FUT_01_02_JS.wav,,9,13,ra,ra˩,ra,ra,yes,sentence-level-word
V_go_3s_form_m_FUT_01_02_JS.xml,V_go_3s_form_m_FUT_01_02_JS.wav,,0,1.19,kunko'on ra,,,ũːk̬õʔo ra,,sentence-level-full
V_jump_1st_sg_FUT_01_spkrTS.xml,V_jump_1st_sg_FUT_01_spkrTS.wav,1,0,1.26,kunkanta,ũː↗↘k̬a˩nd̪a˩,ũːk̬and̪a,ũːk̬anda,yes,single-word
V_jump_3rd_sg_inf_01_spkrJS.xml,V_jump_3rd_sg_inf_01_spkrJS.wav,1,0,0.74,kanti,kʰa˥nd̪i↘,kʰand̪i,kandi,yes,single-word
V_jump_3rd_sg_inf_FUT_03_spkrJS.xml,V_jump_3rd_sg_inf_FUT_03_spkrJS.wav,,1,3,kuun,ũː↗,ũː,ũː,yes,sentence-level-word
V_jump_3rd_sg_inf_FUT_03_spkrJS.xml,V_jump_3rd_sg_inf_FUT_03_spkrJS.wav,,3,11,kanti,ɣa↗nd̪i↘,ɣand̪i,ɣandi,yes,sentence-level-word
V_jump_3rd_sg_inf_FUT_03_spkrJS.xml,V_jump_3rd_sg_inf_FUT_03_spkrJS.wav,,0,0.94,kuun kanti,,,ũː ɣandi,,sentence-level-full
V_kill_01_spkrJS.xml,V_kill_01_spkrJS.wav,1,0,0.63,ka'ni,ka˧ʔni↗,kaʔni,kaʔni,yes,single-word
V_kill_02_spkrJS.xml,V_kill_02_spkrJS.wav,1,0,0.64,ka'ni,ka˥ʔnĩ˥,kaʔnĩ,kaʔnĩ,yes,single-word
V_read_01_spkrJS.xml,V_read_01_spkrJS.wav,1,0,0.62,ka'vi,ka˧ʔvi˥,kaʔvi,kaʔvi,yes,single-word
V_read_02_spkrJS.xml,V_read_02_spkrJS.wav,1,0,0.61,ka'vi,kʰa˧ʔvi˥,kʰaʔvi,kaʔvi,yes,single-word
V_run_02_spkrJS.xml,V_run_02_spkrJS.wav,1,0,0.98,sketa,skɛ˧ta˩,skɛta,skɛta,yes,single-word
V_run_1st_pl_01_02_spkrJS.xml,V_run_1st_pl_01_02_spkrJS.wav,,1,7,sketa,skɛ˧t̪a˩,skɛt̪a,skɛta,yes,sentence-level-word
V_run_1st_pl_01_02_spkrJS.xml,V_run_1st_pl_01_02_spkrJS.wav,,7,21,kue,we˩,we,we,yes,sentence-level-word
V_run_1st_pl_01_02_spkrJS.xml,V_run_1st_pl_01_02_spkrJS.wav,,0,1.38,sketa kue,,,skɛta we,,sentence-level-full
V_run_1st_pl_01_02_spkrJS.xml,V_run_1st_pl_01_02_spkrJS.wav,,10,16,sketa,skɛ˧t̪a˩,skɛt̪a,skɛta,yes,sentence-level-word
V_run_1st_pl_01_02_spkrJS.xml,V_run_1st_pl_01_02_spkrJS.wav,,16,22,kue,we˩,we,we,yes,sentence-level-word
V_run_1st_pl_01_02_spkrJS.xml,V_run_1st_pl_01_02_spkrJS.wav,,1.38,2.58,sketa kue,,,skɛta we,,sentence-level-full
V_run_1st_sg_01_spkrJS.xml,V_run_1st_sg_01_spkrJS.wav,1,0,0.97,sketa̠,skɛ˧ta↘,skɛta,skɛta,yes,single-word
V_run_1st_sg_02_spkrJS.xml,V_run_1st_sg_02_spkrJS.wav,1,0,1.01,sketa̠,sk˧ɛta↘,skɛta,skɛta,yes,single-word
V_run_2nd_pl_form_01_02_spkrJS.xml,V_run_2nd_pl_form_01_02_spkrJS.wav,,1,6,sketa,skɛ˧t̪a˩,skɛt̪a,skɛta,yes,sentence-level-word
V_run_2nd_pl_form_01_02_spkrJS.xml,V_run_2nd_pl_form_01_02_spkrJS.wav,,6,24,kueni,we˩ni↗,weni,weni,yes,sentence-level-word
V_run_2nd_pl_form_01_02_spkrJS.xml,V_run_2nd_pl_form_01_02_spkrJS.wav,,0,1.11,sketa kueni,,,skɛta weni,,sentence-level-full
V_run_2nd_pl_form_01_02_spkrJS.xml,V_run_2nd_pl_form_01_02_spkrJS.wav,,17,25,kueni,w˩eni↗,weni,weni,yes,sentence-level-word
V_run_2nd_pl_form_01_02_spkrJS.xml,V_run_2nd_pl_form_01_02_spkrJS.wav,,11,17,sketa,skɛ˧t̪a˩,skɛt̪a,skɛta,yes,sentence-level-word
V_run_2nd_pl_form_01_02_spkrJS.xml,V_run_2nd_pl_form_01_02_spkrJS.wav,,1.11,2.28,sketa kueni,,,skɛta weni,,sentence-level-full
V_run_2nd_pl_inf_01_spkrJS.xml,V_run_2nd_pl_inf_01_spkrJS.wav,,1,6,sketa,skɛ˧t̪˩a,skɛt̪a,skɛta,yes,sentence-level-word
V_run_2nd_pl_inf_01_spkrJS.xml,V_run_2nd_pl_inf_01_spkrJS.wav,,6,10,kue,we˩,we,we,yes,sentence-level-word
V_run_2nd_pl_inf_01_spkrJS.xml,V_run_2nd_pl_inf_01_spkrJS.wav,,0,1.19,sketa kue,,,skɛta we,,sentence-level-full
V_run_2nd_sg_form_01_spkrJS.xml,V_run_2nd_sg_form_01_spkrJS.wav,,1,6,sketa,skɛ˧t̪a∙,skɛt̪a,skɛta,yes,sentence-level-word
V_run_2nd_sg_form_01_spkrJS.xml,V_run_2nd_sg_form_01_spkrJS.wav,,6,10,ni,ni↗,ni,ni,yes,sentence-level-word
V_run_2nd_sg_form_01_spkrJS.xml,V_run_2nd_sg_form_01_spkrJS.wav,,0,1.00,sketa ni,,,skɛta ni,,sentence-level-full
V_run_2nd_sg_inf_01_spkrJS.xml,V_run_2nd_sg_inf_01_spkrJS.wav,1,0,0.96,sketa,skɛ˧t̪a˩,skɛt̪a,skɛta,yes,single-word
V_run_2nd_sg_inf_02_spkrJS.xml,V_run_2nd_sg_inf_02_spkrJS.wav,1,0,1.14,sketa (2S-INF),skɛ˧ta˩,skɛta,skɛta,yes,single-word
V_run_3rd_pl_form_all_01_02_spkrJS.xml,V_run_3rd_pl_form_all_01_02_spkrJS.wav,,1,7,sketa,skɛ˧t̪a˩,skɛt̪a,skɛta,yes,sentence-level-word
V_run_3rd_pl_form_all_01_02_spkrJS.xml,V_run_3rd_pl_form_all_01_02_spkrJS.wav,,7,24,kuena,we˩na↘,wena,wena,yes,sentence-level-word
V_run_3rd_pl_form_all_01_02_spkrJS.xml,V_run_3rd_pl_form_all_01_02_spkrJS.wav,,0,1.15,sketa kuena,,,skɛta wena,,sentence-level-full
V_run_3rd_pl_form_all_01_02_spkrJS.xml,V_run_3rd_pl_form_all_01_02_spkrJS.wav,,16,25,kuena,we˩na↘,wena,wena,yes,sentence-level-word
V_run_3rd_pl_form_all_01_02_spkrJS.xml,V_run_3rd_pl_form_all_01_02_spkrJS.wav,,11,16,sketa,sk˧ɛt̪a˩,skɛt̪a,skɛta,yes,sentence-level-word
V_run_3rd_pl_form_all_01_02_spkrJS.xml,V_run_3rd_pl_form_all_01_02_spkrJS.wav,,1.15,2.31,sketa kuena,,,skɛta wena,,sentence-level-full
V_run_3rd_pl_inf_01_spkrJS.xml,V_run_3rd_pl_inf_01_spkrJS.wav,,1,7,sketa,skɛ˥t̪a˩,skɛt̪a,skɛta,yes,sentence-level-word
V_run_3rd_pl_inf_01_spkrJS.xml,V_run_3rd_pl_inf_01_spkrJS.wav,,7,12,kueyi,we˩i↘,wei,wei,yes,sentence-level-word
V_run_3rd_pl_inf_01_spkrJS.xml,V_run_3rd_pl_inf_01_spkrJS.wav,,0,1.38,sketa kueyi,,,skɛta wei,,sentence-level-full
V_run_3rd_sg_form_m_01_02_spkrJS.xml,V_run_3rd_sg_form_m_01_02_spkrJS.wav,,1,6,sketa,skɛ˧t̪a˩,skɛt̪a,skɛta,yes,sentence-level-word
V_run_3rd_sg_form_m_01_02_spkrJS.xml,V_run_3rd_sg_form_m_01_02_spkrJS.wav,,6,18,ra,ra˩,ra,ra,yes,sentence-level-word
V_run_3rd_sg_form_m_01_02_spkrJS.xml,V_run_3rd_sg_form_m_01_02_spkrJS.wav,,0,0.96,sketa ra,,,skɛta ra,,sentence-level-full
V_run_3rd_sg_form_m_01_02_spkrJS.xml,V_run_3rd_sg_form_m_01_02_spkrJS.wav,,13,19,ra,ra˩,ra,ra,yes,sentence-level-word
V_run_3rd_sg_form_m_01_02_spkrJS.xml,V_run_3rd_sg_form_m_01_02_spkrJS.wav,,9,13,sketa,skɛ˧t̪a˩,skɛt̪a,skɛta,yes,sentence-level-word
V_run_3rd_sg_form_m_01_02_spkrJS.xml,V_run_3rd_sg_form_m_01_02_spkrJS.wav,,0.96,1.92,sketa ra,,,skɛta ra,,sentence-level-full
V_run_3rd_sg_inf_01_spkrJS.xml,V_run_3rd_sg_inf_01_spkrJS.wav,1,0,1.05,sketi,skɛ˧t̪i↗,skɛt̪i,skɛti,yes,single-word
V_run_3rd_sg_inf_02_spkrJS.xml,V_run_3rd_sg_inf_02_spkrJS.wav,1,0,0.75,sketi,skɛ˧t̪i↘,skɛt̪i,skɛti,yes,single-word
V_see_01_02_spkrTS.xml,V_see_01_02_spkrTS.wav,1,0,2.04,kunchee,kũ↘ndʒɛ̰ː↘↗,kũndʒɛ̰ː,kũnd͡ʒɛ̰ɛ̰,yes,single-word
V_see_01_02_spkrTS.xml,V_see_01_02_spkrTS.wav,2,2.04,3.37,kunchee,kũ↘ndʒɛ̰ː↘↗,kũndʒɛ̰ː,kũnd͡ʒɛ̰ɛ̰,yes,single-word
V_shine_02_spkrJS.xml,V_shine_02_spkrJS.wav,1,0,0.87,nchii,ndʒiː↘↗,ndʒiː,nd͡ʒii,yes,single-word
V_sing_01_02_spkrTS.xml,V_sing_01_02_spkrTS.wav,1,0,0.88,kata,ka˧t̪a˧,kat̪a,kata,yes,single-word
V_sing_01_02_spkrTS.xml,V_sing_01_02_spkrTS.wav,2,0.88,1.77,kata,ka˧t̪a˧,kat̪a,kata,yes,single-word
V_sing_3rd_pl_inf_01_spkrJS.xml,V_sing_3rd_pl_inf_01_spkrJS.wav,,1,7,tsita,tsi˥t̪a˥,tsit̪a,t͡sita,yes,sentence-level-word
V_sing_3rd_pl_inf_01_spkrJS.xml,V_sing_3rd_pl_inf_01_spkrJS.wav,,7,13,kueyi,we˥ji↘,weji,weji,yes,sentence-level-word
V_sing_3rd_pl_inf_01_spkrJS.xml,V_sing_3rd_pl_inf_01_spkrJS.wav,,0,1.24,tsita kueyi,,,t͡sita weji,,sentence-level-full
V_sleep_01_spkrJS.xml,V_sleep_01_spkrJS.wav,1,0,0.64,kixi,ki˥ʃi↘,kiʃi,kiʃi,yes,single-word
V_sleep_02_spkrJS.xml,V_sleep_02_spkrJS.wav,1,0,0.64,kixi,ki˥ʃi↘,kiʃi,kiʃi,yes,single-word
V_sleep_1st_sg_01_spkrJS.xml,V_sleep_1st_sg_01_spkrJS.wav,,1,8,kixi,ki˥ʃi↘,kiʃi,kiʃi,yes,sentence-level-word
V_sleep_1st_sg_01_spkrJS.xml,V_sleep_1st_sg_01_spkrJS.wav,,8,11,yu,ju,ju,ju,no,sentence-level-word
V_sleep_1st_sg_01_spkrJS.xml,V_sleep_1st_sg_01_spkrJS.wav,,0,0.79,kixi yu,,,kiʃi ju,,sentence-level-full
V_sleep_1st_sg_02_spkrJS.xml,V_sleep_1st_sg_02_spkrJS.wav,,1,6,kixi,ki˥ʃi↘,kiʃi,kiʃi,yes,sentence-level-word
V_sleep_1st_sg_02_spkrJS.xml,V_sleep_1st_sg_02_spkrJS.wav,,6,6,yu,ju↘,ju,ju,yes,sentence-level-word
V_sleep_1st_sg_02_spkrJS.xml,V_sleep_1st_sg_02_spkrJS.wav,,0.04,0.47,kixi yu,,,kiʃi ju,,sentence-level-full
V_smell_01_02_03_TS.xml,V_smell_01_02_03_TS.wav,1,0,0.71,tsa'an,tsã˥ʔã̰↘,tsãʔã̰,t͡sãʔã̰,yes,single-word
V_smell_01_02_03_TS.xml,V_smell_01_02_03_TS.wav,2,0.71,1.44,tsa'an,tsã˥ʔã˩,tsãʔã,t͡sãʔã,yes,single-word
V_speak_01_02_03_04_05_TS.xml,V_speak_01_02_03_04_05_TS.wav,1,0,0.88,ka'an,kã̰↗ʔã̰↘,kã̰ʔã̰,kã̰ʔã̰,yes,single-word
V_speak_1st_sg_01_spkrTS.xml,V_speak_1st_sg_01_spkrTS.wav,,1,7,ka'an,kã˥ʔã̰↘,kãʔã̰,kãʔã̰,yes,sentence-level-word
V_speak_1st_sg_01_spkrTS.xml,V_speak_1st_sg_01_spkrTS.wav,,7,11,yu,ju↘,ju,ju,yes,sentence-level-word
V_speak_1st_sg_01_spkrTS.xml,V_speak_1st_sg_01_spkrTS.wav,,0,0.76,ka'an yu,,,kãʔã̰ ju,,sentence-level-full
V_teach_01_02_03_TS.xml,V_teach_01_02_03_TS.wav,3,1.36,2.06,sna'a,ʃna˥ʔa˩,ʃnaʔa,ʃnaʔa,yes,single-word
V_think_old_01_spkrJS.xml,V_think_old_01_spkrJS.wav,1,0,1.31,ntakanini,nd̪˥aka˥ni˥ʔi˥ni↘,nd̪akaniʔini,ndakaniʔini,yes,single-word
V_think_yng_03_spkrJS.xml,V_think_yng_03_spkrJS.wav,1,0,1.03,ntakanini,nd̪a˥k˥ani˥n↘i,nd̪akanini,ndakanini,yes,single-word
V_whisper_01_02_TS.xml,V_whisper_01_02_TS.wav,1,0,0.51,kata,ka˧t̪a˧,kat̪a,kata,yes,single-word
V_whisper_01_02_TS.xml,V_whisper_01_02_TS.wav,2,0.51,1.09,kata,ka˧t̪a˧,kat̪a,kata,yes,single-word
V_yell_01_02_spkrTS.xml,V_yell_01_02_spkrTS.wav,1,0,0.64,kana,ka˧na˧,kana,kana,yes,single-word
V_yell_01_02_spkrTS.xml,V_yell_01_02_spkrTS.wav,2,0.64,1.43,kana,ka˧na˧,kana,kana,yes,single-word
WH_Q_what_01_spkrJS.xml,WH_Q_what_01_spkrJS.wav,1,0,0.65,nchi,nʤiː↘,nʤiː,nd͡ʒii,yes,single-word
WH_Q_what_01_spkrTS.xml,WH_Q_what_01_spkrTS.wav,1,0,0.57,nchi,nʤiː↘,nʤiː,nd͡ʒii,yes,single-word
WH_Q_when_01_spkrTS.xml,WH_Q_when_01_spkrTS.wav,,2,6,nchi,nʤi∙,nʤi,nd͡ʒi,yes,sentence-level-word
WH_Q_when_01_spkrTS.xml,WH_Q_when_01_spkrTS.wav,,6,9,kii,ki↗,ki,ki,yes,sentence-level-word
WH_Q_when_01_spkrTS.xml,WH_Q_when_01_spkrTS.wav,,0,0.70,nchi kii,,,nd͡ʒi ki,,sentence-level-full
WH_Q_when_02_spkrTS.xml,WH_Q_when_02_spkrTS.wav,,2,6,nchi,nʤi↘,nʤi,nd͡ʒi,yes,sentence-level-word
WH_Q_when_02_spkrTS.xml,WH_Q_when_02_spkrTS.wav,,6,10,kii,ki↗,ki,ki,yes,sentence-level-word
WH_Q_when_02_spkrTS.xml,WH_Q_when_02_spkrTS.wav,,0,0.78,nchi kii,,,nd͡ʒi ki,,sentence-level-full
WH_Q_when_03_spkrTS.xml,WH_Q_when_03_spkrTS.wav,,2,5,nchi,ʤi∙,ʤi,d͡ʒi,yes,sentence-level-word
WH_Q_when_03_spkrTS.xml,WH_Q_when_03_spkrTS.wav,,5,9,kii,ki↗ꜜ,ki,ki,yes,sentence-level-word
WH_Q_when_03_spkrTS.xml,WH_Q_when_03_spkrTS.wav,,0,0.63,nchi kii,,,d͡ʒi ki,,sentence-level-full
WH_Q_where_01_spkrTS.xml,WH_Q_where_01_spkrTS.wav,1,0,0.76,nchii,nʤiː˥,nʤiː,nd͡ʒii,yes,single-word
WH_Q_where_02_spkrTS.xml,WH_Q_where_02_spkrTS.wav,1,0,0.76,nchii,nʤiː˥,nʤiː,nd͡ʒii,yes,single-word
WH_Q_where_04_spkrJS.xml,WH_Q_where_04_spkrJS.wav,1,0,0.87,nchii,nʤĩ:˥,nʤĩ:,nd͡ʒĩ:,yes,single-word
WH_Q_who_01_spkrJS.xml,WH_Q_who_01_spkrJS.wav,1,0,0.53,ana,ã˥nã↘,ãnã,ãnã,yes,single-word
WH_Q_who_01_spkrTS.xml,WH_Q_who_01_spkrTS.wav,1,0,0.55,ana,a↗na↘,ana,ana,yes,single-word
WH_Q_who_02_spkrJS.xml,WH_Q_who_02_spkrJS.wav,1,0,0.68,ana,ã↗nã↘,ãnã,ãnã,yes,single-word
be_at_home_PRES_1s_01_02_03_TS.xml,be_at_home_PRES_1s_01_02_03_TS.wav,,10,16,ve'e,βɛ˥ʔe˩,βɛʔe,βɛʔe,yes,sentence-level-word
be_at_home_PRES_1s_01_02_03_TS.xml,be_at_home_PRES_1s_01_02_03_TS.wav,,16,27,michuni,mi˩tʃu∙ni↗,mitʃuni,mit͡ʃuni,yes,sentence-level-word
be_at_home_PRES_1s_01_02_03_TS.xml,be_at_home_PRES_1s_01_02_03_TS.wav,,3,10,ntu'u,nd̪u˥ʔu˩,nd̪uʔu,nduʔu,yes,sentence-level-word
be_at_home_PRES_1s_01_02_03_TS.xml,be_at_home_PRES_1s_01_02_03_TS.wav,,7.50,11.49,ntu'u ve'e michuni,,,nduʔu βɛʔe mit͡ʃuni,,sentence-level-full
be_at_home_PST_3s-inf_01_02_03_TS.xml,be_at_home_PST_3s-inf_01_02_03_TS.wav,,1,7,ve'e,vɛ˥ʔe↘,vɛʔe,vɛʔe,yes,sentence-level-word
be_at_home_PST_3s-inf_01_02_03_TS.xml,be_at_home_PST_3s-inf_01_02_03_TS.wav,,10,17,ntu'u,nd̪u˧ꜛʔi˥,nd̪uꜛʔi,nduʔi,yes,sentence-level-word
be_at_home_PST_3s-inf_01_02_03_TS.xml,be_at_home_PST_3s-inf_01_02_03_TS.wav,,7,10,tsi,tsi˧,tsi,t͡si,yes,sentence-level-word
be_at_home_PST_3s-inf_01_02_03_TS.xml,be_at_home_PST_3s-inf_01_02_03_TS.wav,,17,30,ta'ikuñu,t̪a˥ʔ∙ku↘ɲũ↘,t̪aʔkuɲũ,taʔkuɲũ,yes,sentence-level-word
be_at_home_PST_3s-inf_01_02_03_TS.xml,be_at_home_PST_3s-inf_01_02_03_TS.wav,,5.28,7.36,ve'e tsi ntu'u ta'ikuñu,,,vɛʔe t͡si nduʔi taʔkuɲũ,,sentence-level-full
body_part_relations_penis_legs_01_02_TS.xml,body_part_relations_penis_legs_01_02_TS.wav,,17,23,ma'in,ma˧ʔĩ∙,maʔĩ,maʔĩ,yes,sentence-level-word
body_part_relations_penis_legs_01_02_TS.xml,body_part_relations_penis_legs_01_02_TS.wav,,12,17,inkai,ĩŋk̬ai↘,ĩŋk̬ai,ĩŋk̬ai,yes,sentence-level-word
body_part_relations_penis_legs_01_02_TS.xml,body_part_relations_penis_legs_01_02_TS.wav,,6,9,ku,ɣu↗,ɣu,ɣu,yes,sentence-level-word
body_part_relations_penis_legs_01_02_TS.xml,body_part_relations_penis_legs_01_02_TS.wav,,9,12,ra,ra∙,ra,ra,yes,sentence-level-word
body_part_relations_penis_legs_01_02_TS.xml,body_part_relations_penis_legs_01_02_TS.wav,,1,6,tisa,t̪i˧sa˩,t̪isa,tisa,yes,sentence-level-word
body_part_relations_penis_legs_01_02_TS.xml,body_part_relations_penis_legs_01_02_TS.wav,,23,32,si'un,sĩ∙ʔũ↗,sĩʔũ,sĩʔũ,yes,sentence-level-word
body_part_relations_penis_legs_01_02_TS.xml,body_part_relations_penis_legs_01_02_TS.wav,,3.75,6.92,tisa ku ra inkai ma'in si'un,,,tisa ɣu ra ĩŋk̬ai maʔĩ sĩʔũ,,sentence-level-full
cabeza-sombrero_TS.xml,cabeza-sombrero_TS.wav,1,0,1.29,xiní,ʃini↗,ʃini,ʃini,yes,single-word
cabeza-sombrero_TS.xml,cabeza-sombrero_TS.wav,,3.24,3.64,itsi,i˥tsi˥,itsi,it͡si,yes,sentence-level-word
cabeza-sombrero_TS.xml,cabeza-sombrero_TS.wav,,1.98,3.24,itiin,int̪ii↘↗,int̪ii,intii,yes,sentence-level-word
cabeza-sombrero_TS.xml,cabeza-sombrero_TS.wav,,4.00,4.61,ra,ɾa˥,ɾa,ɾa,yes,sentence-level-word
cabeza-sombrero_TS.xml,cabeza-sombrero_TS.wav,,3.64,4.00,xiní,ʃini↗ꜜ,ʃini,ʃini,yes,sentence-level-word
cabeza-sombrero_TS.xml,cabeza-sombrero_TS.wav,,1.29,4.61,itiin itsi xiní ra,,,intii it͡si ʃini ɾa,,sentence-level-full
cabeza-sombrero_TS.xml,cabeza-sombrero_TS.wav,3,4.61,6.13,xini,ʃi˩ni↗,ʃini,ʃini,yes,single-word
cabeza-sombrero_TS.xml,cabeza-sombrero_TS.wav,,7.81,8.36,itsi,i˥tsi˥,itsi,it͡si,yes,sentence-level-word
cabeza-sombrero_TS.xml,cabeza-sombrero_TS.wav,,8.97,9.61,ra,ɾa˥,ɾa,ɾa,yes,sentence-level-word
cabeza-sombrero_TS.xml,cabeza-sombrero_TS.wav,,6.40,7.81,itiin,int̪ii↘↗,int̪ii,intii,yes,sentence-level-word
cabeza-sombrero_TS.xml,cabeza-sombrero_TS.wav,,8.36,8.97,xini,ʃi˩ni↗ꜜ,ʃini,ʃini,yes,sentence-level-word
cabeza-sombrero_TS.xml,cabeza-sombrero_TS.wav,,6.13,9.61,itiin itsi xini ra,,,intii it͡si ʃini ɾa,,sentence-level-full
s_the_bat_fly_COMPL_enter_COMPL_the_cave_01_02_03_TS.xml,s_the_bat_fly_COMPL_enter_COMPL_the_cave_01_02_03_TS.wav,,17,20,ka,ɣa↗,ɣa,ɣa,yes,sentence-level-word
s_the_bat_fly_COMPL_enter_COMPL_the_cave_01_02_03_TS.xml,s_the_bat_fly_COMPL_enter_COMPL_the_cave_01_02_03_TS.wav,,10,17,tikuchi,t̪i∙k∙utʃ∙i,t̪ikutʃi,tikut͡ʃi,yes,sentence-level-word
s_the_bat_fly_COMPL_enter_COMPL_the_cave_01_02_03_TS.xml,s_the_bat_fly_COMPL_enter_COMPL_the_cave_01_02_03_TS.wav,,20,26,ntivia,nd̪iβia˥˩,nd̪iβia,ndiβia,yes,sentence-level-word
s_the_bat_fly_COMPL_enter_COMPL_the_cave_01_02_03_TS.xml,s_the_bat_fly_COMPL_enter_COMPL_the_cave_01_02_03_TS.wav,,4,10,ntava,nd̪˧ava˩,nd̪ava,ndava,yes,sentence-level-word
s_the_bat_fly_COMPL_enter_COMPL_the_cave_01_02_03_TS.xml,s_the_bat_fly_COMPL_enter_COMPL_the_cave_01_02_03_TS.wav,,29,38,kava,ka˥va˩,kava,kava,yes,sentence-level-word
s_the_bat_fly_COMPL_enter_COMPL_the_cave_01_02_03_TS.xml,s_the_bat_fly_COMPL_enter_COMPL_the_cave_01_02_03_TS.wav,,1,4,kuun,ku˥,ku,ku,yes,sentence-level-word
s_the_bat_fly_COMPL_enter_COMPL_the_cave_01_02_03_TS.xml,s_the_bat_fly_COMPL_enter_COMPL_the_cave_01_02_03_TS.wav,,26,29,nuu,nũː∙,nũː,nũː,yes,sentence-level-word
s_the_bat_fly_COMPL_enter_COMPL_the_cave_01_02_03_TS.xml,s_the_bat_fly_COMPL_enter_COMPL_the_cave_01_02_03_TS.wav,,5.38,8.06,kuun ntava tikuchi ka ntivia nuu kava,,,ku ndava tikut͡ʃi ɣa ndiβia nũː kava,,sentence-level-full
cabeza-sombrero_TS.xml,cabeza-sombrero_TS.wav,1,0,1.35,xiní,ʃiní,ʃini,ʃini,yes,single-word
cabeza-sombrero_TS.xml,cabeza-sombrero_TS.wav,,1.35,4.29,itiin itsi xiní ra,,,ĩndĩĩ it͡si ʃini ɾa,,sentence-level-full
cabeza-sombrero_TS.xml,cabeza-sombrero_TS.wav,3,4.29,5.82,xini,ʃìní,ʃini,ʃini,yes,single-word
cabeza-sombrero_TS.xml,cabeza-sombrero_TS.wav,,5.82,9.39,itiin itsiin xini ra,,,ĩndĩĩ it͡si ʃini ɾa,,sentence-level-full
