reason,xml_file,source_corpus,wav_file,start,end,start_sample,end_sample,audio_total_samples,error
zero_length_segment,MYUC-1042.xml,whole-utterance,MYUC-1042.wav,494.979,494.936,7919664,7918976,13127263,
zero_length_segment,MYUC-1042.xml,whole-utterance,MYUC-1042.wav,508.858,508.824,8141728,8141184,13127263,
no_audio,vocab-20180914-Tisu.xml,whole-utterance,vocab-20180914-Tisu.wav,,,,,,
no_audio,vocab-20180914-Tisu.xml,whole-utterance,vocab-20180914-Tisu.wav,,,,,,
no_audio,vocab-20180914-Tisu.xml,whole-utterance,vocab-20180914-Tisu.wav,,,,,,
no_audio,vocab-20180914-Tisu.xml,whole-utterance,vocab-20180914-Tisu.wav,,,,,,
no_audio,vocab-20180914-Tisu.xml,whole-utterance,vocab-20180914-Tisu.wav,,,,,,
no_audio,vocab-20180914-Tisu.xml,whole-utterance,vocab-20180914-Tisu.wav,,,,,,
no_audio,vocab-20180914-Tisu.xml,whole-utterance,vocab-20180914-Tisu.wav,,,,,,
no_audio,vocab-20180914-Tisu.xml,whole-utterance,vocab-20180914-Tisu.wav,,,,,,
no_audio,vocab-20180914-Tisu.xml,whole-utterance,vocab-20180914-Tisu.wav,,,,,,
no_audio,vocab-20180914-Tisu.xml,whole-utterance,vocab-20180914-Tisu.wav,,,,,,
no_audio,vocab-20180914-Tisu.xml,whole-utterance,vocab-20180914-Tisu.wav,,,,,,
no_audio,vocab-20180914-Tisu.xml,whole-utterance,vocab-20180914-Tisu.wav,,,,,,
no_audio,vocab-20180914-Tisu.xml,whole-utterance,vocab-20180914-Tisu.wav,,,,,,
no_audio,vocab-20180914-Tisu.xml,whole-utterance,vocab-20180914-Tisu.wav,,,,,,
no_audio,vocab-20180914-Tisu.xml,whole-utterance,vocab-20180914-Tisu.wav,,,,,,
no_audio,vocab-20180914-Tisu.xml,whole-utterance,vocab-20180914-Tisu.wav,,,,,,
zero_length_segment,ADJ_tall_1st_pl_01_JS.xml,sentence-level-word,ADJ_tall_1st_pl_01_JS.wav,6.0,8.0,96000,128000,19885,
zero_length_segment,ADJ_tall_1st_pl_01_JS.xml,sentence-level-word,ADJ_tall_1st_pl_01_JS.wav,8.0,12.0,128000,192000,19885,
zero_length_segment,ADJ_tall_1st_sg_01_JS.xml,sentence-level-word,ADJ_tall_1st_sg_01_JS.wav,6.0,10.0,96000,160000,10647,
zero_length_segment,ADJ_tall_1st_sg_01_JS.xml,sentence-level-word,ADJ_tall_1st_sg_01_JS.wav,1.0,6.0,16000,96000,10647,
zero_length_segment,ADJ_tall_2nd_sg_form_01_JS.xml,sentence-level-word,ADJ_tall_2nd_sg_form_01_JS.wav,7.0,11.0,112000,176000,16032,
zero_length_segment,ADJ_tall_2nd_sg_inf_01_JS.xml,sentence-level-word,ADJ_tall_2nd_sg_inf_01_JS.wav,6.0,10.0,96000,160000,15117,
zero_length_segment,ADJ_tall_2nd_sg_inf_01_JS.xml,sentence-level-word,ADJ_tall_2nd_sg_inf_01_JS.wav,1.0,6.0,16000,96000,15117,
zero_length_segment,ADPOS-CONFG_above-over-north_01_02_03_spkrTS.xml,sentence-level-word,ADPOS-CONFG_above-over-north_01_02_03_spkrTS.wav,4.0,30.0,64000,480000,38074,
zero_length_segment,ADPOS-CONFG_above-over-north_01_02_03_spkrTS.xml,sentence-level-word,ADPOS-CONFG_above-over-north_01_02_03_spkrTS.wav,13.0,31.0,208000,496000,38074,
zero_length_segment,ADPOS-CONFG_above-over-north_01_02_03_spkrTS.xml,sentence-level-word,ADPOS-CONFG_above-over-north_01_02_03_spkrTS.wav,10.0,13.0,160000,208000,38074,
zero_length_segment,ADPOS-CONFG_above-over-north_01_02_03_spkrTS.xml,sentence-level-word,ADPOS-CONFG_above-over-north_01_02_03_spkrTS.wav,22.0,32.0,352000,512000,38074,
zero_length_segment,ADPOS-CONFG_above-over-north_01_02_03_spkrTS.xml,sentence-level-word,ADPOS-CONFG_above-over-north_01_02_03_spkrTS.wav,19.0,22.0,304000,352000,38074,
zero_length_segment,ADPOS-CONFG_below-under-south_01_02_spkrTS.xml,sentence-level-word,ADPOS-CONFG_below-under-south_01_02_spkrTS.wav,6.0,19.0,96000,304000,31011,
zero_length_segment,ADPOS-CONFG_below-under-south_01_02_spkrTS.xml,sentence-level-word,ADPOS-CONFG_below-under-south_01_02_spkrTS.wav,8.0,14.0,128000,224000,31011,
zero_length_segment,ADPOS-CONFG_below-under-south_01_02_spkrTS.xml,sentence-level-word,ADPOS-CONFG_below-under-south_01_02_spkrTS.wav,14.0,20.0,224000,320000,31011,
zero_length_segment,CMND_come_DEIXS_LOC_1st_sg_01_02_03_spkrTS.xml,sentence-level-word,CMND_come_DEIXS_LOC_1st_sg_01_02_03_spkrTS.wav,13.0,17.0,208000,272000,69886,
zero_length_segment,CMND_come_DEIXS_LOC_1st_sg_01_02_03_spkrTS.xml,sentence-level-word,CMND_come_DEIXS_LOC_1st_sg_01_02_03_spkrTS.wav,7.0,13.0,112000,208000,69886,
zero_length_segment,CMND_come_DEIXS_LOC_1st_sg_01_02_03_spkrTS.xml,sentence-level-word,CMND_come_DEIXS_LOC_1st_sg_01_02_03_spkrTS.wav,17.0,60.0,272000,960000,69886,
zero_length_segment,CMND_come_DEIXS_LOC_1st_sg_01_02_03_spkrTS.xml,sentence-level-word,CMND_come_DEIXS_LOC_1st_sg_01_02_03_spkrTS.wav,19.0,25.0,304000,400000,69886,
zero_length_segment,CMND_come_DEIXS_LOC_1st_sg_01_02_03_spkrTS.xml,sentence-level-word,CMND_come_DEIXS_LOC_1st_sg_01_02_03_spkrTS.wav,34.0,61.0,544000,976000,69886,
zero_length_segment,CMND_come_DEIXS_LOC_1st_sg_01_02_03_spkrTS.xml,sentence-level-word,CMND_come_DEIXS_LOC_1st_sg_01_02_03_spkrTS.wav,30.0,34.0,480000,544000,69886,
zero_length_segment,CMND_come_DEIXS_LOC_1st_sg_01_02_03_spkrTS.xml,sentence-level-word,CMND_come_DEIXS_LOC_1st_sg_01_02_03_spkrTS.wav,25.0,30.0,400000,480000,69886,
zero_length_segment,CMND_come_DEIXS_LOC_1st_sg_01_02_03_spkrTS.xml,sentence-level-word,CMND_come_DEIXS_LOC_1st_sg_01_02_03_spkrTS.wav,37.0,43.0,592000,688000,69886,
zero_length_segment,CMND_come_DEIXS_LOC_1st_sg_01_02_03_spkrTS.xml,sentence-level-word,CMND_come_DEIXS_LOC_1st_sg_01_02_03_spkrTS.wav,48.0,52.0,768000,832000,69886,
zero_length_segment,CMND_come_DEIXS_LOC_1st_sg_01_02_03_spkrTS.xml,sentence-level-word,CMND_come_DEIXS_LOC_1st_sg_01_02_03_spkrTS.wav,52.0,62.0,832000,992000,69886,
zero_length_segment,CMND_come_DEIXS_LOC_1st_sg_01_02_03_spkrTS.xml,sentence-level-word,CMND_come_DEIXS_LOC_1st_sg_01_02_03_spkrTS.wav,43.0,48.0,688000,768000,69886,
zero_length_segment,CMND_come_down_01_02_03_TS.xml,sentence-level-word,CMND_come_down_01_02_03_TS.wav,5.0,25.0,80000,400000,65902,
zero_length_segment,CMND_come_down_01_02_03_TS.xml,sentence-level-word,CMND_come_down_01_02_03_TS.wav,12.0,26.0,192000,416000,65902,
zero_length_segment,CMND_come_down_01_02_03_TS.xml,sentence-level-word,CMND_come_down_01_02_03_TS.wav,8.0,12.0,128000,192000,65902,
zero_length_segment,CMND_come_down_01_02_03_TS.xml,sentence-level-word,CMND_come_down_01_02_03_TS.wav,15.0,19.0,240000,304000,65902,
zero_length_segment,CMND_come_down_01_02_03_TS.xml,sentence-level-word,CMND_come_down_01_02_03_TS.wav,19.0,27.0,304000,432000,65902,
zero_length_segment,CONFIG-body_parts-back_butt_01_02_03_TS.xml,sentence-level-word,CONFIG-body_parts-back_butt_01_02_03_TS.wav,37.0,43.0,592000,688000,258560,
zero_length_segment,CONFIG-body_parts-back_butt_01_02_03_TS.xml,sentence-level-word,CONFIG-body_parts-back_butt_01_02_03_TS.wav,22.0,25.0,352000,400000,258560,
zero_length_segment,CONFIG-body_parts-back_butt_01_02_03_TS.xml,sentence-level-word,CONFIG-body_parts-back_butt_01_02_03_TS.wav,43.0,99.0,688000,1584000,258560,
zero_length_segment,CONFIG-body_parts-back_butt_01_02_03_TS.xml,sentence-level-word,CONFIG-body_parts-back_butt_01_02_03_TS.wav,32.0,37.0,512000,592000,258560,
zero_length_segment,CONFIG-body_parts-back_butt_01_02_03_TS.xml,sentence-level-word,CONFIG-body_parts-back_butt_01_02_03_TS.wav,25.0,32.0,400000,512000,258560,
zero_length_segment,CONFIG-body_parts-back_butt_01_02_03_TS.xml,sentence-level-word,CONFIG-body_parts-back_butt_01_02_03_TS.wav,46.0,54.0,736000,864000,258560,
zero_length_segment,CONFIG-body_parts-back_butt_01_02_03_TS.xml,sentence-level-word,CONFIG-body_parts-back_butt_01_02_03_TS.wav,80.0,86.0,1280000,1376000,258560,
zero_length_segment,CONFIG-body_parts-back_butt_01_02_03_TS.xml,sentence-level-word,CONFIG-body_parts-back_butt_01_02_03_TS.wav,76.0,80.0,1216000,1280000,258560,
zero_length_segment,CONFIG-body_parts-back_butt_01_02_03_TS.xml,sentence-level-word,CONFIG-body_parts-back_butt_01_02_03_TS.wav,59.0,65.0,944000,1040000,258560,
zero_length_segment,CONFIG-body_parts-back_butt_01_02_03_TS.xml,sentence-level-word,CONFIG-body_parts-back_butt_01_02_03_TS.wav,65.0,68.0,1040000,1088000,258560,
zero_length_segment,CONFIG-body_parts-back_butt_01_02_03_TS.xml,sentence-level-word,CONFIG-body_parts-back_butt_01_02_03_TS.wav,68.0,76.0,1088000,1216000,258560,
zero_length_segment,CONFIG-body_parts-back_butt_01_02_03_TS.xml,sentence-level-word,CONFIG-body_parts-back_butt_01_02_03_TS.wav,54.0,59.0,864000,944000,258560,
zero_length_segment,CONFIG-body_parts-back_butt_01_02_03_TS.xml,sentence-level-word,CONFIG-body_parts-back_butt_01_02_03_TS.wav,86.0,100.0,1376000,1600000,258560,
zero_length_segment,CONFIG-body_parts-ears_head_01_02_TS.xml,sentence-level-word,CONFIG-body_parts-ears_head_01_02_TS.wav,14.0,43.0,224000,688000,170198,
zero_length_segment,CONFIG-body_parts-ears_head_01_02_TS.xml,sentence-level-word,CONFIG-body_parts-ears_head_01_02_TS.wav,26.0,28.0,416000,448000,170198,
zero_length_segment,CONFIG-body_parts-ears_head_01_02_TS.xml,sentence-level-word,CONFIG-body_parts-ears_head_01_02_TS.wav,33.0,44.0,528000,704000,170198,
zero_length_segment,CONFIG-body_parts-ears_head_01_02_TS.xml,sentence-level-word,CONFIG-body_parts-ears_head_01_02_TS.wav,20.0,26.0,320000,416000,170198,
zero_length_segment,CONFIG-body_parts-ears_head_01_02_TS.xml,sentence-level-word,CONFIG-body_parts-ears_head_01_02_TS.wav,28.0,33.0,448000,528000,170198,
zero_length_segment,CONFIG-body_parts-ears_head_3form-all_01_02_TS.xml,sentence-level-word,CONFIG-body_parts-ears_head_3form-all_01_02_TS.wav,14.0,19.0,224000,304000,193590,
zero_length_segment,CONFIG-body_parts-ears_head_3form-all_01_02_TS.xml,sentence-level-word,CONFIG-body_parts-ears_head_3form-all_01_02_TS.wav,19.0,47.0,304000,752000,193590,
zero_length_segment,CONFIG-body_parts-ears_head_3form-all_01_02_TS.xml,sentence-level-word,CONFIG-body_parts-ears_head_3form-all_01_02_TS.wav,22.0,28.0,352000,448000,193590,
zero_length_segment,CONFIG-body_parts-ears_head_3form-all_01_02_TS.xml,sentence-level-word,CONFIG-body_parts-ears_head_3form-all_01_02_TS.wav,31.0,35.0,496000,560000,193590,
zero_length_segment,CONFIG-body_parts-ears_head_3form-all_01_02_TS.xml,sentence-level-word,CONFIG-body_parts-ears_head_3form-all_01_02_TS.wav,41.0,48.0,656000,768000,193590,
zero_length_segment,CONFIG-body_parts-ears_head_3form-all_01_02_TS.xml,sentence-level-word,CONFIG-body_parts-ears_head_3form-all_01_02_TS.wav,28.0,31.0,448000,496000,193590,
zero_length_segment,CONFIG-body_parts-ears_head_3form-all_01_02_TS.xml,sentence-level-word,CONFIG-body_parts-ears_head_3form-all_01_02_TS.wav,35.0,41.0,560000,656000,193590,
zero_length_segment,CONFIG-body_parts-face_head_01_02_TS.xml,sentence-level-word,CONFIG-body_parts-face_head_01_02_TS.wav,12.0,39.0,192000,624000,87245,
zero_length_segment,CONFIG-body_parts-face_head_01_02_TS.xml,sentence-level-word,CONFIG-body_parts-face_head_01_02_TS.wav,7.0,12.0,112000,192000,87245,
zero_length_segment,CONFIG-body_parts-face_head_01_02_TS.xml,sentence-level-word,CONFIG-body_parts-face_head_01_02_TS.wav,24.0,29.0,384000,464000,87245,
zero_length_segment,CONFIG-body_parts-face_head_01_02_TS.xml,sentence-level-word,CONFIG-body_parts-face_head_01_02_TS.wav,18.0,21.0,288000,336000,87245,
zero_length_segment,CONFIG-body_parts-face_head_01_02_TS.xml,sentence-level-word,CONFIG-body_parts-face_head_01_02_TS.wav,29.0,40.0,464000,640000,87245,
zero_length_segment,CONFIG-body_parts-face_head_01_02_TS.xml,sentence-level-word,CONFIG-body_parts-face_head_01_02_TS.wav,21.0,24.0,336000,384000,87245,
zero_length_segment,CONFIG-body_parts-face_head_3s-inf_01_02_TS.xml,sentence-level-word,CONFIG-body_parts-face_head_3s-inf_01_02_TS.wav,11.0,36.0,176000,576000,80538,
zero_length_segment,CONFIG-body_parts-face_head_3s-inf_01_02_TS.xml,sentence-level-word,CONFIG-body_parts-face_head_3s-inf_01_02_TS.wav,6.0,11.0,96000,176000,80538,
zero_length_segment,CONFIG-body_parts-face_head_3s-inf_01_02_TS.xml,sentence-level-word,CONFIG-body_parts-face_head_3s-inf_01_02_TS.wav,23.0,27.0,368000,432000,80538,
zero_length_segment,CONFIG-body_parts-face_head_3s-inf_01_02_TS.xml,sentence-level-word,CONFIG-body_parts-face_head_3s-inf_01_02_TS.wav,20.0,23.0,320000,368000,80538,
zero_length_segment,CONFIG-body_parts-face_head_3s-inf_01_02_TS.xml,sentence-level-word,CONFIG-body_parts-face_head_3s-inf_01_02_TS.wav,17.0,20.0,272000,320000,80538,
zero_length_segment,CONFIG-body_parts-face_head_3s-inf_01_02_TS.xml,sentence-level-word,CONFIG-body_parts-face_head_3s-inf_01_02_TS.wav,27.0,37.0,432000,592000,80538,
zero_length_segment,CONFIG-body_parts-head_chest_01_02_TS.xml,sentence-level-word,CONFIG-body_parts-head_chest_01_02_TS.wav,21.0,50.0,336000,800000,110228,
zero_length_segment,CONFIG-body_parts-head_chest_01_02_TS.xml,sentence-level-word,CONFIG-body_parts-head_chest_01_02_TS.wav,9.0,14.0,144000,224000,110228,
zero_length_segment,CONFIG-body_parts-head_chest_01_02_TS.xml,sentence-level-word,CONFIG-body_parts-head_chest_01_02_TS.wav,7.0,9.0,112000,144000,110228,
zero_length_segment,CONFIG-body_parts-head_chest_01_02_TS.xml,sentence-level-word,CONFIG-body_parts-head_chest_01_02_TS.wav,14.0,21.0,224000,336000,110228,
zero_length_segment,CONFIG-body_parts-head_chest_01_02_TS.xml,sentence-level-word,CONFIG-body_parts-head_chest_01_02_TS.wav,24.0,30.0,384000,480000,110228,
zero_length_segment,CONFIG-body_parts-head_chest_01_02_TS.xml,sentence-level-word,CONFIG-body_parts-head_chest_01_02_TS.wav,38.0,44.0,608000,704000,110228,
zero_length_segment,CONFIG-body_parts-head_chest_01_02_TS.xml,sentence-level-word,CONFIG-body_parts-head_chest_01_02_TS.wav,33.0,38.0,528000,608000,110228,
zero_length_segment,CONFIG-body_parts-head_chest_01_02_TS.xml,sentence-level-word,CONFIG-body_parts-head_chest_01_02_TS.wav,44.0,51.0,704000,816000,110228,
zero_length_segment,CONFIG-body_parts-head_chest_01_02_TS.xml,sentence-level-word,CONFIG-body_parts-head_chest_01_02_TS.wav,30.0,33.0,480000,528000,110228,
zero_length_segment,CONFIG-body_parts-head_foot_01_02_TS.xml,sentence-level-word,CONFIG-body_parts-head_foot_01_02_TS.wav,37.0,94.0,592000,1504000,129792,
zero_length_segment,CONFIG-body_parts-head_foot_01_02_TS.xml,sentence-level-word,CONFIG-body_parts-head_foot_01_02_TS.wav,22.0,25.0,352000,400000,129792,
zero_length_segment,CONFIG-body_parts-head_foot_01_02_TS.xml,sentence-level-word,CONFIG-body_parts-head_foot_01_02_TS.wav,16.0,22.0,256000,352000,129792,
zero_length_segment,CONFIG-body_parts-head_foot_01_02_TS.xml,sentence-level-word,CONFIG-body_parts-head_foot_01_02_TS.wav,33.0,37.0,528000,592000,129792,
zero_length_segment,CONFIG-body_parts-head_foot_01_02_TS.xml,sentence-level-word,CONFIG-body_parts-head_foot_01_02_TS.wav,10.0,16.0,160000,256000,129792,
zero_length_segment,CONFIG-body_parts-head_foot_01_02_TS.xml,sentence-level-word,CONFIG-body_parts-head_foot_01_02_TS.wav,25.0,33.0,400000,528000,129792,
zero_length_segment,CONFIG-body_parts-head_foot_01_02_TS.xml,sentence-level-word,CONFIG-body_parts-head_foot_01_02_TS.wav,72.0,77.0,1152000,1232000,129792,
zero_length_segment,CONFIG-body_parts-head_foot_01_02_TS.xml,sentence-level-word,CONFIG-body_parts-head_foot_01_02_TS.wav,43.0,51.0,688000,816000,129792,
zero_length_segment,CONFIG-body_parts-head_foot_01_02_TS.xml,sentence-level-word,CONFIG-body_parts-head_foot_01_02_TS.wav,51.0,56.0,816000,896000,129792,
zero_length_segment,CONFIG-body_parts-head_foot_01_02_TS.xml,sentence-level-word,CONFIG-body_parts-head_foot_01_02_TS.wav,62.0,64.0,992000,1024000,129792,
zero_length_segment,CONFIG-body_parts-head_foot_01_02_TS.xml,sentence-level-word,CONFIG-body_parts-head_foot_01_02_TS.wav,64.0,72.0,1024000,1152000,129792,
zero_length_segment,CONFIG-body_parts-head_foot_01_02_TS.xml,sentence-level-word,CONFIG-body_parts-head_foot_01_02_TS.wav,56.0,62.0,896000,992000,129792,
zero_length_segment,CONFIG-body_parts-head_foot_01_02_TS.xml,sentence-level-word,CONFIG-body_parts-head_foot_01_02_TS.wav,77.0,95.0,1232000,1520000,129792,
zero_length_segment,CONFIG-body_parts-nose_eyes_face_3form-all_01_02_TS.xml,sentence-level-word,CONFIG-body_parts-nose_eyes_face_3form-all_01_02_TS.wav,12.0,15.0,192000,240000,152886,
zero_length_segment,CONFIG-body_parts-nose_eyes_face_3form-all_01_02_TS.xml,sentence-level-word,CONFIG-body_parts-nose_eyes_face_3form-all_01_02_TS.wav,23.0,28.0,368000,448000,152886,
zero_length_segment,CONFIG-body_parts-nose_eyes_face_3form-all_01_02_TS.xml,sentence-level-word,CONFIG-body_parts-nose_eyes_face_3form-all_01_02_TS.wav,15.0,20.0,240000,320000,152886,
zero_length_segment,CONFIG-body_parts-nose_eyes_face_3form-all_01_02_TS.xml,sentence-level-word,CONFIG-body_parts-nose_eyes_face_3form-all_01_02_TS.wav,20.0,23.0,320000,368000,152886,
zero_length_segment,CONFIG-body_parts-nose_eyes_face_3form-all_01_02_TS.xml,sentence-level-word,CONFIG-body_parts-nose_eyes_face_3form-all_01_02_TS.wav,31.0,75.0,496000,1200000,152886,
zero_length_segment,CONFIG-body_parts-nose_eyes_face_3form-all_01_02_TS.xml,sentence-level-word,CONFIG-body_parts-nose_eyes_face_3form-all_01_02_TS.wav,28.0,31.0,448000,496000,152886,
zero_length_segment,CONFIG-body_parts-nose_eyes_face_3form-all_01_02_TS.xml,sentence-level-word,CONFIG-body_parts-nose_eyes_face_3form-all_01_02_TS.wav,34.0,42.0,544000,672000,152886,
zero_length_segment,CONFIG-body_parts-nose_eyes_face_3form-all_01_02_TS.xml,sentence-level-word,CONFIG-body_parts-nose_eyes_face_3form-all_01_02_TS.wav,45.0,48.0,720000,768000,152886,
zero_length_segment,CONFIG-body_parts-nose_eyes_face_3form-all_01_02_TS.xml,sentence-level-word,CONFIG-body_parts-nose_eyes_face_3form-all_01_02_TS.wav,42.0,45.0,672000,720000,152886,
zero_length_segment,CONFIG-body_parts-nose_eyes_face_3form-all_01_02_TS.xml,sentence-level-word,CONFIG-body_parts-nose_eyes_face_3form-all_01_02_TS.wav,63.0,66.0,1008000,1056000,152886,
zero_length_segment,CONFIG-body_parts-nose_eyes_face_3form-all_01_02_TS.xml,sentence-level-word,CONFIG-body_parts-nose_eyes_face_3form-all_01_02_TS.wav,57.0,63.0,912000,1008000,152886,
zero_length_segment,CONFIG-body_parts-nose_eyes_face_3form-all_01_02_TS.xml,sentence-level-word,CONFIG-body_parts-nose_eyes_face_3form-all_01_02_TS.wav,48.0,54.0,768000,864000,152886,
zero_length_segment,CONFIG-body_parts-nose_eyes_face_3form-all_01_02_TS.xml,sentence-level-word,CONFIG-body_parts-nose_eyes_face_3form-all_01_02_TS.wav,54.0,57.0,864000,912000,152886,
zero_length_segment,CONFIG-body_parts-nose_eyes_face_3form-all_01_02_TS.xml,sentence-level-word,CONFIG-body_parts-nose_eyes_face_3form-all_01_02_TS.wav,66.0,76.0,1056000,1216000,152886,
zero_length_segment,DGTS_191919191919_01_spkrTS.xml,sentence-level-word,DGTS_191919191919_01_spkrTS.wav,15.0,17.0,240000,272000,125418,
zero_length_segment,DGTS_191919191919_01_spkrTS.xml,sentence-level-word,DGTS_191919191919_01_spkrTS.wav,13.0,15.0,208000,240000,125418,
zero_length_segment,DGTS_191919191919_01_spkrTS.xml,sentence-level-word,DGTS_191919191919_01_spkrTS.wav,11.0,13.0,176000,208000,125418,
zero_length_segment,DGTS_191919191919_01_spkrTS.xml,sentence-level-word,DGTS_191919191919_01_spkrTS.wav,9.0,11.0,144000,176000,125418,
zero_length_segment,DGTS_191919191919_01_spkrTS.xml,sentence-level-word,DGTS_191919191919_01_spkrTS.wav,17.0,19.0,272000,304000,125418,
zero_length_segment,DGTS_191919191919_01_spkrTS.xml,sentence-level-word,DGTS_191919191919_01_spkrTS.wav,19.0,31.0,304000,496000,125418,
zero_length_segment,DGTS_415-251-1554_01_spkrTS.xml,sentence-level-word,DGTS_415-251-1554_01_spkrTS.wav,24.0,26.0,384000,416000,89431,
zero_length_segment,DGTS_415-251-1554_01_spkrTS.xml,sentence-level-word,DGTS_415-251-1554_01_spkrTS.wav,22.0,24.0,352000,384000,89431,
zero_length_segment,DGTS_415-251-1554_01_spkrTS.xml,sentence-level-word,DGTS_415-251-1554_01_spkrTS.wav,14.0,18.0,224000,288000,89431,
zero_length_segment,DGTS_415-251-1554_01_spkrTS.xml,sentence-level-word,DGTS_415-251-1554_01_spkrTS.wav,26.0,31.0,416000,496000,89431,
zero_length_segment,DGTS_415-251-1554_01_spkrTS.xml,sentence-level-word,DGTS_415-251-1554_01_spkrTS.wav,31.0,35.0,496000,560000,89431,
zero_length_segment,DGTS_415-251-1554_01_spkrTS.xml,sentence-level-word,DGTS_415-251-1554_01_spkrTS.wav,7.0,9.0,112000,144000,89431,
zero_length_segment,DGTS_415-251-1554_01_spkrTS.xml,sentence-level-word,DGTS_415-251-1554_01_spkrTS.wav,9.0,14.0,144000,224000,89431,
zero_length_segment,DGTS_415-251-1554_01_spkrTS.xml,sentence-level-word,DGTS_415-251-1554_01_spkrTS.wav,35.0,51.0,560000,816000,89431,
zero_length_segment,DGTS_415-251-1554_01_spkrTS.xml,sentence-level-word,DGTS_415-251-1554_01_spkrTS.wav,18.0,22.0,288000,352000,89431,
zero_length_segment,GRT_RESP-hello-how_are_you_inf_01_02_03_TS.xml,sentence-level-word,GRT_RESP-hello-how_are_you_inf_01_02_03_TS.wav,6.0,9.0,96000,144000,59616,
zero_length_segment,GRT_RESP-hello-how_are_you_inf_01_02_03_TS.xml,sentence-level-word,GRT_RESP-hello-how_are_you_inf_01_02_03_TS.wav,9.0,35.0,144000,560000,59616,
zero_length_segment,GRT_RESP-hello-how_are_you_inf_01_02_03_TS.xml,sentence-level-word,GRT_RESP-hello-how_are_you_inf_01_02_03_TS.wav,11.0,14.0,176000,224000,59616,
zero_length_segment,GRT_RESP-hello-how_are_you_inf_01_02_03_TS.xml,sentence-level-word,GRT_RESP-hello-how_are_you_inf_01_02_03_TS.wav,17.0,36.0,272000,576000,59616,
zero_length_segment,GRT_RESP-hello-how_are_you_inf_01_02_03_TS.xml,sentence-level-word,GRT_RESP-hello-how_are_you_inf_01_02_03_TS.wav,14.0,17.0,224000,272000,59616,
zero_length_segment,GRT_RESP-hello-how_are_you_inf_01_02_03_TS.xml,sentence-level-word,GRT_RESP-hello-how_are_you_inf_01_02_03_TS.wav,20.0,25.0,320000,400000,59616,
zero_length_segment,GRT_RESP-hello-how_are_you_inf_01_02_03_TS.xml,sentence-level-word,GRT_RESP-hello-how_are_you_inf_01_02_03_TS.wav,29.0,37.0,464000,592000,59616,
zero_length_segment,GRT_RESP-hello-how_are_you_inf_01_02_03_TS.xml,sentence-level-word,GRT_RESP-hello-how_are_you_inf_01_02_03_TS.wav,25.0,29.0,400000,464000,59616,
zero_length_segment,GRT_hello-how_are_you-form_01_spkrTS.xml,sentence-level-word,GRT_hello-how_are_you-form_01_spkrTS.wav,7.0,11.0,112000,176000,16483,
no_audio,N-V_pain-hurt-JS-TTS.xml,whole-utterance,N-V_pain-hurt-JS-TTS.wav,,,,,,
zero_length_segment,NP-ADJ_short_man_01_02_JS.xml,sentence-level-word,NP-ADJ_short_man_01_02_JS.wav,4.0,22.0,64000,352000,60614,
zero_length_segment,NP-ADJ_short_man_01_02_JS.xml,sentence-level-word,NP-ADJ_short_man_01_02_JS.wav,13.0,23.0,208000,368000,60614,
zero_length_segment,NP-ADJ_short_man_01_02_JS.xml,sentence-level-word,NP-ADJ_short_man_01_02_JS.wav,10.0,13.0,160000,208000,60614,
zero_length_segment,NP-ADJ_tall_woman_01_02_03_JS.xml,sentence-level-word,NP-ADJ_tall_woman_01_02_03_JS.wav,13.0,20.0,208000,320000,76761,
zero_length_segment,NP-ADJ_tall_woman_01_02_03_JS.xml,sentence-level-word,NP-ADJ_tall_woman_01_02_03_JS.wav,10.0,13.0,160000,208000,76761,
zero_length_segment,NP_LOC_river-lake_bed_01_02_03_spkrTS.xml,sentence-level-word,NP_LOC_river-lake_bed_01_02_03_spkrTS.wav,4.0,29.0,64000,464000,47715,
zero_length_segment,NP_LOC_river-lake_bed_01_02_03_spkrTS.xml,sentence-level-word,NP_LOC_river-lake_bed_01_02_03_spkrTS.wav,13.0,30.0,208000,480000,47715,
zero_length_segment,NP_LOC_river-lake_bed_01_02_03_spkrTS.xml,sentence-level-word,NP_LOC_river-lake_bed_01_02_03_spkrTS.wav,10.0,13.0,160000,208000,47715,
zero_length_segment,NP_LOC_river-lake_bed_01_02_03_spkrTS.xml,sentence-level-word,NP_LOC_river-lake_bed_01_02_03_spkrTS.wav,20.0,31.0,320000,496000,47715,
zero_length_segment,NP_LOC_river-lake_bed_01_02_03_spkrTS.xml,sentence-level-word,NP_LOC_river-lake_bed_01_02_03_spkrTS.wav,17.0,20.0,272000,320000,47715,
zero_length_segment,NP_a_fat_baby_01_spkrTS.xml,sentence-level-word,NP_a_fat_baby_01_spkrTS.wav,10.0,18.0,160000,288000,27468,
zero_length_segment,NP_a_fat_baby_01_spkrTS.xml,sentence-level-word,NP_a_fat_baby_01_spkrTS.wav,4.0,10.0,64000,160000,27468,
zero_length_segment,NP_a_fat_baby_02_spkrTS.xml,sentence-level-word,NP_a_fat_baby_02_spkrTS.wav,3.0,9.0,48000,144000,28873,
zero_length_segment,NP_a_fat_baby_02_spkrTS.xml,sentence-level-word,NP_a_fat_baby_02_spkrTS.wav,9.0,18.0,144000,288000,28873,
zero_length_segment,NP_new_bird_01_spkrJS.xml,sentence-level-word,NP_new_bird_01_spkrJS.wav,4.0,9.0,64000,144000,26397,
zero_length_segment,NP_new_bird_02_spkrJS.xml,sentence-level-word,NP_new_bird_02_spkrJS.wav,4.0,9.0,64000,144000,20511,
zero_length_segment,NP_opening_of_two_mountains_01_02_03_spkrTS.xml,sentence-level-word,NP_opening_of_two_mountains_01_02_03_spkrTS.wav,12.0,31.0,192000,496000,63620,
zero_length_segment,NP_opening_of_two_mountains_01_02_03_spkrTS.xml,sentence-level-word,NP_opening_of_two_mountains_01_02_03_spkrTS.wav,9.0,12.0,144000,192000,63620,
zero_length_segment,NP_opening_of_two_mountains_01_02_03_spkrTS.xml,sentence-level-word,NP_opening_of_two_mountains_01_02_03_spkrTS.wav,18.0,21.0,288000,336000,63620,
zero_length_segment,NP_opening_of_two_mountains_01_02_03_spkrTS.xml,sentence-level-word,NP_opening_of_two_mountains_01_02_03_spkrTS.wav,21.0,32.0,336000,512000,63620,
zero_length_segment,NUM_twenty_twentyone_01_spkrTS.xml,sentence-level-word,NUM_twenty_twentyone_01_spkrTS.wav,6.0,10.0,96000,160000,29039,
zero_length_segment,NUM_twenty_twentyone_01_spkrTS.xml,sentence-level-word,NUM_twenty_twentyone_01_spkrTS.wav,10.0,14.0,160000,224000,29039,
zero_length_segment,NUM_two_04_spkrJS.xml,sentence-level-word,NUM_two_04_spkrJS.wav,2.0,9.0,32000,144000,13969,
zero_length_segment,N_ADJ_green_fish_01_02_03_JS.xml,sentence-level-word,N_ADJ_green_fish_01_02_03_JS.wav,7.0,42.0,112000,672000,73120,
zero_length_segment,N_ADJ_green_fish_01_02_03_JS.xml,sentence-level-word,N_ADJ_green_fish_01_02_03_JS.wav,12.0,18.0,192000,288000,73120,
zero_length_segment,N_ADJ_green_fish_01_02_03_JS.xml,sentence-level-word,N_ADJ_green_fish_01_02_03_JS.wav,18.0,43.0,288000,688000,73120,
zero_length_segment,N_ADJ_green_fish_01_02_03_JS.xml,sentence-level-word,N_ADJ_green_fish_01_02_03_JS.wav,31.0,44.0,496000,704000,73120,
zero_length_segment,N_ADJ_green_fish_01_02_03_JS.xml,sentence-level-word,N_ADJ_green_fish_01_02_03_JS.wav,25.0,31.0,400000,496000,73120,
zero_length_segment,N_ADJ_red_flower_01_02_03_JS.xml,sentence-level-word,N_ADJ_red_flower_01_02_03_JS.wav,7.0,47.0,112000,752000,77728,
zero_length_segment,N_ADJ_red_flower_01_02_03_JS.xml,sentence-level-word,N_ADJ_red_flower_01_02_03_JS.wav,15.0,21.0,240000,336000,77728,
zero_length_segment,N_ADJ_red_flower_01_02_03_JS.xml,sentence-level-word,N_ADJ_red_flower_01_02_03_JS.wav,21.0,48.0,336000,768000,77728,
zero_length_segment,N_ADJ_red_flower_01_02_03_JS.xml,sentence-level-word,N_ADJ_red_flower_01_02_03_JS.wav,34.0,49.0,544000,784000,77728,
zero_length_segment,N_ADJ_red_flower_01_02_03_JS.xml,sentence-level-word,N_ADJ_red_flower_01_02_03_JS.wav,28.0,34.0,448000,544000,77728,
zero_length_segment,N_LANG_ESP_fancy-language_01_02_03_TS.xml,sentence-level-word,N_LANG_ESP_fancy-language_01_02_03_TS.wav,7.0,34.0,112000,544000,74896,
zero_length_segment,N_LANG_ESP_fancy-language_01_02_03_TS.xml,sentence-level-word,N_LANG_ESP_fancy-language_01_02_03_TS.wav,13.0,16.0,208000,256000,74896,
zero_length_segment,N_LANG_ESP_fancy-language_01_02_03_TS.xml,sentence-level-word,N_LANG_ESP_fancy-language_01_02_03_TS.wav,16.0,35.0,256000,560000,74896,
zero_length_segment,N_LANG_MIX_poor-language_01_02_03_TS.xml,sentence-level-word,N_LANG_MIX_poor-language_01_02_03_TS.wav,33.0,42.0,528000,672000,75484,
zero_length_segment,N_LANG_MIX_poor-language_01_02_03_TS.xml,sentence-level-word,N_LANG_MIX_poor-language_01_02_03_TS.wav,27.0,33.0,432000,528000,75484,
zero_length_segment,N_animal_horse_1st_pl_01_spkrJS.xml,sentence-level-word,N_animal_horse_1st_pl_01_spkrJS.wav,7.0,11.0,112000,176000,18209,
zero_length_segment,N_black_bird_01_TS.xml,sentence-level-word,N_black_bird_01_TS.wav,4.0,12.0,64000,192000,18423,
zero_length_segment,N_chicken_1st_pl_02_spkrJS.xml,sentence-level-word,N_chicken_1st_pl_02_spkrJS.wav,4.0,8.0,64000,128000,15970,
zero_length_segment,N_chicken_1st_pl_02_spkrJS.xml,sentence-level-word,N_chicken_1st_pl_02_spkrJS.wav,1.0,4.0,16000,64000,15970,
zero_length_segment,N_corn_uncooked_02_spkrJS.xml,sentence-level-word,N_corn_uncooked_02_spkrJS.wav,2.0,6.0,32000,96000,12267,
zero_length_segment,N_fruit_1pl_01_JS.xml,sentence-level-word,N_fruit_1pl_01_JS.wav,8.0,13.0,128000,208000,16392,
zero_length_segment,N_holy_water_01_spkrTS.xml,sentence-level-word,N_holy_water_01_spkrTS.wav,6.0,10.0,96000,160000,23222,
zero_length_segment,N_holy_water_02_spkrTS.xml,sentence-level-word,N_holy_water_02_spkrTS.wav,6.0,10.0,96000,160000,22742,
zero_length_segment,N_husband_pl_01_spkrJS.xml,sentence-level-word,N_husband_pl_01_spkrJS.wav,4.0,8.0,64000,128000,17301,
zero_length_segment,N_mint-herb_01_02_03_TS.xml,sentence-level-word,N_mint-herb_01_02_03_TS.wav,7.0,35.0,112000,560000,78421,
zero_length_segment,N_mint-herb_01_02_03_TS.xml,sentence-level-word,N_mint-herb_01_02_03_TS.wav,12.0,16.0,192000,256000,78421,
zero_length_segment,N_mint-herb_01_02_03_TS.xml,sentence-level-word,N_mint-herb_01_02_03_TS.wav,16.0,36.0,256000,576000,78421,
zero_length_segment,N_mint-herb_01_02_03_TS.xml,sentence-level-word,N_mint-herb_01_02_03_TS.wav,21.0,27.0,336000,432000,78421,
zero_length_segment,N_mint-herb_01_02_03_TS.xml,sentence-level-word,N_mint-herb_01_02_03_TS.wav,27.0,37.0,432000,592000,78421,
zero_length_segment,N_mixtec_people_01_02_03_TS.xml,sentence-level-word,N_mixtec_people_01_02_03_TS.wav,7.0,37.0,112000,592000,61085,
zero_length_segment,N_mixtec_people_01_02_03_TS.xml,sentence-level-word,N_mixtec_people_01_02_03_TS.wav,13.0,19.0,208000,304000,61085,
zero_length_segment,N_mixtec_people_01_02_03_TS.xml,sentence-level-word,N_mixtec_people_01_02_03_TS.wav,19.0,38.0,304000,608000,61085,
zero_length_segment,N_mixtec_people_01_02_03_TS.xml,sentence-level-word,N_mixtec_people_01_02_03_TS.wav,24.0,29.0,384000,464000,61085,
zero_length_segment,N_mixtec_people_01_02_03_TS.xml,sentence-level-word,N_mixtec_people_01_02_03_TS.wav,29.0,39.0,464000,624000,61085,
zero_length_segment,N_mother_1st_sg_01_spkrTS.xml,sentence-level-word,N_mother_1st_sg_01_spkrTS.wav,4.0,8.0,64000,128000,8584,
zero_length_segment,N_mother_1st_sg_01_spkrTS.xml,sentence-level-word,N_mother_1st_sg_01_spkrTS.wav,1.0,4.0,16000,64000,8584,
zero_length_segment,N_mother_1st_sg_02_spkrTS.xml,sentence-level-word,N_mother_1st_sg_02_spkrTS.wav,4.0,7.0,64000,112000,8777,
zero_length_segment,N_mother_1st_sg_02_spkrTS.xml,sentence-level-word,N_mother_1st_sg_02_spkrTS.wav,1.0,4.0,16000,64000,8777,
zero_length_segment,N_mother_POSS_2nd_sg_form_01_02.xml,sentence-level-word,N_mother_POSS_2nd_sg_form_01_02.wav,4.0,14.0,64000,224000,38264,
zero_length_segment,N_mother_POSS_2nd_sg_form_01_02.xml,sentence-level-word,N_mother_POSS_2nd_sg_form_01_02.wav,6.0,9.0,96000,144000,38264,
zero_length_segment,N_mother_POSS_2nd_sg_form_01_02.xml,sentence-level-word,N_mother_POSS_2nd_sg_form_01_02.wav,9.0,15.0,144000,240000,38264,
zero_length_segment,N_mother_POSS_2nd_sg_inf_01_02.xml,sentence-level-word,N_mother_POSS_2nd_sg_inf_01_02.wav,4.0,15.0,64000,240000,39465,
zero_length_segment,N_mother_POSS_2nd_sg_inf_01_02.xml,sentence-level-word,N_mother_POSS_2nd_sg_inf_01_02.wav,10.0,16.0,160000,256000,39465,
zero_length_segment,N_mother_POSS_2nd_sg_inf_01_02.xml,sentence-level-word,N_mother_POSS_2nd_sg_inf_01_02.wav,7.0,10.0,112000,160000,39465,
zero_length_segment,N_nothing_01_spkrTS.xml,sentence-level-word,N_nothing_01_spkrTS.wav,3.0,9.0,48000,144000,10359,
zero_length_segment,N_nothing_01_spkrTS.xml,sentence-level-word,N_nothing_01_spkrTS.wav,1.0,3.0,16000,48000,10359,
zero_length_segment,N_rabbit_1pl_01_JS.xml,sentence-level-word,N_rabbit_1pl_01_JS.wav,8.0,12.0,128000,192000,21696,
zero_length_segment,N_saa_savi_01_spkrFS.xml,sentence-level-word,N_saa_savi_01_spkrFS.wav,1.0,4.0,16000,64000,13087,
zero_length_segment,N_tail_feather_01_02_spkrJS.xml,sentence-level-word,N_tail_feather_01_02_spkrJS.wav,7.0,27.0,112000,432000,60491,
zero_length_segment,N_tail_feather_01_02_spkrJS.xml,sentence-level-word,N_tail_feather_01_02_spkrJS.wav,13.0,18.0,208000,288000,60491,
zero_length_segment,N_tail_feather_01_02_spkrJS.xml,sentence-level-word,N_tail_feather_01_02_spkrJS.wav,18.0,28.0,288000,448000,60491,
zero_length_segment,PRP_across_01_spkrJS.xml,sentence-level-word,PRP_across_01_spkrJS.wav,7.0,12.0,112000,192000,23235,
zero_length_segment,PRP_across_02_spkrJS.xml,sentence-level-word,PRP_across_02_spkrJS.wav,5.0,11.0,80000,176000,21695,
zero_length_segment,PRP_across_03_spkrJS.xml,sentence-level-word,PRP_across_03_spkrJS.wav,7.0,12.0,112000,192000,21561,
zero_length_segment,P_five_chicken_eggs_01_spkrJS.xml,sentence-level-word,P_five_chicken_eggs_01_spkrJS.wav,7.0,14.0,112000,224000,29222,
zero_length_segment,P_five_chicken_eggs_01_spkrJS.xml,sentence-level-word,P_five_chicken_eggs_01_spkrJS.wav,14.0,20.0,224000,320000,29222,
zero_length_segment,P_new_heart_01_spkrTS.xml,sentence-level-word,P_new_heart_01_spkrTS.wav,6.0,11.0,96000,176000,17314,
zero_length_segment,P_nine_husbands_01_spkrJS.xml,sentence-level-word,P_nine_husbands_01_spkrJS.wav,3.0,7.0,48000,112000,20360,
zero_length_segment,P_nine_husbands_02_spkrJS.xml,sentence-level-word,P_nine_husbands_02_spkrJS.wav,3.0,7.0,48000,112000,23688,
zero_length_segment,P_that_thin_green_fruit_01_spkrJS.xml,sentence-level-word,P_that_thin_green_fruit_01_spkrJS.wav,23.0,29.0,368000,464000,60266,
zero_length_segment,P_that_thin_green_fruit_01_spkrJS.xml,sentence-level-word,P_that_thin_green_fruit_01_spkrJS.wav,16.0,23.0,256000,368000,60266,
zero_length_segment,P_that_thin_green_fruit_01_spkrJS.xml,sentence-level-word,P_that_thin_green_fruit_01_spkrJS.wav,13.0,16.0,208000,256000,60266,
zero_length_segment,P_that_thin_green_fruit_01_spkrJS.xml,sentence-level-word,P_that_thin_green_fruit_01_spkrJS.wav,6.0,13.0,96000,208000,60266,
zero_length_segment,P_that_thin_green_fruit_02_spkrJS.xml,sentence-level-word,P_that_thin_green_fruit_02_spkrJS.wav,12.0,15.0,192000,240000,48375,
zero_length_segment,P_that_thin_green_fruit_02_spkrJS.xml,sentence-level-word,P_that_thin_green_fruit_02_spkrJS.wav,15.0,22.0,240000,352000,48375,
zero_length_segment,P_that_thin_green_fruit_02_spkrJS.xml,sentence-level-word,P_that_thin_green_fruit_02_spkrJS.wav,22.0,29.0,352000,464000,48375,
zero_length_segment,P_that_thin_green_fruit_02_spkrJS.xml,sentence-level-word,P_that_thin_green_fruit_02_spkrJS.wav,5.0,12.0,80000,192000,48375,
zero_length_segment,P_thin_green_fruit_1st_sg_01_spkrJS.xml,sentence-level-word,P_thin_green_fruit_1st_sg_01_spkrJS.wav,11.0,15.0,176000,240000,59247,
zero_length_segment,P_thin_green_fruit_1st_sg_01_spkrJS.xml,sentence-level-word,P_thin_green_fruit_1st_sg_01_spkrJS.wav,15.0,26.0,240000,416000,59247,
zero_length_segment,P_thin_green_fruit_1st_sg_01_spkrJS.xml,sentence-level-word,P_thin_green_fruit_1st_sg_01_spkrJS.wav,5.0,11.0,80000,176000,59247,
zero_length_segment,P_thin_green_fruit_1st_sg_02_spkrJS.xml,sentence-level-word,P_thin_green_fruit_1st_sg_02_spkrJS.wav,13.0,17.0,208000,272000,57504,
zero_length_segment,P_thin_green_fruit_1st_sg_02_spkrJS.xml,sentence-level-word,P_thin_green_fruit_1st_sg_02_spkrJS.wav,6.0,13.0,96000,208000,57504,
zero_length_segment,P_thin_green_fruit_1st_sg_02_spkrJS.xml,sentence-level-word,P_thin_green_fruit_1st_sg_02_spkrJS.wav,17.0,28.0,272000,448000,57504,
zero_length_segment,QNTY_everyone_01_02_03_spkrTS.xml,sentence-level-word,QNTY_everyone_01_02_03_spkrTS.wav,7.0,33.0,112000,528000,52224,
zero_length_segment,QNTY_everyone_01_02_03_spkrTS.xml,sentence-level-word,QNTY_everyone_01_02_03_spkrTS.wav,10.0,17.0,160000,272000,52224,
zero_length_segment,QNTY_everyone_01_02_03_spkrTS.xml,sentence-level-word,QNTY_everyone_01_02_03_spkrTS.wav,17.0,34.0,272000,544000,52224,
zero_length_segment,QNTY_everyone_01_02_03_spkrTS.xml,sentence-level-word,QNTY_everyone_01_02_03_spkrTS.wav,19.0,27.0,304000,432000,52224,
zero_length_segment,QNTY_everyone_01_02_03_spkrTS.xml,sentence-level-word,QNTY_everyone_01_02_03_spkrTS.wav,27.0,35.0,432000,560000,52224,
zero_length_segment,QNTY_nobody_01_02_03_spkrTS.xml,sentence-level-word,QNTY_nobody_01_02_03_spkrTS.wav,4.0,22.0,64000,352000,45297,
zero_length_segment,QNTY_nobody_01_02_03_spkrTS.xml,sentence-level-word,QNTY_nobody_01_02_03_spkrTS.wav,10.0,23.0,160000,368000,45297,
zero_length_segment,QNTY_nobody_01_02_03_spkrTS.xml,sentence-level-word,QNTY_nobody_01_02_03_spkrTS.wav,7.0,10.0,112000,160000,45297,
zero_length_segment,QNTY_nobody_01_02_03_spkrTS.xml,sentence-level-word,QNTY_nobody_01_02_03_spkrTS.wav,13.0,16.0,208000,256000,45297,
zero_length_segment,QNTY_nobody_01_02_03_spkrTS.xml,sentence-level-word,QNTY_nobody_01_02_03_spkrTS.wav,16.0,24.0,256000,384000,45297,
zero_length_segment,Q_do_you_inf_see_me_RESP_yes_I_see_you_inf_01_02_spkrTS.xml,sentence-level-word,Q_do_you_inf_see_me_RESP_yes_I_see_you_inf_01_02_spkrTS.wav,12.0,35.0,192000,560000,63673,
zero_length_segment,Q_do_you_inf_see_me_RESP_yes_I_see_you_inf_01_02_spkrTS.xml,sentence-level-word,Q_do_you_inf_see_me_RESP_yes_I_see_you_inf_01_02_spkrTS.wav,9.0,12.0,144000,192000,63673,
zero_length_segment,Q_do_you_inf_see_me_RESP_yes_I_see_you_inf_01_02_spkrTS.xml,sentence-level-word,Q_do_you_inf_see_me_RESP_yes_I_see_you_inf_01_02_spkrTS.wav,24.0,27.0,384000,432000,63673,
zero_length_segment,Q_do_you_inf_see_me_RESP_yes_I_see_you_inf_01_02_spkrTS.xml,sentence-level-word,Q_do_you_inf_see_me_RESP_yes_I_see_you_inf_01_02_spkrTS.wav,18.0,24.0,288000,384000,63673,
zero_length_segment,Q_do_you_inf_see_me_RESP_yes_I_see_you_inf_01_02_spkrTS.xml,sentence-level-word,Q_do_you_inf_see_me_RESP_yes_I_see_you_inf_01_02_spkrTS.wav,16.0,18.0,256000,288000,63673,
zero_length_segment,Q_do_you_inf_see_me_RESP_yes_I_see_you_inf_01_02_spkrTS.xml,sentence-level-word,Q_do_you_inf_see_me_RESP_yes_I_see_you_inf_01_02_spkrTS.wav,27.0,36.0,432000,576000,63673,
zero_length_segment,SOC_good_bye_01_02_03_spkrTS.xml,sentence-level-word,SOC_good_bye_01_02_03_spkrTS.wav,7.0,38.0,112000,608000,62986,
zero_length_segment,SOC_good_bye_01_02_03_spkrTS.xml,sentence-level-word,SOC_good_bye_01_02_03_spkrTS.wav,13.0,19.0,208000,304000,62986,
zero_length_segment,SOC_good_bye_01_02_03_spkrTS.xml,sentence-level-word,SOC_good_bye_01_02_03_spkrTS.wav,19.0,39.0,304000,624000,62986,
zero_length_segment,SOC_good_bye_01_02_03_spkrTS.xml,sentence-level-word,SOC_good_bye_01_02_03_spkrTS.wav,24.0,29.0,384000,464000,62986,
zero_length_segment,SOC_good_bye_01_02_03_spkrTS.xml,sentence-level-word,SOC_good_bye_01_02_03_spkrTS.wav,29.0,40.0,464000,640000,62986,
zero_length_segment,SOC_thank_you_form_01_02_spkrTS.xml,sentence-level-word,SOC_thank_you_form_01_02_spkrTS.wav,11.0,24.0,176000,384000,32177,
zero_length_segment,SOC_thank_you_form_01_02_spkrTS.xml,sentence-level-word,SOC_thank_you_form_01_02_spkrTS.wav,13.0,22.0,208000,352000,32177,
zero_length_segment,SOC_thank_you_form_01_02_spkrTS.xml,sentence-level-word,SOC_thank_you_form_01_02_spkrTS.wav,22.0,25.0,352000,400000,32177,
zero_length_segment,S_ARVL-HM_my_brothers_are_coming_home_01_02_03_04_TS.xml,sentence-level-word,S_ARVL-HM_my_brothers_are_coming_home_01_02_03_04_TS.wav,15.0,18.0,240000,288000,92254,
zero_length_segment,S_ARVL-HM_my_brothers_are_coming_home_01_02_03_04_TS.xml,sentence-level-word,S_ARVL-HM_my_brothers_are_coming_home_01_02_03_04_TS.wav,9.0,15.0,144000,240000,92254,
zero_length_segment,S_ARVL-HM_my_brothers_are_coming_home_01_02_03_04_TS.xml,sentence-level-word,S_ARVL-HM_my_brothers_are_coming_home_01_02_03_04_TS.wav,18.0,59.0,288000,944000,92254,
zero_length_segment,S_ARVL-HM_my_brothers_are_coming_home_01_02_03_04_TS.xml,sentence-level-word,S_ARVL-HM_my_brothers_are_coming_home_01_02_03_04_TS.wav,6.0,9.0,96000,144000,92254,
zero_length_segment,S_ARVL-HM_my_brothers_are_coming_home_01_02_03_04_TS.xml,sentence-level-word,S_ARVL-HM_my_brothers_are_coming_home_01_02_03_04_TS.wav,20.0,25.0,320000,400000,92254,
zero_length_segment,S_ARVL-HM_my_brothers_are_coming_home_01_02_03_04_TS.xml,sentence-level-word,S_ARVL-HM_my_brothers_are_coming_home_01_02_03_04_TS.wav,33.0,36.0,528000,576000,92254,
zero_length_segment,S_ARVL-HM_my_brothers_are_coming_home_01_02_03_04_TS.xml,sentence-level-word,S_ARVL-HM_my_brothers_are_coming_home_01_02_03_04_TS.wav,28.0,33.0,448000,528000,92254,
zero_length_segment,S_ARVL-HM_my_brothers_are_coming_home_01_02_03_04_TS.xml,sentence-level-word,S_ARVL-HM_my_brothers_are_coming_home_01_02_03_04_TS.wav,36.0,60.0,576000,960000,92254,
zero_length_segment,S_ARVL-HM_my_brothers_are_coming_home_01_02_03_04_TS.xml,sentence-level-word,S_ARVL-HM_my_brothers_are_coming_home_01_02_03_04_TS.wav,25.0,28.0,400000,448000,92254,
zero_length_segment,S_ARVL-HM_my_brothers_are_coming_home_01_02_03_04_TS.xml,sentence-level-word,S_ARVL-HM_my_brothers_are_coming_home_01_02_03_04_TS.wav,46.0,51.0,736000,816000,92254,
zero_length_segment,S_ARVL-HM_my_brothers_are_coming_home_01_02_03_04_TS.xml,sentence-level-word,S_ARVL-HM_my_brothers_are_coming_home_01_02_03_04_TS.wav,43.0,46.0,688000,736000,92254,
zero_length_segment,S_ARVL-HM_my_brothers_are_coming_home_01_02_03_04_TS.xml,sentence-level-word,S_ARVL-HM_my_brothers_are_coming_home_01_02_03_04_TS.wav,38.0,43.0,608000,688000,92254,
zero_length_segment,S_ARVL-HM_my_brothers_are_coming_home_01_02_03_04_TS.xml,sentence-level-word,S_ARVL-HM_my_brothers_are_coming_home_01_02_03_04_TS.wav,51.0,53.0,816000,848000,92254,
zero_length_segment,S_ARVL-HM_my_brothers_are_coming_home_01_02_03_04_TS.xml,sentence-level-word,S_ARVL-HM_my_brothers_are_coming_home_01_02_03_04_TS.wav,53.0,61.0,848000,976000,92254,
zero_length_segment,S_ARVL_approaching_fast_3s_inf_01_02_03_TS.xml,sentence-level-word,S_ARVL_approaching_fast_3s_inf_01_02_03_TS.wav,11.0,51.0,176000,816000,132384,
zero_length_segment,S_ARVL_approaching_fast_3s_inf_01_02_03_TS.xml,sentence-level-word,S_ARVL_approaching_fast_3s_inf_01_02_03_TS.wav,26.0,52.0,416000,832000,132384,
zero_length_segment,S_ARVL_approaching_fast_3s_inf_01_02_03_TS.xml,sentence-level-word,S_ARVL_approaching_fast_3s_inf_01_02_03_TS.wav,16.0,19.0,256000,304000,132384,
zero_length_segment,S_ARVL_approaching_fast_3s_inf_01_02_03_TS.xml,sentence-level-word,S_ARVL_approaching_fast_3s_inf_01_02_03_TS.wav,19.0,26.0,304000,416000,132384,
zero_length_segment,S_ARVL_approaching_fast_3s_inf_01_02_03_TS.xml,sentence-level-word,S_ARVL_approaching_fast_3s_inf_01_02_03_TS.wav,42.0,53.0,672000,848000,132384,
zero_length_segment,S_ARVL_approaching_fast_3s_inf_01_02_03_TS.xml,sentence-level-word,S_ARVL_approaching_fast_3s_inf_01_02_03_TS.wav,32.0,35.0,512000,560000,132384,
zero_length_segment,S_ARVL_approaching_fast_3s_inf_01_02_03_TS.xml,sentence-level-word,S_ARVL_approaching_fast_3s_inf_01_02_03_TS.wav,35.0,42.0,560000,672000,132384,
zero_length_segment,S_ARVL_approaching_very_slowly_01_02_03_TS.xml,sentence-level-word,S_ARVL_approaching_very_slowly_01_02_03_TS.wav,12.0,20.0,192000,320000,114400,
zero_length_segment,S_ATRB_be_siblings_Pablo_Maria_1st_sg_02_spkrTS.xml,sentence-level-word,S_ATRB_be_siblings_Pablo_Maria_1st_sg_02_spkrTS.wav,24.0,36.0,384000,576000,56492,
zero_length_segment,S_ATRB_be_siblings_Pablo_Maria_1st_sg_02_spkrTS.xml,sentence-level-word,S_ATRB_be_siblings_Pablo_Maria_1st_sg_02_spkrTS.wav,21.0,24.0,336000,384000,56492,
zero_length_segment,S_ATRB_be_siblings_Pablo_Maria_1st_sg_02_spkrTS.xml,sentence-level-word,S_ATRB_be_siblings_Pablo_Maria_1st_sg_02_spkrTS.wav,13.0,21.0,208000,336000,56492,
zero_length_segment,S_ATRB_be_siblings_Pablo_Maria_1st_sg_02_spkrTS.xml,sentence-level-word,S_ATRB_be_siblings_Pablo_Maria_1st_sg_02_spkrTS.wav,4.0,10.0,64000,160000,56492,
zero_length_segment,S_ATRB_be_siblings_Pablo_Maria_1st_sg_02_spkrTS.xml,sentence-level-word,S_ATRB_be_siblings_Pablo_Maria_1st_sg_02_spkrTS.wav,10.0,13.0,160000,208000,56492,
zero_length_segment,S_ATRB_mother_1st_pl_excl_name_Herminia_01_spkrTS.xml,sentence-level-word,S_ATRB_mother_1st_pl_excl_name_Herminia_01_spkrTS.wav,18.0,30.0,288000,480000,41140,
zero_length_segment,S_ATRB_mother_1st_pl_excl_name_Herminia_01_spkrTS.xml,sentence-level-word,S_ATRB_mother_1st_pl_excl_name_Herminia_01_spkrTS.wav,10.0,18.0,160000,288000,41140,
zero_length_segment,S_ATRB_mother_1st_pl_excl_name_Herminia_01_spkrTS.xml,sentence-level-word,S_ATRB_mother_1st_pl_excl_name_Herminia_01_spkrTS.wav,7.0,10.0,112000,160000,41140,
zero_length_segment,S_ATRB_that_man_be_PRS_bad_01_spkrTS.xml,sentence-level-word,S_ATRB_that_man_be_PRS_bad_01_spkrTS.wav,7.0,10.0,112000,160000,19878,
zero_length_segment,S_ATRB_that_man_be_PRS_bad_01_spkrTS.xml,sentence-level-word,S_ATRB_that_man_be_PRS_bad_01_spkrTS.wav,10.0,17.0,160000,272000,19878,
zero_length_segment,S_ATRB_that_man_be_PRS_bad_01_spkrTS.xml,sentence-level-word,S_ATRB_that_man_be_PRS_bad_01_spkrTS.wav,4.0,7.0,64000,112000,19878,
zero_length_segment,S_ATTRB_1s_teacher_also_01_02_03_TS.xml,sentence-level-word,S_ATTRB_1s_teacher_also_01_02_03_TS.wav,14.0,21.0,224000,336000,113033,
zero_length_segment,S_ATTRB_Pablo_and_Maria_are_teachers_01_TS.xml,sentence-level-word,S_ATTRB_Pablo_and_Maria_are_teachers_01_TS.wav,20.0,29.0,320000,464000,59199,
zero_length_segment,S_ATTRB_Pablo_and_Maria_are_teachers_01_TS.xml,sentence-level-word,S_ATTRB_Pablo_and_Maria_are_teachers_01_TS.wav,7.0,10.0,112000,160000,59199,
zero_length_segment,S_ATTRB_Pablo_and_Maria_are_teachers_01_TS.xml,sentence-level-word,S_ATTRB_Pablo_and_Maria_are_teachers_01_TS.wav,29.0,34.0,464000,544000,59199,
zero_length_segment,S_ATTRB_Pablo_and_Maria_are_teachers_01_TS.xml,sentence-level-word,S_ATTRB_Pablo_and_Maria_are_teachers_01_TS.wav,10.0,17.0,160000,272000,59199,
zero_length_segment,S_ATTRB_Pablo_and_Maria_are_teachers_01_TS.xml,sentence-level-word,S_ATTRB_Pablo_and_Maria_are_teachers_01_TS.wav,17.0,20.0,272000,320000,59199,
zero_length_segment,S_ATTRB_grampas_hat_is_nice_01_02_TS.xml,sentence-level-word,S_ATTRB_grampas_hat_is_nice_01_02_TS.wav,12.0,43.0,192000,688000,88950,
zero_length_segment,S_ATTRB_grampas_hat_is_nice_01_02_TS.xml,sentence-level-word,S_ATTRB_grampas_hat_is_nice_01_02_TS.wav,8.0,12.0,128000,192000,88950,
zero_length_segment,S_ATTRB_grampas_hat_is_nice_01_02_TS.xml,sentence-level-word,S_ATTRB_grampas_hat_is_nice_01_02_TS.wav,23.0,26.0,368000,416000,88950,
zero_length_segment,S_ATTRB_grampas_hat_is_nice_01_02_TS.xml,sentence-level-word,S_ATTRB_grampas_hat_is_nice_01_02_TS.wav,26.0,30.0,416000,480000,88950,
zero_length_segment,S_ATTRB_grampas_hat_is_nice_01_02_TS.xml,sentence-level-word,S_ATTRB_grampas_hat_is_nice_01_02_TS.wav,30.0,44.0,480000,704000,88950,
zero_length_segment,S_ATTRB_grampas_hat_is_nice_01_02_TS.xml,sentence-level-word,S_ATTRB_grampas_hat_is_nice_01_02_TS.wav,20.0,23.0,320000,368000,88950,
zero_length_segment,S_ATTRB_now_she-grandmother_is_old_01_02_TS.xml,sentence-level-word,S_ATTRB_now_she-grandmother_is_old_01_02_TS.wav,6.0,9.0,96000,144000,41916,
zero_length_segment,S_ATTRB_now_she-grandmother_is_old_01_02_TS.xml,sentence-level-word,S_ATTRB_now_she-grandmother_is_old_01_02_TS.wav,9.0,24.0,144000,384000,41916,
zero_length_segment,S_ATTRB_now_she-grandmother_is_old_01_02_TS.xml,sentence-level-word,S_ATTRB_now_she-grandmother_is_old_01_02_TS.wav,11.0,16.0,176000,256000,41916,
zero_length_segment,S_ATTRB_now_she-grandmother_is_old_01_02_TS.xml,sentence-level-word,S_ATTRB_now_she-grandmother_is_old_01_02_TS.wav,16.0,19.0,256000,304000,41916,
zero_length_segment,S_ATTRB_now_she-grandmother_is_old_01_02_TS.xml,sentence-level-word,S_ATTRB_now_she-grandmother_is_old_01_02_TS.wav,19.0,25.0,304000,400000,41916,
zero_length_segment,S_ATTRB_pants_1s_are_blue_01_02_TS.xml,sentence-level-word,S_ATTRB_pants_1s_are_blue_01_02_TS.wav,9.0,11.0,144000,176000,77220,
zero_length_segment,S_ATTRB_pants_1s_are_blue_01_02_TS.xml,sentence-level-word,S_ATTRB_pants_1s_are_blue_01_02_TS.wav,11.0,14.0,176000,224000,77220,
zero_length_segment,S_ATTRB_pants_1s_are_blue_01_02_TS.xml,sentence-level-word,S_ATTRB_pants_1s_are_blue_01_02_TS.wav,7.0,9.0,112000,144000,77220,
zero_length_segment,S_ATTRB_pants_1s_are_blue_01_02_TS.xml,sentence-level-word,S_ATTRB_pants_1s_are_blue_01_02_TS.wav,14.0,18.0,224000,288000,77220,
zero_length_segment,S_ATTRB_pants_1s_are_blue_01_02_TS.xml,sentence-level-word,S_ATTRB_pants_1s_are_blue_01_02_TS.wav,18.0,46.0,288000,736000,77220,
zero_length_segment,S_ATTRB_pants_1s_are_blue_01_02_TS.xml,sentence-level-word,S_ATTRB_pants_1s_are_blue_01_02_TS.wav,21.0,26.0,336000,416000,77220,
zero_length_segment,S_ATTRB_pants_1s_are_blue_01_02_TS.xml,sentence-level-word,S_ATTRB_pants_1s_are_blue_01_02_TS.wav,26.0,30.0,416000,480000,77220,
zero_length_segment,S_ATTRB_pants_1s_are_blue_01_02_TS.xml,sentence-level-word,S_ATTRB_pants_1s_are_blue_01_02_TS.wav,33.0,36.0,528000,576000,77220,
zero_length_segment,S_ATTRB_pants_1s_are_blue_01_02_TS.xml,sentence-level-word,S_ATTRB_pants_1s_are_blue_01_02_TS.wav,30.0,33.0,480000,528000,77220,
zero_length_segment,S_ATTRB_pants_1s_are_blue_01_02_TS.xml,sentence-level-word,S_ATTRB_pants_1s_are_blue_01_02_TS.wav,36.0,40.0,576000,640000,77220,
zero_length_segment,S_ATTRB_pants_1s_are_blue_01_02_TS.xml,sentence-level-word,S_ATTRB_pants_1s_are_blue_01_02_TS.wav,40.0,47.0,640000,752000,77220,
zero_length_segment,S_ATTRB_shirt_2nd_sg_inf_be_PRS_black_01_spkrTS.xml,sentence-level-word,S_ATTRB_shirt_2nd_sg_inf_be_PRS_black_01_spkrTS.wav,21.0,26.0,336000,416000,33223,
zero_length_segment,S_ATTRB_shirt_2nd_sg_inf_be_PRS_black_01_spkrTS.xml,sentence-level-word,S_ATTRB_shirt_2nd_sg_inf_be_PRS_black_01_spkrTS.wav,11.0,14.0,176000,224000,33223,
zero_length_segment,S_ATTRB_shirt_2nd_sg_inf_be_PRS_black_01_spkrTS.xml,sentence-level-word,S_ATTRB_shirt_2nd_sg_inf_be_PRS_black_01_spkrTS.wav,4.0,11.0,64000,176000,33223,
zero_length_segment,S_ATTRB_shirt_2nd_sg_inf_be_PRS_black_01_spkrTS.xml,sentence-level-word,S_ATTRB_shirt_2nd_sg_inf_be_PRS_black_01_spkrTS.wav,14.0,21.0,224000,336000,33223,
zero_length_segment,S_ATTRB_sibling_pl_1st_sg_be_PRS_older_than_1st_sg_02_spkrTS.xml,sentence-level-word,S_ATTRB_sibling_pl_1st_sg_be_PRS_older_than_1st_sg_02_spkrTS.wav,12.0,19.0,192000,304000,43961,
zero_length_segment,S_ATTRB_sibling_pl_1st_sg_be_PRS_older_than_1st_sg_02_spkrTS.xml,sentence-level-word,S_ATTRB_sibling_pl_1st_sg_be_PRS_older_than_1st_sg_02_spkrTS.wav,22.0,28.0,352000,448000,43961,
zero_length_segment,S_ATTRB_sibling_pl_1st_sg_be_PRS_older_than_1st_sg_02_spkrTS.xml,sentence-level-word,S_ATTRB_sibling_pl_1st_sg_be_PRS_older_than_1st_sg_02_spkrTS.wav,9.0,12.0,144000,192000,43961,
zero_length_segment,S_ATTRB_sibling_pl_1st_sg_be_PRS_older_than_1st_sg_02_spkrTS.xml,sentence-level-word,S_ATTRB_sibling_pl_1st_sg_be_PRS_older_than_1st_sg_02_spkrTS.wav,6.0,9.0,96000,144000,43961,
zero_length_segment,S_ATTRB_sibling_pl_1st_sg_be_PRS_older_than_1st_sg_02_spkrTS.xml,sentence-level-word,S_ATTRB_sibling_pl_1st_sg_be_PRS_older_than_1st_sg_02_spkrTS.wav,19.0,22.0,304000,352000,43961,
zero_length_segment,S_ATTRB_siblings_1s_are_teachers_01_02_TS.xml,sentence-level-word,S_ATTRB_siblings_1s_are_teachers_01_02_TS.wav,16.0,52.0,256000,832000,105678,
zero_length_segment,S_ATTRB_siblings_1s_are_teachers_01_02_TS.xml,sentence-level-word,S_ATTRB_siblings_1s_are_teachers_01_02_TS.wav,13.0,16.0,208000,256000,105678,
zero_length_segment,S_ATTRB_siblings_1s_are_teachers_01_02_TS.xml,sentence-level-word,S_ATTRB_siblings_1s_are_teachers_01_02_TS.wav,10.0,13.0,160000,208000,105678,
zero_length_segment,S_ATTRB_siblings_1s_are_teachers_01_02_TS.xml,sentence-level-word,S_ATTRB_siblings_1s_are_teachers_01_02_TS.wav,23.0,26.0,368000,416000,105678,
zero_length_segment,S_ATTRB_siblings_1s_are_teachers_01_02_TS.xml,sentence-level-word,S_ATTRB_siblings_1s_are_teachers_01_02_TS.wav,38.0,53.0,608000,848000,105678,
zero_length_segment,S_ATTRB_siblings_1s_are_teachers_01_02_TS.xml,sentence-level-word,S_ATTRB_siblings_1s_are_teachers_01_02_TS.wav,26.0,32.0,416000,512000,105678,
zero_length_segment,S_ATTRB_siblings_1s_are_teachers_01_02_TS.xml,sentence-level-word,S_ATTRB_siblings_1s_are_teachers_01_02_TS.wav,35.0,38.0,560000,608000,105678,
zero_length_segment,S_ATTRB_siblings_1s_are_teachers_01_02_TS.xml,sentence-level-word,S_ATTRB_siblings_1s_are_teachers_01_02_TS.wav,32.0,35.0,512000,560000,105678,
zero_length_segment,S_ATTRB_siblings_1s_are_teachers_now_01_02_TS.xml,sentence-level-word,S_ATTRB_siblings_1s_are_teachers_now_01_02_TS.wav,22.0,25.0,352000,400000,106908,
zero_length_segment,S_ATTRB_siblings_1s_are_teachers_now_01_02_TS.xml,sentence-level-word,S_ATTRB_siblings_1s_are_teachers_now_01_02_TS.wav,13.0,22.0,208000,352000,106908,
zero_length_segment,S_ATTRB_siblings_1s_are_teachers_now_01_02_TS.xml,sentence-level-word,S_ATTRB_siblings_1s_are_teachers_now_01_02_TS.wav,27.0,70.0,432000,1120000,106908,
zero_length_segment,S_ATTRB_siblings_1s_are_teachers_now_01_02_TS.xml,sentence-level-word,S_ATTRB_siblings_1s_are_teachers_now_01_02_TS.wav,10.0,13.0,160000,208000,106908,
zero_length_segment,S_ATTRB_siblings_1s_are_teachers_now_01_02_TS.xml,sentence-level-word,S_ATTRB_siblings_1s_are_teachers_now_01_02_TS.wav,25.0,27.0,400000,432000,106908,
zero_length_segment,S_ATTRB_siblings_1s_are_teachers_now_01_02_TS.xml,sentence-level-word,S_ATTRB_siblings_1s_are_teachers_now_01_02_TS.wav,45.0,52.0,720000,832000,106908,
zero_length_segment,S_ATTRB_siblings_1s_are_teachers_now_01_02_TS.xml,sentence-level-word,S_ATTRB_siblings_1s_are_teachers_now_01_02_TS.wav,33.0,36.0,528000,576000,106908,
zero_length_segment,S_ATTRB_siblings_1s_are_teachers_now_01_02_TS.xml,sentence-level-word,S_ATTRB_siblings_1s_are_teachers_now_01_02_TS.wav,42.0,45.0,672000,720000,106908,
zero_length_segment,S_ATTRB_siblings_1s_are_teachers_now_01_02_TS.xml,sentence-level-word,S_ATTRB_siblings_1s_are_teachers_now_01_02_TS.wav,57.0,71.0,912000,1136000,106908,
zero_length_segment,S_ATTRB_siblings_1s_are_teachers_now_01_02_TS.xml,sentence-level-word,S_ATTRB_siblings_1s_are_teachers_now_01_02_TS.wav,54.0,57.0,864000,912000,106908,
zero_length_segment,S_ATTRB_siblings_1s_are_teachers_now_01_02_TS.xml,sentence-level-word,S_ATTRB_siblings_1s_are_teachers_now_01_02_TS.wav,36.0,42.0,576000,672000,106908,
zero_length_segment,S_ATTRB_siblings_1s_are_teachers_now_01_02_TS.xml,sentence-level-word,S_ATTRB_siblings_1s_are_teachers_now_01_02_TS.wav,52.0,54.0,832000,864000,106908,
zero_length_segment,S_CLS1_they_got_maried_and_CLS2_have_3rd_pl_kids_01_spkrTS.xml,sentence-level-word,S_CLS1_they_got_maried_and_CLS2_have_3rd_pl_kids_01_spkrTS.wav,22.0,30.0,352000,480000,40579,
zero_length_segment,S_CLS1_they_got_maried_and_CLS2_have_3rd_pl_kids_01_spkrTS.xml,sentence-level-word,S_CLS1_they_got_maried_and_CLS2_have_3rd_pl_kids_01_spkrTS.wav,16.0,19.0,256000,304000,40579,
zero_length_segment,S_CLS1_they_got_maried_and_CLS2_have_3rd_pl_kids_01_spkrTS.xml,sentence-level-word,S_CLS1_they_got_maried_and_CLS2_have_3rd_pl_kids_01_spkrTS.wav,13.0,16.0,208000,256000,40579,
zero_length_segment,S_CLS1_they_got_maried_and_CLS2_have_3rd_pl_kids_01_spkrTS.xml,sentence-level-word,S_CLS1_they_got_maried_and_CLS2_have_3rd_pl_kids_01_spkrTS.wav,6.0,13.0,96000,208000,40579,
zero_length_segment,S_CLS1_they_got_maried_and_CLS2_have_3rd_pl_kids_01_spkrTS.xml,sentence-level-word,S_CLS1_they_got_maried_and_CLS2_have_3rd_pl_kids_01_spkrTS.wav,19.0,22.0,304000,352000,40579,
zero_length_segment,S_CMND_come_home_with_me_01_02_03_spkrTS.xml,sentence-level-word,S_CMND_come_home_with_me_01_02_03_spkrTS.wav,12.0,30.0,192000,480000,56290,
zero_length_segment,S_CMND_come_home_with_me_01_02_03_spkrTS.xml,sentence-level-word,S_CMND_come_home_with_me_01_02_03_spkrTS.wav,9.0,12.0,144000,192000,56290,
zero_length_segment,S_CMND_come_home_with_me_01_02_03_spkrTS.xml,sentence-level-word,S_CMND_come_home_with_me_01_02_03_spkrTS.wav,18.0,21.0,288000,336000,56290,
zero_length_segment,S_CMND_come_home_with_me_01_02_03_spkrTS.xml,sentence-level-word,S_CMND_come_home_with_me_01_02_03_spkrTS.wav,21.0,31.0,336000,496000,56290,
zero_length_segment,S_CMND_come_to_work_with_me_01_02_03_spkrTS.xml,sentence-level-word,S_CMND_come_to_work_with_me_01_02_03_spkrTS.wav,10.0,46.0,160000,736000,78806,
zero_length_segment,S_CMND_come_to_work_with_me_01_02_03_spkrTS.xml,sentence-level-word,S_CMND_come_to_work_with_me_01_02_03_spkrTS.wav,22.0,47.0,352000,752000,78806,
zero_length_segment,S_CMND_come_to_work_with_me_01_02_03_spkrTS.xml,sentence-level-word,S_CMND_come_to_work_with_me_01_02_03_spkrTS.wav,16.0,22.0,256000,352000,78806,
zero_length_segment,S_CMND_come_to_work_with_me_01_02_03_spkrTS.xml,sentence-level-word,S_CMND_come_to_work_with_me_01_02_03_spkrTS.wav,34.0,48.0,544000,768000,78806,
zero_length_segment,S_CMND_come_to_work_with_me_01_02_03_spkrTS.xml,sentence-level-word,S_CMND_come_to_work_with_me_01_02_03_spkrTS.wav,28.0,34.0,448000,544000,78806,
zero_length_segment,S_CMND_eat_this_tortilla_then_go_01_02_spkrTS.xml,sentence-level-word,S_CMND_eat_this_tortilla_then_go_01_02_spkrTS.wav,12.0,18.0,192000,288000,73809,
zero_length_segment,S_CMND_eat_this_tortilla_then_go_01_02_spkrTS.xml,sentence-level-word,S_CMND_eat_this_tortilla_then_go_01_02_spkrTS.wav,9.0,12.0,144000,192000,73809,
zero_length_segment,S_CMND_eat_this_tortilla_then_go_01_02_spkrTS.xml,sentence-level-word,S_CMND_eat_this_tortilla_then_go_01_02_spkrTS.wav,18.0,54.0,288000,864000,73809,
zero_length_segment,S_CMND_eat_this_tortilla_then_go_01_02_spkrTS.xml,sentence-level-word,S_CMND_eat_this_tortilla_then_go_01_02_spkrTS.wav,6.0,9.0,96000,144000,73809,
zero_length_segment,S_CMND_eat_this_tortilla_then_go_01_02_spkrTS.xml,sentence-level-word,S_CMND_eat_this_tortilla_then_go_01_02_spkrTS.wav,23.0,28.0,368000,448000,73809,
zero_length_segment,S_CMND_eat_this_tortilla_then_go_01_02_spkrTS.xml,sentence-level-word,S_CMND_eat_this_tortilla_then_go_01_02_spkrTS.wav,37.0,43.0,592000,688000,73809,
zero_length_segment,S_CMND_eat_this_tortilla_then_go_01_02_spkrTS.xml,sentence-level-word,S_CMND_eat_this_tortilla_then_go_01_02_spkrTS.wav,43.0,55.0,688000,880000,73809,
zero_length_segment,S_CMND_eat_this_tortilla_then_go_01_02_spkrTS.xml,sentence-level-word,S_CMND_eat_this_tortilla_then_go_01_02_spkrTS.wav,31.0,37.0,496000,592000,73809,
zero_length_segment,S_CMND_eat_this_tortilla_then_go_01_02_spkrTS.xml,sentence-level-word,S_CMND_eat_this_tortilla_then_go_01_02_spkrTS.wav,28.0,31.0,448000,496000,73809,
zero_length_segment,S_CMND_go_home_with_Pedro_01_02_03_spkrTS.xml,sentence-level-word,S_CMND_go_home_with_Pedro_01_02_03_spkrTS.wav,11.0,61.0,176000,976000,82425,
zero_length_segment,S_CMND_go_home_with_Pedro_01_02_03_spkrTS.xml,sentence-level-word,S_CMND_go_home_with_Pedro_01_02_03_spkrTS.wav,9.0,11.0,144000,176000,82425,
zero_length_segment,S_CMND_go_home_with_Pedro_01_02_03_spkrTS.xml,sentence-level-word,S_CMND_go_home_with_Pedro_01_02_03_spkrTS.wav,18.0,27.0,288000,432000,82425,
zero_length_segment,S_CMND_go_home_with_Pedro_01_02_03_spkrTS.xml,sentence-level-word,S_CMND_go_home_with_Pedro_01_02_03_spkrTS.wav,30.0,62.0,480000,992000,82425,
zero_length_segment,S_CMND_go_home_with_Pedro_01_02_03_spkrTS.xml,sentence-level-word,S_CMND_go_home_with_Pedro_01_02_03_spkrTS.wav,27.0,30.0,432000,480000,82425,
zero_length_segment,S_CMND_go_home_with_Pedro_01_02_03_spkrTS.xml,sentence-level-word,S_CMND_go_home_with_Pedro_01_02_03_spkrTS.wav,46.0,49.0,736000,784000,82425,
zero_length_segment,S_CMND_go_home_with_Pedro_01_02_03_spkrTS.xml,sentence-level-word,S_CMND_go_home_with_Pedro_01_02_03_spkrTS.wav,37.0,46.0,592000,736000,82425,
zero_length_segment,S_CMND_go_home_with_Pedro_01_02_03_spkrTS.xml,sentence-level-word,S_CMND_go_home_with_Pedro_01_02_03_spkrTS.wav,49.0,63.0,784000,1008000,82425,
zero_length_segment,S_CMND_go_to_work_with_Pedro_01_02_03_spkrTS.xml,sentence-level-word,S_CMND_go_to_work_with_Pedro_01_02_03_spkrTS.wav,13.0,67.0,208000,1072000,86848,
zero_length_segment,S_CMND_go_to_work_with_Pedro_01_02_03_spkrTS.xml,sentence-level-word,S_CMND_go_to_work_with_Pedro_01_02_03_spkrTS.wav,10.0,13.0,160000,208000,86848,
zero_length_segment,S_CMND_go_to_work_with_Pedro_01_02_03_spkrTS.xml,sentence-level-word,S_CMND_go_to_work_with_Pedro_01_02_03_spkrTS.wav,36.0,68.0,576000,1088000,86848,
zero_length_segment,S_CMND_go_to_work_with_Pedro_01_02_03_spkrTS.xml,sentence-level-word,S_CMND_go_to_work_with_Pedro_01_02_03_spkrTS.wav,33.0,36.0,528000,576000,86848,
zero_length_segment,S_CMND_go_to_work_with_Pedro_01_02_03_spkrTS.xml,sentence-level-word,S_CMND_go_to_work_with_Pedro_01_02_03_spkrTS.wav,20.0,27.0,320000,432000,86848,
zero_length_segment,S_CMND_go_to_work_with_Pedro_01_02_03_spkrTS.xml,sentence-level-word,S_CMND_go_to_work_with_Pedro_01_02_03_spkrTS.wav,27.0,33.0,432000,528000,86848,
zero_length_segment,S_CMND_go_to_work_with_Pedro_01_02_03_spkrTS.xml,sentence-level-word,S_CMND_go_to_work_with_Pedro_01_02_03_spkrTS.wav,44.0,48.0,704000,768000,86848,
zero_length_segment,S_CMND_go_to_work_with_Pedro_01_02_03_spkrTS.xml,sentence-level-word,S_CMND_go_to_work_with_Pedro_01_02_03_spkrTS.wav,48.0,54.0,768000,864000,86848,
zero_length_segment,S_CMND_go_to_work_with_Pedro_01_02_03_spkrTS.xml,sentence-level-word,S_CMND_go_to_work_with_Pedro_01_02_03_spkrTS.wav,54.0,57.0,864000,912000,86848,
zero_length_segment,S_CMND_go_to_work_with_Pedro_01_02_03_spkrTS.xml,sentence-level-word,S_CMND_go_to_work_with_Pedro_01_02_03_spkrTS.wav,57.0,69.0,912000,1104000,86848,
zero_length_segment,S_CMND_look_at_Maria_01_02_03_TS.xml,sentence-level-word,S_CMND_look_at_Maria_01_02_03_TS.wav,14.0,54.0,224000,864000,134496,
zero_length_segment,S_CMND_look_at_Maria_01_02_03_TS.xml,sentence-level-word,S_CMND_look_at_Maria_01_02_03_TS.wav,23.0,30.0,368000,480000,134496,
zero_length_segment,S_CMND_look_at_Maria_01_02_03_TS.xml,sentence-level-word,S_CMND_look_at_Maria_01_02_03_TS.wav,30.0,55.0,480000,880000,134496,
zero_length_segment,S_CMND_look_at_Maria_01_02_03_TS.xml,sentence-level-word,S_CMND_look_at_Maria_01_02_03_TS.wav,17.0,19.0,272000,304000,134496,
zero_length_segment,S_CMND_look_at_Maria_01_02_03_TS.xml,sentence-level-word,S_CMND_look_at_Maria_01_02_03_TS.wav,19.0,23.0,304000,368000,134496,
zero_length_segment,S_CMND_look_at_Maria_01_02_03_TS.xml,sentence-level-word,S_CMND_look_at_Maria_01_02_03_TS.wav,39.0,48.0,624000,768000,134496,
zero_length_segment,S_CMND_look_at_Maria_01_02_03_TS.xml,sentence-level-word,S_CMND_look_at_Maria_01_02_03_TS.wav,33.0,35.0,528000,560000,134496,
zero_length_segment,S_CMND_look_at_Maria_01_02_03_TS.xml,sentence-level-word,S_CMND_look_at_Maria_01_02_03_TS.wav,48.0,56.0,768000,896000,134496,
zero_length_segment,S_CMND_look_at_Maria_01_02_03_TS.xml,sentence-level-word,S_CMND_look_at_Maria_01_02_03_TS.wav,35.0,39.0,560000,624000,134496,
zero_length_segment,S_CMND_look_at_Maria_she_works_very_hard_01_02_03_TS.xml,sentence-level-word,S_CMND_look_at_Maria_she_works_very_hard_01_02_03_TS.wav,15.0,18.0,240000,288000,155605,
zero_length_segment,S_CMND_look_at_Maria_she_works_very_hard_01_02_03_TS.xml,sentence-level-word,S_CMND_look_at_Maria_she_works_very_hard_01_02_03_TS.wav,34.0,115.0,544000,1840000,155605,
zero_length_segment,S_CMND_look_at_Maria_she_works_very_hard_01_02_03_TS.xml,sentence-level-word,S_CMND_look_at_Maria_she_works_very_hard_01_02_03_TS.wav,21.0,27.0,336000,432000,155605,
zero_length_segment,S_CMND_look_at_Maria_she_works_very_hard_01_02_03_TS.xml,sentence-level-word,S_CMND_look_at_Maria_she_works_very_hard_01_02_03_TS.wav,27.0,34.0,432000,544000,155605,
zero_length_segment,S_CMND_look_at_Maria_she_works_very_hard_01_02_03_TS.xml,sentence-level-word,S_CMND_look_at_Maria_she_works_very_hard_01_02_03_TS.wav,18.0,21.0,288000,336000,155605,
zero_length_segment,S_CMND_look_at_Maria_she_works_very_hard_01_02_03_TS.xml,sentence-level-word,S_CMND_look_at_Maria_she_works_very_hard_01_02_03_TS.wav,69.0,116.0,1104000,1856000,155605,
zero_length_segment,S_CMND_look_at_Maria_she_works_very_hard_01_02_03_TS.xml,sentence-level-word,S_CMND_look_at_Maria_she_works_very_hard_01_02_03_TS.wav,43.0,47.0,688000,752000,155605,
zero_length_segment,S_CMND_look_at_Maria_she_works_very_hard_01_02_03_TS.xml,sentence-level-word,S_CMND_look_at_Maria_she_works_very_hard_01_02_03_TS.wav,62.0,69.0,992000,1104000,155605,
zero_length_segment,S_CMND_look_at_Maria_she_works_very_hard_01_02_03_TS.xml,sentence-level-word,S_CMND_look_at_Maria_she_works_very_hard_01_02_03_TS.wav,47.0,53.0,752000,848000,155605,
zero_length_segment,S_CMND_look_at_Maria_she_works_very_hard_01_02_03_TS.xml,sentence-level-word,S_CMND_look_at_Maria_she_works_very_hard_01_02_03_TS.wav,53.0,56.0,848000,896000,155605,
zero_length_segment,S_CMND_look_at_Maria_she_works_very_hard_01_02_03_TS.xml,sentence-level-word,S_CMND_look_at_Maria_she_works_very_hard_01_02_03_TS.wav,56.0,59.0,896000,944000,155605,
zero_length_segment,S_CMND_look_at_Maria_she_works_very_hard_01_02_03_TS.xml,sentence-level-word,S_CMND_look_at_Maria_she_works_very_hard_01_02_03_TS.wav,40.0,43.0,640000,688000,155605,
zero_length_segment,S_CMND_look_at_Maria_she_works_very_hard_01_02_03_TS.xml,sentence-level-word,S_CMND_look_at_Maria_she_works_very_hard_01_02_03_TS.wav,59.0,62.0,944000,992000,155605,
zero_length_segment,S_CMND_look_at_Maria_she_works_very_hard_01_02_03_TS.xml,sentence-level-word,S_CMND_look_at_Maria_she_works_very_hard_01_02_03_TS.wav,81.0,87.0,1296000,1392000,155605,
zero_length_segment,S_CMND_look_at_Maria_she_works_very_hard_01_02_03_TS.xml,sentence-level-word,S_CMND_look_at_Maria_she_works_very_hard_01_02_03_TS.wav,103.0,117.0,1648000,1872000,155605,
zero_length_segment,S_CMND_look_at_Maria_she_works_very_hard_01_02_03_TS.xml,sentence-level-word,S_CMND_look_at_Maria_she_works_very_hard_01_02_03_TS.wav,87.0,90.0,1392000,1440000,155605,
zero_length_segment,S_CMND_look_at_Maria_she_works_very_hard_01_02_03_TS.xml,sentence-level-word,S_CMND_look_at_Maria_she_works_very_hard_01_02_03_TS.wav,90.0,93.0,1440000,1488000,155605,
zero_length_segment,S_CMND_look_at_Maria_she_works_very_hard_01_02_03_TS.xml,sentence-level-word,S_CMND_look_at_Maria_she_works_very_hard_01_02_03_TS.wav,96.0,103.0,1536000,1648000,155605,
zero_length_segment,S_CMND_look_at_Maria_she_works_very_hard_01_02_03_TS.xml,sentence-level-word,S_CMND_look_at_Maria_she_works_very_hard_01_02_03_TS.wav,74.0,77.0,1184000,1232000,155605,
zero_length_segment,S_CMND_look_at_Maria_she_works_very_hard_01_02_03_TS.xml,sentence-level-word,S_CMND_look_at_Maria_she_works_very_hard_01_02_03_TS.wav,93.0,96.0,1488000,1536000,155605,
zero_length_segment,S_CMND_look_at_Maria_she_works_very_hard_01_02_03_TS.xml,sentence-level-word,S_CMND_look_at_Maria_she_works_very_hard_01_02_03_TS.wav,77.0,81.0,1232000,1296000,155605,
zero_length_segment,S_CMND_look_at_Marias_face-look_at_Maria_01_02_03_TS.xml,sentence-level-word,S_CMND_look_at_Marias_face-look_at_Maria_01_02_03_TS.wav,10.0,54.0,160000,864000,94827,
zero_length_segment,S_CMND_look_at_Marias_face-look_at_Maria_01_02_03_TS.xml,sentence-level-word,S_CMND_look_at_Marias_face-look_at_Maria_01_02_03_TS.wav,8.0,10.0,128000,160000,94827,
zero_length_segment,S_CMND_look_at_Marias_face-look_at_Maria_01_02_03_TS.xml,sentence-level-word,S_CMND_look_at_Marias_face-look_at_Maria_01_02_03_TS.wav,23.0,26.0,368000,416000,94827,
zero_length_segment,S_CMND_look_at_Marias_face-look_at_Maria_01_02_03_TS.xml,sentence-level-word,S_CMND_look_at_Marias_face-look_at_Maria_01_02_03_TS.wav,26.0,55.0,416000,880000,94827,
zero_length_segment,S_CMND_look_at_Marias_face-look_at_Maria_01_02_03_TS.xml,sentence-level-word,S_CMND_look_at_Marias_face-look_at_Maria_01_02_03_TS.wav,16.0,19.0,256000,304000,94827,
zero_length_segment,S_CMND_look_at_Marias_face-look_at_Maria_01_02_03_TS.xml,sentence-level-word,S_CMND_look_at_Marias_face-look_at_Maria_01_02_03_TS.wav,19.0,23.0,304000,368000,94827,
zero_length_segment,S_CMND_look_at_Marias_face-look_at_Maria_01_02_03_TS.xml,sentence-level-word,S_CMND_look_at_Marias_face-look_at_Maria_01_02_03_TS.wav,36.0,42.0,576000,672000,94827,
zero_length_segment,S_CMND_look_at_Marias_face-look_at_Maria_01_02_03_TS.xml,sentence-level-word,S_CMND_look_at_Marias_face-look_at_Maria_01_02_03_TS.wav,42.0,45.0,672000,720000,94827,
zero_length_segment,S_CMND_look_at_Marias_face-look_at_Maria_01_02_03_TS.xml,sentence-level-word,S_CMND_look_at_Marias_face-look_at_Maria_01_02_03_TS.wav,45.0,56.0,720000,896000,94827,
zero_length_segment,S_CMND_look_at_Marias_face-look_at_Maria_01_02_03_TS.xml,sentence-level-word,S_CMND_look_at_Marias_face-look_at_Maria_01_02_03_TS.wav,32.0,36.0,512000,576000,94827,
zero_length_segment,S_CMND_look_into_my_eyes_01_02_03_TS.xml,sentence-level-word,S_CMND_look_into_my_eyes_01_02_03_TS.wav,23.0,53.0,368000,848000,120043,
zero_length_segment,S_CMND_look_into_my_eyes_01_02_03_TS.xml,sentence-level-word,S_CMND_look_into_my_eyes_01_02_03_TS.wav,16.0,19.0,256000,304000,120043,
zero_length_segment,S_CMND_look_into_my_eyes_01_02_03_TS.xml,sentence-level-word,S_CMND_look_into_my_eyes_01_02_03_TS.wav,19.0,23.0,304000,368000,120043,
zero_length_segment,S_CMND_look_into_my_eyes_01_02_03_TS.xml,sentence-level-word,S_CMND_look_into_my_eyes_01_02_03_TS.wav,38.0,54.0,608000,864000,120043,
zero_length_segment,S_CMND_look_into_my_eyes_01_02_03_TS.xml,sentence-level-word,S_CMND_look_into_my_eyes_01_02_03_TS.wav,34.0,38.0,544000,608000,120043,
zero_length_segment,S_CMND_look_into_my_eyes_01_02_03_TS.xml,sentence-level-word,S_CMND_look_into_my_eyes_01_02_03_TS.wav,32.0,34.0,512000,544000,120043,
zero_length_segment,S_CMND_take_DET_PROX_moon_01_spkrJS.xml,sentence-level-word,S_CMND_take_DET_PROX_moon_01_spkrJS.wav,10.0,19.0,160000,304000,35601,
zero_length_segment,S_CMND_take_DET_PROX_moon_01_spkrJS.xml,sentence-level-word,S_CMND_take_DET_PROX_moon_01_spkrJS.wav,7.0,10.0,112000,160000,35601,
zero_length_segment,S_CMND_take_the_lamb_from_the_water_because_hes_drowning_01_02_TS.xml,sentence-level-word,S_CMND_take_the_lamb_from_the_water_because_hes_drowning_01_02_TS.wav,24.0,27.0,384000,432000,102395,
zero_length_segment,S_CMND_take_the_lamb_from_the_water_because_hes_drowning_01_02_TS.xml,sentence-level-word,S_CMND_take_the_lamb_from_the_water_because_hes_drowning_01_02_TS.wav,27.0,80.0,432000,1280000,102395,
zero_length_segment,S_CMND_take_the_lamb_from_the_water_because_hes_drowning_01_02_TS.xml,sentence-level-word,S_CMND_take_the_lamb_from_the_water_because_hes_drowning_01_02_TS.wav,11.0,17.0,176000,272000,102395,
zero_length_segment,S_CMND_take_the_lamb_from_the_water_because_hes_drowning_01_02_TS.xml,sentence-level-word,S_CMND_take_the_lamb_from_the_water_because_hes_drowning_01_02_TS.wav,17.0,24.0,272000,384000,102395,
zero_length_segment,S_CMND_take_the_lamb_from_the_water_because_hes_drowning_01_02_TS.xml,sentence-level-word,S_CMND_take_the_lamb_from_the_water_because_hes_drowning_01_02_TS.wav,43.0,49.0,688000,784000,102395,
zero_length_segment,S_CMND_take_the_lamb_from_the_water_because_hes_drowning_01_02_TS.xml,sentence-level-word,S_CMND_take_the_lamb_from_the_water_because_hes_drowning_01_02_TS.wav,38.0,43.0,608000,688000,102395,
zero_length_segment,S_CMND_take_the_lamb_from_the_water_because_hes_drowning_01_02_TS.xml,sentence-level-word,S_CMND_take_the_lamb_from_the_water_because_hes_drowning_01_02_TS.wav,63.0,81.0,1008000,1296000,102395,
zero_length_segment,S_CMND_take_the_lamb_from_the_water_because_hes_drowning_01_02_TS.xml,sentence-level-word,S_CMND_take_the_lamb_from_the_water_because_hes_drowning_01_02_TS.wav,54.0,60.0,864000,960000,102395,
zero_length_segment,S_CMND_take_the_lamb_from_the_water_because_hes_drowning_01_02_TS.xml,sentence-level-word,S_CMND_take_the_lamb_from_the_water_because_hes_drowning_01_02_TS.wav,49.0,54.0,784000,864000,102395,
zero_length_segment,S_CMND_take_the_lamb_from_the_water_because_hes_drowning_01_02_TS.xml,sentence-level-word,S_CMND_take_the_lamb_from_the_water_because_hes_drowning_01_02_TS.wav,60.0,63.0,960000,1008000,102395,
zero_length_segment,S_CMND_walk_backwards_01_02_03_TS.xml,sentence-level-word,S_CMND_walk_backwards_01_02_03_TS.wav,7.0,39.0,112000,624000,55278,
zero_length_segment,S_CMND_walk_backwards_01_02_03_TS.xml,sentence-level-word,S_CMND_walk_backwards_01_02_03_TS.wav,12.0,18.0,192000,288000,55278,
zero_length_segment,S_CMND_walk_backwards_01_02_03_TS.xml,sentence-level-word,S_CMND_walk_backwards_01_02_03_TS.wav,18.0,40.0,288000,640000,55278,
zero_length_segment,S_CMND_walk_backwards_01_02_03_TS.xml,sentence-level-word,S_CMND_walk_backwards_01_02_03_TS.wav,24.0,30.0,384000,480000,55278,
zero_length_segment,S_CMND_walk_backwards_01_02_03_TS.xml,sentence-level-word,S_CMND_walk_backwards_01_02_03_TS.wav,30.0,41.0,480000,656000,55278,
zero_length_segment,S_DEC_rain_COMPL_last_night_03_spkrTS.xml,sentence-level-word,S_DEC_rain_COMPL_last_night_03_spkrTS.wav,12.0,23.0,192000,368000,37454,
zero_length_segment,S_DEC_rain_COMPL_last_night_03_spkrTS.xml,sentence-level-word,S_DEC_rain_COMPL_last_night_03_spkrTS.wav,3.0,6.0,48000,96000,37454,
zero_length_segment,S_DEC_rain_COMPL_last_night_03_spkrTS.xml,sentence-level-word,S_DEC_rain_COMPL_last_night_03_spkrTS.wav,6.0,12.0,96000,192000,37454,
zero_length_segment,S_DEC_rain_FUT_tomorrow_03_spkrTS.xml,sentence-level-word,S_DEC_rain_FUT_tomorrow_03_spkrTS.wav,13.0,17.0,208000,272000,36044,
zero_length_segment,S_DEC_rain_FUT_tomorrow_03_spkrTS.xml,sentence-level-word,S_DEC_rain_FUT_tomorrow_03_spkrTS.wav,7.0,13.0,112000,208000,36044,
zero_length_segment,S_EQTV_be_teachers_1st_pl_incl_sister_1st_sg_brother_1st_sg_1st_01_sg_spkrTS.xml,sentence-level-word,S_EQTV_be_teachers_1st_pl_incl_sister_1st_sg_brother_1st_sg_1st_01_sg_spkrTS.wav,12.0,16.0,192000,256000,82890,
zero_length_segment,S_EQTV_be_teachers_1st_pl_incl_sister_1st_sg_brother_1st_sg_1st_01_sg_spkrTS.xml,sentence-level-word,S_EQTV_be_teachers_1st_pl_incl_sister_1st_sg_brother_1st_sg_1st_01_sg_spkrTS.wav,34.0,36.0,544000,576000,82890,
zero_length_segment,S_EQTV_be_teachers_1st_pl_incl_sister_1st_sg_brother_1st_sg_1st_01_sg_spkrTS.xml,sentence-level-word,S_EQTV_be_teachers_1st_pl_incl_sister_1st_sg_brother_1st_sg_1st_01_sg_spkrTS.wav,45.0,48.0,720000,768000,82890,
zero_length_segment,S_EQTV_be_teachers_1st_pl_incl_sister_1st_sg_brother_1st_sg_1st_01_sg_spkrTS.xml,sentence-level-word,S_EQTV_be_teachers_1st_pl_incl_sister_1st_sg_brother_1st_sg_1st_01_sg_spkrTS.wav,16.0,18.0,256000,288000,82890,
zero_length_segment,S_EQTV_be_teachers_1st_pl_incl_sister_1st_sg_brother_1st_sg_1st_01_sg_spkrTS.xml,sentence-level-word,S_EQTV_be_teachers_1st_pl_incl_sister_1st_sg_brother_1st_sg_1st_01_sg_spkrTS.wav,31.0,34.0,496000,544000,82890,
zero_length_segment,S_EQTV_be_teachers_1st_pl_incl_sister_1st_sg_brother_1st_sg_1st_01_sg_spkrTS.xml,sentence-level-word,S_EQTV_be_teachers_1st_pl_incl_sister_1st_sg_brother_1st_sg_1st_01_sg_spkrTS.wav,48.0,57.0,768000,912000,82890,
zero_length_segment,S_EQTV_be_teachers_1st_pl_incl_sister_1st_sg_brother_1st_sg_1st_01_sg_spkrTS.xml,sentence-level-word,S_EQTV_be_teachers_1st_pl_incl_sister_1st_sg_brother_1st_sg_1st_01_sg_spkrTS.wav,28.0,31.0,448000,496000,82890,
zero_length_segment,S_EQTV_be_teachers_1st_pl_incl_sister_1st_sg_brother_1st_sg_1st_01_sg_spkrTS.xml,sentence-level-word,S_EQTV_be_teachers_1st_pl_incl_sister_1st_sg_brother_1st_sg_1st_01_sg_spkrTS.wav,36.0,45.0,576000,720000,82890,
zero_length_segment,S_EQTV_be_teachers_1st_pl_incl_sister_1st_sg_brother_1st_sg_1st_01_sg_spkrTS.xml,sentence-level-word,S_EQTV_be_teachers_1st_pl_incl_sister_1st_sg_brother_1st_sg_1st_01_sg_spkrTS.wav,18.0,25.0,288000,400000,82890,
zero_length_segment,S_EQTV_be_teachers_1st_pl_incl_sister_1st_sg_brother_1st_sg_1st_01_sg_spkrTS.xml,sentence-level-word,S_EQTV_be_teachers_1st_pl_incl_sister_1st_sg_brother_1st_sg_1st_01_sg_spkrTS.wav,10.0,12.0,160000,192000,82890,
zero_length_segment,S_EQTV_be_teachers_1st_pl_incl_sister_1st_sg_brother_1st_sg_1st_01_sg_spkrTS.xml,sentence-level-word,S_EQTV_be_teachers_1st_pl_incl_sister_1st_sg_brother_1st_sg_1st_01_sg_spkrTS.wav,25.0,28.0,400000,448000,82890,
zero_length_segment,S_I_am_happy_01_02_TS.xml,sentence-level-word,S_I_am_happy_01_02_TS.wav,8.0,31.0,128000,496000,51216,
zero_length_segment,S_I_am_happy_01_02_TS.xml,sentence-level-word,S_I_am_happy_01_02_TS.wav,15.0,17.0,240000,272000,51216,
zero_length_segment,S_I_am_happy_01_02_TS.xml,sentence-level-word,S_I_am_happy_01_02_TS.wav,17.0,32.0,272000,512000,51216,
zero_length_segment,S_I_am_not_eating_breakfast_right_now_Im_reading_a_book_01_spkrTS.xml,sentence-level-word,S_I_am_not_eating_breakfast_right_now_Im_reading_a_book_01_spkrTS.wav,16.0,26.0,256000,416000,57256,
zero_length_segment,S_I_am_not_eating_breakfast_right_now_Im_reading_a_book_01_spkrTS.xml,sentence-level-word,S_I_am_not_eating_breakfast_right_now_Im_reading_a_book_01_spkrTS.wav,26.0,28.0,416000,448000,57256,
zero_length_segment,S_I_am_not_eating_breakfast_right_now_Im_reading_a_book_01_spkrTS.xml,sentence-level-word,S_I_am_not_eating_breakfast_right_now_Im_reading_a_book_01_spkrTS.wav,13.0,16.0,208000,256000,57256,
zero_length_segment,S_I_am_not_eating_breakfast_right_now_Im_reading_a_book_01_spkrTS.xml,sentence-level-word,S_I_am_not_eating_breakfast_right_now_Im_reading_a_book_01_spkrTS.wav,5.0,13.0,80000,208000,57256,
zero_length_segment,S_I_am_not_eating_breakfast_right_now_Im_reading_a_book_01_spkrTS.xml,sentence-level-word,S_I_am_not_eating_breakfast_right_now_Im_reading_a_book_01_spkrTS.wav,28.0,35.0,448000,560000,57256,
zero_length_segment,S_I_am_not_eating_breakfast_right_now_Im_reading_a_book_01_spkrTS.xml,sentence-level-word,S_I_am_not_eating_breakfast_right_now_Im_reading_a_book_01_spkrTS.wav,35.0,43.0,560000,688000,57256,
zero_length_segment,S_I_ate_bread_and_cheese_for_breakfast_this_morning_01_spkrTS.xml,sentence-level-word,S_I_ate_bread_and_cheese_for_breakfast_this_morning_01_spkrTS.wav,23.0,33.0,368000,528000,47761,
zero_length_segment,S_I_ate_bread_and_cheese_for_breakfast_this_morning_01_spkrTS.xml,sentence-level-word,S_I_ate_bread_and_cheese_for_breakfast_this_morning_01_spkrTS.wav,16.0,18.0,256000,288000,47761,
zero_length_segment,S_I_ate_bread_and_cheese_for_breakfast_this_morning_01_spkrTS.xml,sentence-level-word,S_I_ate_bread_and_cheese_for_breakfast_this_morning_01_spkrTS.wav,13.0,16.0,208000,256000,47761,
zero_length_segment,S_I_ate_bread_and_cheese_for_breakfast_this_morning_01_spkrTS.xml,sentence-level-word,S_I_ate_bread_and_cheese_for_breakfast_this_morning_01_spkrTS.wav,18.0,23.0,288000,368000,47761,
zero_length_segment,S_I_ate_bread_and_cheese_for_breakfast_this_morning_01_spkrTS.xml,sentence-level-word,S_I_ate_bread_and_cheese_for_breakfast_this_morning_01_spkrTS.wav,10.0,13.0,160000,208000,47761,
zero_length_segment,S_I_eat_food_every_morning_01_02_03_TS.xml,sentence-level-word,S_I_eat_food_every_morning_01_02_03_TS.wav,10.0,17.0,160000,272000,88497,
zero_length_segment,S_I_eat_food_every_morning_01_02_03_TS.xml,sentence-level-word,S_I_eat_food_every_morning_01_02_03_TS.wav,17.0,73.0,272000,1168000,88497,
zero_length_segment,S_I_eat_food_every_morning_01_02_03_TS.xml,sentence-level-word,S_I_eat_food_every_morning_01_02_03_TS.wav,26.0,32.0,416000,512000,88497,
zero_length_segment,S_I_eat_food_every_morning_01_02_03_TS.xml,sentence-level-word,S_I_eat_food_every_morning_01_02_03_TS.wav,39.0,74.0,624000,1184000,88497,
zero_length_segment,S_I_eat_food_every_morning_01_02_03_TS.xml,sentence-level-word,S_I_eat_food_every_morning_01_02_03_TS.wav,32.0,39.0,512000,624000,88497,
zero_length_segment,S_I_eat_food_every_morning_01_02_03_TS.xml,sentence-level-word,S_I_eat_food_every_morning_01_02_03_TS.wav,44.0,53.0,704000,848000,88497,
zero_length_segment,S_I_eat_food_every_morning_01_02_03_TS.xml,sentence-level-word,S_I_eat_food_every_morning_01_02_03_TS.wav,60.0,75.0,960000,1200000,88497,
zero_length_segment,S_I_eat_food_every_morning_01_02_03_TS.xml,sentence-level-word,S_I_eat_food_every_morning_01_02_03_TS.wav,53.0,60.0,848000,960000,88497,
zero_length_segment,S_I_left_before_my_sister-my_sister_left_after_I_left_01_02_TS.xml,sentence-level-word,S_I_left_before_my_sister-my_sister_left_after_I_left_01_02_TS.wav,12.0,18.0,192000,288000,96235,
zero_length_segment,S_I_left_before_my_sister-my_sister_left_after_I_left_01_02_TS.xml,sentence-level-word,S_I_left_before_my_sister-my_sister_left_after_I_left_01_02_TS.wav,24.0,30.0,384000,480000,96235,
zero_length_segment,S_I_left_before_my_sister-my_sister_left_after_I_left_01_02_TS.xml,sentence-level-word,S_I_left_before_my_sister-my_sister_left_after_I_left_01_02_TS.wav,30.0,40.0,480000,640000,96235,
zero_length_segment,S_I_left_before_my_sister-my_sister_left_after_I_left_01_02_TS.xml,sentence-level-word,S_I_left_before_my_sister-my_sister_left_after_I_left_01_02_TS.wav,9.0,12.0,144000,192000,96235,
zero_length_segment,S_I_left_before_my_sister-my_sister_left_after_I_left_01_02_TS.xml,sentence-level-word,S_I_left_before_my_sister-my_sister_left_after_I_left_01_02_TS.wav,18.0,24.0,288000,384000,96235,
zero_length_segment,S_I_stepped_on_a_scorpion_01_02_TS.xml,sentence-level-word,S_I_stepped_on_a_scorpion_01_02_TS.wav,4.0,7.0,64000,112000,58643,
zero_length_segment,S_I_stepped_on_a_scorpion_01_02_TS.xml,sentence-level-word,S_I_stepped_on_a_scorpion_01_02_TS.wav,17.0,22.0,272000,352000,58643,
zero_length_segment,S_I_stepped_on_a_scorpion_01_02_TS.xml,sentence-level-word,S_I_stepped_on_a_scorpion_01_02_TS.wav,7.0,17.0,112000,272000,58643,
zero_length_segment,S_I_want_to_wear_his_shoes_01_02_TS.xml,sentence-level-word,S_I_want_to_wear_his_shoes_01_02_TS.wav,12.0,19.0,192000,304000,85870,
zero_length_segment,S_I_want_to_wear_his_shoes_01_02_TS.xml,sentence-level-word,S_I_want_to_wear_his_shoes_01_02_TS.wav,26.0,31.0,416000,496000,85870,
zero_length_segment,S_I_want_to_wear_his_shoes_01_02_TS.xml,sentence-level-word,S_I_want_to_wear_his_shoes_01_02_TS.wav,7.0,10.0,112000,160000,85870,
zero_length_segment,S_I_want_to_wear_his_shoes_01_02_TS.xml,sentence-level-word,S_I_want_to_wear_his_shoes_01_02_TS.wav,10.0,12.0,160000,192000,85870,
zero_length_segment,S_I_want_to_wear_his_shoes_01_02_TS.xml,sentence-level-word,S_I_want_to_wear_his_shoes_01_02_TS.wav,19.0,26.0,304000,416000,85870,
zero_length_segment,S_I_was_going_to_school_yesterday_when_I_fell_down_01_spkrTS.xml,sentence-level-word,S_I_was_going_to_school_yesterday_when_I_fell_down_01_spkrTS.wav,12.0,19.0,192000,304000,61589,
zero_length_segment,S_I_was_going_to_school_yesterday_when_I_fell_down_01_spkrTS.xml,sentence-level-word,S_I_was_going_to_school_yesterday_when_I_fell_down_01_spkrTS.wav,31.0,41.0,496000,656000,61589,
zero_length_segment,S_I_was_going_to_school_yesterday_when_I_fell_down_01_spkrTS.xml,sentence-level-word,S_I_was_going_to_school_yesterday_when_I_fell_down_01_spkrTS.wav,4.0,10.0,64000,160000,61589,
zero_length_segment,S_I_was_going_to_school_yesterday_when_I_fell_down_01_spkrTS.xml,sentence-level-word,S_I_was_going_to_school_yesterday_when_I_fell_down_01_spkrTS.wav,28.0,31.0,448000,496000,61589,
zero_length_segment,S_I_was_going_to_school_yesterday_when_I_fell_down_01_spkrTS.xml,sentence-level-word,S_I_was_going_to_school_yesterday_when_I_fell_down_01_spkrTS.wav,10.0,12.0,160000,192000,61589,
zero_length_segment,S_I_was_going_to_school_yesterday_when_I_fell_down_01_spkrTS.xml,sentence-level-word,S_I_was_going_to_school_yesterday_when_I_fell_down_01_spkrTS.wav,19.0,28.0,304000,448000,61589,
zero_length_segment,S_I_will_give_money_01_JS.xml,sentence-level-word,S_I_will_give_money_01_JS.wav,3.0,10.0,48000,160000,23039,
zero_length_segment,S_I_will_give_money_01_JS.xml,sentence-level-word,S_I_will_give_money_01_JS.wav,10.0,17.0,160000,272000,23039,
zero_length_segment,S_I_will_give_money_to_Jack_01_JS.xml,sentence-level-word,S_I_will_give_money_to_Jack_01_JS.wav,13.0,16.0,208000,256000,40858,
zero_length_segment,S_I_will_give_money_to_Jack_01_JS.xml,sentence-level-word,S_I_will_give_money_to_Jack_01_JS.wav,10.0,13.0,160000,208000,40858,
zero_length_segment,S_I_will_give_money_to_Jack_01_JS.xml,sentence-level-word,S_I_will_give_money_to_Jack_01_JS.wav,16.0,22.0,256000,352000,40858,
no_audio,S_I_will_not_give_money_01_JS.xml,sentence-level-word,S_I_will_not_give_money_01_JS.wav,3,9,,,,
no_audio,S_I_will_not_give_money_01_JS.xml,sentence-level-word,S_I_will_not_give_money_01_JS.wav,1,3,,,,
no_audio,S_I_will_not_give_money_01_JS.xml,sentence-level-word,S_I_will_not_give_money_01_JS.wav,9,14,,,,
no_audio,S_I_will_not_give_money_01_JS.xml,sentence-level-full,S_I_will_not_give_money_01_JS.wav,0,1.69,,,,
zero_length_segment,S_I_will_not_give_money_02_JS.xml,sentence-level-word,S_I_will_not_give_money_02_JS.wav,3.0,9.0,48000,144000,16734,
zero_length_segment,S_I_will_not_give_money_02_JS.xml,sentence-level-word,S_I_will_not_give_money_02_JS.wav,9.0,13.0,144000,208000,16734,
zero_length_segment,S_I_will_not_give_money_to_Jack_02_JS.xml,sentence-level-word,S_I_will_not_give_money_to_Jack_02_JS.wav,12.0,15.0,192000,240000,34671,
zero_length_segment,S_I_will_not_give_money_to_Jack_02_JS.xml,sentence-level-word,S_I_will_not_give_money_to_Jack_02_JS.wav,3.0,9.0,48000,144000,34671,
zero_length_segment,S_I_will_not_give_money_to_Jack_02_JS.xml,sentence-level-word,S_I_will_not_give_money_to_Jack_02_JS.wav,15.0,20.0,240000,320000,34671,
empty_target,S_I_will_not_give_money_to_Jack_02_JS.xml,sentence-level-word,S_I_will_not_give_money_to_Jack_02_JS.wav,1,3,,,,
zero_length_segment,S_I_will_not_give_money_to_Jack_02_JS.xml,sentence-level-word,S_I_will_not_give_money_to_Jack_02_JS.wav,9.0,12.0,144000,192000,34671,
zero_length_segment,S_LOC_I_am_in_the_wilderness_01_02_TS.xml,sentence-level-word,S_LOC_I_am_in_the_wilderness_01_02_TS.wav,12.0,32.0,192000,512000,54511,
zero_length_segment,S_LOC_I_am_in_the_wilderness_01_02_TS.xml,sentence-level-word,S_LOC_I_am_in_the_wilderness_01_02_TS.wav,8.0,12.0,128000,192000,54511,
zero_length_segment,S_LOC_I_am_in_the_wilderness_01_02_TS.xml,sentence-level-word,S_LOC_I_am_in_the_wilderness_01_02_TS.wav,18.0,23.0,288000,368000,54511,
zero_length_segment,S_LOC_I_am_in_the_wilderness_01_02_TS.xml,sentence-level-word,S_LOC_I_am_in_the_wilderness_01_02_TS.wav,15.0,18.0,240000,288000,54511,
zero_length_segment,S_LOC_I_am_in_the_wilderness_01_02_TS.xml,sentence-level-word,S_LOC_I_am_in_the_wilderness_01_02_TS.wav,23.0,27.0,368000,432000,54511,
zero_length_segment,S_LOC_I_am_in_the_wilderness_01_02_TS.xml,sentence-level-word,S_LOC_I_am_in_the_wilderness_01_02_TS.wav,27.0,33.0,432000,528000,54511,
zero_length_segment,S_LOC_friend_1s_inside_01_02_03_TS.xml,sentence-level-word,S_LOC_friend_1s_inside_01_02_03_TS.wav,12.0,16.0,192000,256000,85346,
zero_length_segment,S_LOC_friend_1s_inside_01_02_03_TS.xml,sentence-level-word,S_LOC_friend_1s_inside_01_02_03_TS.wav,22.0,25.0,352000,400000,85346,
zero_length_segment,S_LOC_friend_1s_inside_01_02_03_TS.xml,sentence-level-word,S_LOC_friend_1s_inside_01_02_03_TS.wav,16.0,22.0,256000,352000,85346,
zero_length_segment,S_LOC_friend_1s_inside_01_02_03_TS.xml,sentence-level-word,S_LOC_friend_1s_inside_01_02_03_TS.wav,6.0,12.0,96000,192000,85346,
zero_length_segment,S_LOC_friend_1s_inside_01_02_03_TS.xml,sentence-level-word,S_LOC_friend_1s_inside_01_02_03_TS.wav,25.0,30.0,400000,480000,85346,
zero_length_segment,S_LOC_the_clouds_are_high-up_01_02_03_TS.xml,sentence-level-word,S_LOC_the_clouds_are_high-up_01_02_03_TS.wav,7.0,14.0,112000,224000,110702,
zero_length_segment,S_LOC_the_clouds_are_high-up_01_02_03_TS.xml,sentence-level-word,S_LOC_the_clouds_are_high-up_01_02_03_TS.wav,16.0,25.0,256000,400000,110702,
zero_length_segment,S_LOC_the_clouds_are_high-up_01_02_03_TS.xml,sentence-level-word,S_LOC_the_clouds_are_high-up_01_02_03_TS.wav,14.0,16.0,224000,256000,110702,
zero_length_segment,S_MTN-HM_1_pl_exl_are_going_home_01_02_03_TS.xml,sentence-level-word,S_MTN-HM_1_pl_exl_are_going_home_01_02_03_TS.wav,11.0,14.0,176000,224000,68578,
zero_length_segment,S_MTN-HM_1_pl_exl_are_going_home_01_02_03_TS.xml,sentence-level-word,S_MTN-HM_1_pl_exl_are_going_home_01_02_03_TS.wav,14.0,22.0,224000,352000,68578,
zero_length_segment,S_MTN-HM_3sg_inf_arrive_at_home_here_01_02_03_TS.xml,sentence-level-word,S_MTN-HM_3sg_inf_arrive_at_home_here_01_02_03_TS.wav,10.0,16.0,160000,256000,90401,
zero_length_segment,S_MTN_3rd_sg_inf_is_going_to_work_01_02_TS.xml,sentence-level-word,S_MTN_3rd_sg_inf_is_going_to_work_01_02_TS.wav,4.0,9.0,64000,144000,48775,
zero_length_segment,S_MTN_3rd_sg_inf_is_going_to_work_01_02_TS.xml,sentence-level-word,S_MTN_3rd_sg_inf_is_going_to_work_01_02_TS.wav,9.0,15.0,144000,240000,48775,
zero_length_segment,S_MTN_3s_inf_was_in_Yucanani_then_went_to_Mixtepec_01_02_03_TS.xml,sentence-level-word,S_MTN_3s_inf_was_in_Yucanani_then_went_to_Mixtepec_01_02_03_TS.wav,23.0,29.0,368000,464000,175862,
zero_length_segment,S_MTN_3s_inf_was_in_Yucanani_then_went_to_Mixtepec_01_02_03_TS.xml,sentence-level-word,S_MTN_3s_inf_was_in_Yucanani_then_went_to_Mixtepec_01_02_03_TS.wav,20.0,23.0,320000,368000,175862,
zero_length_segment,S_MTN_3s_inf_was_in_Yucanani_then_went_to_Mixtepec_01_02_03_TS.xml,sentence-level-word,S_MTN_3s_inf_was_in_Yucanani_then_went_to_Mixtepec_01_02_03_TS.wav,14.0,20.0,224000,320000,175862,
zero_length_segment,S_MTN_3s_inf_was_in_Yucanani_then_went_to_Mixtepec_01_02_03_TS.xml,sentence-level-word,S_MTN_3s_inf_was_in_Yucanani_then_went_to_Mixtepec_01_02_03_TS.wav,11.0,14.0,176000,224000,175862,
zero_length_segment,S_MTN_3s_inf_was_in_Yucanani_then_went_to_Mixtepec_01_02_03_TS.xml,sentence-level-word,S_MTN_3s_inf_was_in_Yucanani_then_went_to_Mixtepec_01_02_03_TS.wav,29.0,45.0,464000,720000,175862,
zero_length_segment,S_MTN_I_am_walking_through_the_forest_01_02_03_TS.xml,sentence-level-word,S_MTN_I_am_walking_through_the_forest_01_02_03_TS.wav,23.0,28.0,368000,448000,89290,
zero_length_segment,S_MTN_I_am_walking_through_the_forest_01_02_03_TS.xml,sentence-level-word,S_MTN_I_am_walking_through_the_forest_01_02_03_TS.wav,16.0,23.0,256000,368000,89290,
zero_length_segment,S_MTN_I_am_walking_through_the_forest_01_02_03_TS.xml,sentence-level-word,S_MTN_I_am_walking_through_the_forest_01_02_03_TS.wav,13.0,16.0,208000,256000,89290,
zero_length_segment,S_MTN_I_am_walking_through_the_forest_01_02_03_TS.xml,sentence-level-word,S_MTN_I_am_walking_through_the_forest_01_02_03_TS.wav,7.0,13.0,112000,208000,89290,
zero_length_segment,S_MTN_I_passed_over_the_bridge_01_02_03_TS.xml,sentence-level-word,S_MTN_I_passed_over_the_bridge_01_02_03_TS.wav,13.0,15.0,208000,240000,108760,
zero_length_segment,S_MTN_I_passed_over_the_bridge_01_02_03_TS.xml,sentence-level-word,S_MTN_I_passed_over_the_bridge_01_02_03_TS.wav,15.0,22.0,240000,352000,108760,
zero_length_segment,S_MTN_I_passed_over_the_bridge_01_02_03_TS.xml,sentence-level-word,S_MTN_I_passed_over_the_bridge_01_02_03_TS.wav,22.0,73.0,352000,1168000,108760,
zero_length_segment,S_MTN_dog_walk_towards_children_01_02_TS.xml,sentence-level-word,S_MTN_dog_walk_towards_children_01_02_TS.wav,12.0,15.0,192000,240000,92497,
zero_length_segment,S_MTN_dog_walk_towards_children_01_02_TS.xml,sentence-level-word,S_MTN_dog_walk_towards_children_01_02_TS.wav,15.0,22.0,240000,352000,92497,
zero_length_segment,S_MTN_dog_walk_towards_children_01_02_TS.xml,sentence-level-word,S_MTN_dog_walk_towards_children_01_02_TS.wav,22.0,28.0,352000,448000,92497,
zero_length_segment,S_MTN_dog_walk_towards_children_01_02_TS.xml,sentence-level-word,S_MTN_dog_walk_towards_children_01_02_TS.wav,7.0,12.0,112000,192000,92497,
zero_length_segment,S_MTN_dog_walk_towards_children_01_02_TS.xml,sentence-level-word,S_MTN_dog_walk_towards_children_01_02_TS.wav,28.0,32.0,448000,512000,92497,
zero_length_segment,S_MTN_dog_walk_towards_children_01_02_TS.xml,sentence-level-word,S_MTN_dog_walk_towards_children_01_02_TS.wav,32.0,75.0,512000,1200000,92497,
zero_length_segment,S_MTN_dog_walk_towards_children_01_02_TS.xml,sentence-level-word,S_MTN_dog_walk_towards_children_01_02_TS.wav,38.0,44.0,608000,704000,92497,
zero_length_segment,S_MTN_dog_walk_towards_children_01_02_TS.xml,sentence-level-word,S_MTN_dog_walk_towards_children_01_02_TS.wav,50.0,53.0,800000,848000,92497,
zero_length_segment,S_MTN_dog_walk_towards_children_01_02_TS.xml,sentence-level-word,S_MTN_dog_walk_towards_children_01_02_TS.wav,44.0,50.0,704000,800000,92497,
zero_length_segment,S_MTN_dog_walk_towards_children_01_02_TS.xml,sentence-level-word,S_MTN_dog_walk_towards_children_01_02_TS.wav,63.0,67.0,1008000,1072000,92497,
zero_length_segment,S_MTN_dog_walk_towards_children_01_02_TS.xml,sentence-level-word,S_MTN_dog_walk_towards_children_01_02_TS.wav,53.0,59.0,848000,944000,92497,
zero_length_segment,S_MTN_dog_walk_towards_children_01_02_TS.xml,sentence-level-word,S_MTN_dog_walk_towards_children_01_02_TS.wav,59.0,63.0,944000,1008000,92497,
zero_length_segment,S_MTN_dog_walk_towards_children_01_02_TS.xml,sentence-level-word,S_MTN_dog_walk_towards_children_01_02_TS.wav,67.0,78.0,1072000,1248000,92497,
zero_length_segment,S_MTN_dogs_walk_PROG_away-from_eachother_01_02_03_TS.xml,sentence-level-word,S_MTN_dogs_walk_PROG_away-from_eachother_01_02_03_TS.wav,20.0,25.0,320000,400000,91775,
zero_length_segment,S_MTN_dogs_walk_PROG_away-from_eachother_01_02_03_TS.xml,sentence-level-word,S_MTN_dogs_walk_PROG_away-from_eachother_01_02_03_TS.wav,14.0,20.0,224000,320000,91775,
zero_length_segment,S_MTN_dogs_walk_PROG_away-from_eachother_01_02_03_TS.xml,sentence-level-word,S_MTN_dogs_walk_PROG_away-from_eachother_01_02_03_TS.wav,10.0,14.0,160000,224000,91775,
zero_length_segment,S_MTN_the_elders_are_coming_01_02_03_TS.xml,sentence-level-word,S_MTN_the_elders_are_coming_01_02_03_TS.wav,18.0,21.0,288000,336000,81499,
zero_length_segment,S_MTN_the_elders_are_coming_01_02_03_TS.xml,sentence-level-word,S_MTN_the_elders_are_coming_01_02_03_TS.wav,10.0,18.0,160000,288000,81499,
zero_length_segment,S_MTN_the_elders_are_coming_01_02_03_TS.xml,sentence-level-word,S_MTN_the_elders_are_coming_01_02_03_TS.wav,7.0,10.0,112000,160000,81499,
zero_length_segment,S_MTN_the_elders_are_returning_01_02_03_TS.xml,sentence-level-word,S_MTN_the_elders_are_returning_01_02_03_TS.wav,13.0,23.0,208000,368000,87010,
zero_length_segment,S_MTN_the_elders_are_returning_01_02_03_TS.xml,sentence-level-word,S_MTN_the_elders_are_returning_01_02_03_TS.wav,23.0,26.0,368000,416000,87010,
zero_length_segment,S_MTN_the_elders_are_returning_01_02_03_TS.xml,sentence-level-word,S_MTN_the_elders_are_returning_01_02_03_TS.wav,10.0,13.0,160000,208000,87010,
zero_length_segment,S_MTN_the_elders_come_here_03_04_TS.xml,sentence-level-word,S_MTN_the_elders_come_here_03_04_TS.wav,24.0,32.0,384000,512000,74147,
zero_length_segment,S_MTN_the_elders_come_here_03_04_TS.xml,sentence-level-word,S_MTN_the_elders_come_here_03_04_TS.wav,21.0,24.0,336000,384000,74147,
zero_length_segment,S_MTN_the_elders_come_here_03_04_TS.xml,sentence-level-word,S_MTN_the_elders_come_here_03_04_TS.wav,7.0,10.0,112000,160000,74147,
zero_length_segment,S_MTN_the_elders_come_here_03_04_TS.xml,sentence-level-word,S_MTN_the_elders_come_here_03_04_TS.wav,10.0,21.0,160000,336000,74147,
zero_length_segment,S_MTN_the_goat_jumped_over_the_armadillo_01_02_03_TS.xml,sentence-level-word,S_MTN_the_goat_jumped_over_the_armadillo_01_02_03_TS.wav,20.0,25.0,320000,400000,151328,
zero_length_segment,S_MTN_the_goat_jumped_over_the_armadillo_01_02_03_TS.xml,sentence-level-word,S_MTN_the_goat_jumped_over_the_armadillo_01_02_03_TS.wav,10.0,17.0,160000,272000,151328,
zero_length_segment,S_MTN_the_goat_jumped_over_the_armadillo_01_02_03_TS.xml,sentence-level-word,S_MTN_the_goat_jumped_over_the_armadillo_01_02_03_TS.wav,17.0,20.0,272000,320000,151328,
zero_length_segment,S_MTN_the_goat_jumped_over_the_armadillo_01_02_03_TS.xml,sentence-level-word,S_MTN_the_goat_jumped_over_the_armadillo_01_02_03_TS.wav,25.0,33.0,400000,528000,151328,
zero_length_segment,S_MTN_walk_then_go_left_then_go_right_01_02_03_TS.xml,sentence-level-word,S_MTN_walk_then_go_left_then_go_right_01_02_03_TS.wav,34.0,50.0,544000,800000,212022,
zero_length_segment,S_MTN_walk_then_go_left_then_go_right_01_02_03_TS.xml,sentence-level-word,S_MTN_walk_then_go_left_then_go_right_01_02_03_TS.wav,16.0,26.0,256000,416000,212022,
zero_length_segment,S_MTN_walk_then_go_left_then_go_right_01_02_03_TS.xml,sentence-level-word,S_MTN_walk_then_go_left_then_go_right_01_02_03_TS.wav,26.0,29.0,416000,464000,212022,
zero_length_segment,S_MTN_walk_then_go_left_then_go_right_01_02_03_TS.xml,sentence-level-word,S_MTN_walk_then_go_left_then_go_right_01_02_03_TS.wav,29.0,34.0,464000,544000,212022,
zero_length_segment,S_QNTY_few_people_ate_01_02_03_TS.xml,sentence-level-word,S_QNTY_few_people_ate_01_02_03_TS.wav,7.0,33.0,112000,528000,73807,
zero_length_segment,S_QNTY_few_people_ate_01_02_03_TS.xml,sentence-level-word,S_QNTY_few_people_ate_01_02_03_TS.wav,22.0,32.0,352000,512000,73807,
zero_length_segment,S_QNTY_few_people_ate_01_02_03_TS.xml,sentence-level-word,S_QNTY_few_people_ate_01_02_03_TS.wav,16.0,22.0,256000,352000,73807,
zero_length_segment,S_QNTY_nobody_went_3rd_sg_form_home_01_spkrTS.xml,sentence-level-word,S_QNTY_nobody_went_3rd_sg_form_home_01_spkrTS.wav,9.0,14.0,144000,224000,28777,
zero_length_segment,S_QNTY_nobody_went_3rd_sg_form_home_01_spkrTS.xml,sentence-level-word,S_QNTY_nobody_went_3rd_sg_form_home_01_spkrTS.wav,6.0,9.0,96000,144000,28777,
zero_length_segment,S_QNTY_nobody_went_3rd_sg_form_home_01_spkrTS.xml,sentence-level-word,S_QNTY_nobody_went_3rd_sg_form_home_01_spkrTS.wav,14.0,21.0,224000,336000,28777,
zero_length_segment,S_Q_I_heard_your_car_broke_down_ANS_yes_it_did_01_JS.xml,sentence-level-word,S_Q_I_heard_your_car_broke_down_ANS_yes_it_did_01_JS.wav,3.0,12.0,48000,192000,28174,
zero_length_segment,S_Q_I_heard_your_car_broke_down_ANS_yes_it_did_02_JS.xml,sentence-level-word,S_Q_I_heard_your_car_broke_down_ANS_yes_it_did_02_JS.wav,3.0,12.0,48000,192000,26270,
zero_length_segment,S_Q_WH-what_happened_to_your_car_2s_inf_02_JS.xml,sentence-level-word,S_Q_WH-what_happened_to_your_car_2s_inf_02_JS.wav,12.0,18.0,192000,288000,33666,
zero_length_segment,S_Q_WH-what_happened_to_your_car_2s_inf_02_JS.xml,sentence-level-word,S_Q_WH-what_happened_to_your_car_2s_inf_02_JS.wav,18.0,22.0,288000,352000,33666,
zero_length_segment,S_Q_WH-what_happened_to_your_car_2s_inf_02_JS.xml,sentence-level-word,S_Q_WH-what_happened_to_your_car_2s_inf_02_JS.wav,5.0,12.0,80000,192000,33666,
zero_length_segment,S_Q_WH_TEMP_what_time_want_2nd_sg_V_eat_01_02_03_TS.xml,sentence-level-word,S_Q_WH_TEMP_what_time_want_2nd_sg_V_eat_01_02_03_TS.wav,10.0,16.0,160000,256000,102243,
zero_length_segment,S_Q_WH_TEMP_what_time_want_2nd_sg_V_eat_01_02_03_TS.xml,sentence-level-word,S_Q_WH_TEMP_what_time_want_2nd_sg_V_eat_01_02_03_TS.wav,16.0,25.0,256000,400000,102243,
zero_length_segment,S_Q_WH_who_read_a_book_COMPL_01_JS.xml,sentence-level-word,S_Q_WH_who_read_a_book_COMPL_01_JS.wav,16.0,18.0,256000,288000,34500,
zero_length_segment,S_Q_WH_who_read_a_book_COMPL_01_JS.xml,sentence-level-word,S_Q_WH_who_read_a_book_COMPL_01_JS.wav,18.0,25.0,288000,400000,34500,
zero_length_segment,S_Q_WH_who_read_a_book_COMPL_01_JS.xml,sentence-level-word,S_Q_WH_who_read_a_book_COMPL_01_JS.wav,6.0,10.0,96000,160000,34500,
zero_length_segment,S_Q_WH_who_read_a_book_COMPL_01_JS.xml,sentence-level-word,S_Q_WH_who_read_a_book_COMPL_01_JS.wav,10.0,16.0,160000,256000,34500,
zero_length_segment,S_Q_Y-N_is_it_raining_01_spkrTS.xml,sentence-level-word,S_Q_Y-N_is_it_raining_01_spkrTS.wav,3.0,6.0,48000,96000,17482,
zero_length_segment,S_Q_Y-N_is_it_raining_01_spkrTS.xml,sentence-level-word,S_Q_Y-N_is_it_raining_01_spkrTS.wav,6.0,13.0,96000,208000,17482,
zero_length_segment,S_Q_Y-N_is_it_raining_02_spkrTS.xml,sentence-level-word,S_Q_Y-N_is_it_raining_02_spkrTS.wav,2.0,5.0,32000,80000,19361,
zero_length_segment,S_Q_Y-N_is_it_raining_02_spkrTS.xml,sentence-level-word,S_Q_Y-N_is_it_raining_02_spkrTS.wav,5.0,12.0,80000,192000,19361,
zero_length_segment,S_Q_Y-N_speak_2nd_sg_inf2_saa_savi_ANS_AFRM_speak_1st_sg_saa_savi_01_spkrTS.xml,sentence-level-word,S_Q_Y-N_speak_2nd_sg_inf2_saa_savi_ANS_AFRM_speak_1st_sg_saa_savi_01_spkrTS.wav,3.0,9.0,48000,144000,25653,
zero_length_segment,S_Q_Y-N_speak_2nd_sg_inf2_saa_savi_ANS_AFRM_speak_1st_sg_saa_savi_01_spkrTS.xml,sentence-level-word,S_Q_Y-N_speak_2nd_sg_inf2_saa_savi_ANS_AFRM_speak_1st_sg_saa_savi_01_spkrTS.wav,11.0,22.0,176000,352000,25653,
zero_length_segment,S_Q_Y-N_speak_2nd_sg_inf2_saa_savi_ANS_AFRM_speak_1st_sg_saa_savi_01_spkrTS.xml,sentence-level-word,S_Q_Y-N_speak_2nd_sg_inf2_saa_savi_ANS_AFRM_speak_1st_sg_saa_savi_01_spkrTS.wav,9.0,11.0,144000,176000,25653,
zero_length_segment,S_Q_do_you_inf_see_me_01_02_spkrTS.xml,sentence-level-word,S_Q_do_you_inf_see_me_01_02_spkrTS.wav,3.0,9.0,48000,144000,37946,
zero_length_segment,S_Q_do_you_inf_see_me_01_02_spkrTS.xml,sentence-level-word,S_Q_do_you_inf_see_me_01_02_spkrTS.wav,9.0,24.0,144000,384000,37946,
zero_length_segment,S_Q_do_you_inf_see_me_01_02_spkrTS.xml,sentence-level-word,S_Q_do_you_inf_see_me_01_02_spkrTS.wav,12.0,14.0,192000,224000,37946,
zero_length_segment,S_Q_do_you_inf_see_me_01_02_spkrTS.xml,sentence-level-word,S_Q_do_you_inf_see_me_01_02_spkrTS.wav,14.0,19.0,224000,304000,37946,
zero_length_segment,S_Q_do_you_inf_see_me_01_02_spkrTS.xml,sentence-level-word,S_Q_do_you_inf_see_me_01_02_spkrTS.wav,19.0,25.0,304000,400000,37946,
zero_length_segment,S_Q_do_you_inf_see_yourself_ANS_NEG_no_I_dont_see_myself_01_02_spkrTS.xml,sentence-level-word,S_Q_do_you_inf_see_yourself_ANS_NEG_no_I_dont_see_myself_01_02_spkrTS.wav,6.0,10.0,96000,160000,70408,
zero_length_segment,S_Q_do_you_inf_see_yourself_ANS_NEG_no_I_dont_see_myself_01_02_spkrTS.xml,sentence-level-word,S_Q_do_you_inf_see_yourself_ANS_NEG_no_I_dont_see_myself_01_02_spkrTS.wav,10.0,17.0,160000,272000,70408,
zero_length_segment,S_Q_do_you_inf_see_yourself_ANS_NEG_no_I_dont_see_myself_01_02_spkrTS.xml,sentence-level-word,S_Q_do_you_inf_see_yourself_ANS_NEG_no_I_dont_see_myself_01_02_spkrTS.wav,17.0,22.0,272000,352000,70408,
zero_length_segment,S_Q_do_you_inf_see_yourself_ANS_yes_I_see_myself_01_02_spkrTS.xml,sentence-level-word,S_Q_do_you_inf_see_yourself_ANS_yes_I_see_myself_01_02_spkrTS.wav,3.0,9.0,48000,144000,43943,
zero_length_segment,S_Q_do_you_inf_see_yourself_ANS_yes_I_see_myself_01_02_spkrTS.xml,sentence-level-word,S_Q_do_you_inf_see_yourself_ANS_yes_I_see_myself_01_02_spkrTS.wav,9.0,13.0,144000,208000,43943,
zero_length_segment,S_Q_do_you_speak_saa_savi_01_02_spkrTS.xml,sentence-level-word,S_Q_do_you_speak_saa_savi_01_02_spkrTS.wav,18.0,20.0,288000,320000,52866,
zero_length_segment,S_Q_do_you_speak_saa_savi_01_02_spkrTS.xml,sentence-level-word,S_Q_do_you_speak_saa_savi_01_02_spkrTS.wav,26.0,31.0,416000,496000,52866,
zero_length_segment,S_Q_do_you_speak_saa_savi_01_02_spkrTS.xml,sentence-level-word,S_Q_do_you_speak_saa_savi_01_02_spkrTS.wav,20.0,26.0,320000,416000,52866,
zero_length_segment,S_Q_do_you_speak_saa_savi_ANS_NEG2_I_dont_speak_saa_savi_01_02_spkrTS.xml,sentence-level-word,S_Q_do_you_speak_saa_savi_ANS_NEG2_I_dont_speak_saa_savi_01_02_spkrTS.wav,11.0,14.0,176000,224000,60211,
zero_length_segment,S_Q_do_you_speak_saa_savi_ANS_NEG2_I_dont_speak_saa_savi_01_02_spkrTS.xml,sentence-level-word,S_Q_do_you_speak_saa_savi_ANS_NEG2_I_dont_speak_saa_savi_01_02_spkrTS.wav,5.0,11.0,80000,176000,60211,
zero_length_segment,S_Q_do_you_speak_saa_savi_ANS_NEG2_I_dont_speak_saa_savi_01_02_spkrTS.xml,sentence-level-word,S_Q_do_you_speak_saa_savi_ANS_NEG2_I_dont_speak_saa_savi_01_02_spkrTS.wav,14.0,25.0,224000,400000,60211,
zero_length_segment,S_Q_do_you_speak_saa_savi_ANS_NEG_I_dont_speak_saa_savi_01_02_spkrTS.xml,sentence-level-word,S_Q_do_you_speak_saa_savi_ANS_NEG_I_dont_speak_saa_savi_01_02_spkrTS.wav,15.0,18.0,240000,288000,72879,
zero_length_segment,S_Q_do_you_speak_saa_savi_ANS_NEG_I_dont_speak_saa_savi_01_02_spkrTS.xml,sentence-level-word,S_Q_do_you_speak_saa_savi_ANS_NEG_I_dont_speak_saa_savi_01_02_spkrTS.wav,9.0,15.0,144000,240000,72879,
zero_length_segment,S_Q_do_you_speak_saa_savi_ANS_NEG_I_dont_speak_saa_savi_01_02_spkrTS.xml,sentence-level-word,S_Q_do_you_speak_saa_savi_ANS_NEG_I_dont_speak_saa_savi_01_02_spkrTS.wav,18.0,30.0,288000,480000,72879,
zero_length_segment,S_Q_do_you_speak_saa_savi_ANS_NEG_I_dont_speak_saa_savi_01_02_spkrTS.xml,sentence-level-word,S_Q_do_you_speak_saa_savi_ANS_NEG_I_dont_speak_saa_savi_01_02_spkrTS.wav,6.0,9.0,96000,144000,72879,
zero_length_segment,S_Q_do_you_speak_saa_savi_ANS_yes_I_speak_saa_savi_01_02_spkrTS.xml,sentence-level-word,S_Q_do_you_speak_saa_savi_ANS_yes_I_speak_saa_savi_01_02_spkrTS.wav,11.0,22.0,176000,352000,64034,
zero_length_segment,S_Q_do_you_speak_saa_savi_ANS_yes_I_speak_saa_savi_01_02_spkrTS.xml,sentence-level-word,S_Q_do_you_speak_saa_savi_ANS_yes_I_speak_saa_savi_01_02_spkrTS.wav,8.0,11.0,128000,176000,64034,
zero_length_segment,S_Q_is_it_sunny_today_02_TS.xml,sentence-level-word,S_Q_is_it_sunny_today_02_TS.wav,3.0,7.0,48000,112000,26649,
zero_length_segment,S_Q_is_it_sunny_today_02_TS.xml,sentence-level-word,S_Q_is_it_sunny_today_02_TS.wav,7.0,16.0,112000,256000,26649,
zero_length_segment,S_Q_is_it_sunny_today_02_TS.xml,sentence-level-word,S_Q_is_it_sunny_today_02_TS.wav,16.0,22.0,256000,352000,26649,
zero_length_segment,S_Q_what_did_the_boys_eat_01_spkrTS.xml,sentence-level-word,S_Q_what_did_the_boys_eat_01_spkrTS.wav,13.0,24.0,208000,384000,31744,
zero_length_segment,S_Q_what_did_the_boys_eat_01_spkrTS.xml,sentence-level-word,S_Q_what_did_the_boys_eat_01_spkrTS.wav,10.0,13.0,160000,208000,31744,
zero_length_segment,S_Q_what_did_the_boys_eat_01_spkrTS.xml,sentence-level-word,S_Q_what_did_the_boys_eat_01_spkrTS.wav,4.0,10.0,64000,160000,31744,
zero_length_segment,S_Q_what_happened_02_spkrTS.xml,sentence-level-word,S_Q_what_happened_02_spkrTS.wav,5.0,7.0,80000,112000,14561,
zero_length_segment,S_Q_what_happened_02_spkrTS.xml,sentence-level-word,S_Q_what_happened_02_spkrTS.wav,7.0,12.0,112000,192000,14561,
zero_length_segment,S_Q_what_happened_02_spkrTS.xml,sentence-level-word,S_Q_what_happened_02_spkrTS.wav,1.0,5.0,16000,80000,14561,
zero_length_segment,S_Q_where_did_Claudia_eat_02_spkrTS.xml,sentence-level-word,S_Q_where_did_Claudia_eat_02_spkrTS.wav,5.0,8.0,80000,128000,37061,
zero_length_segment,S_Q_where_did_Claudia_eat_02_spkrTS.xml,sentence-level-word,S_Q_where_did_Claudia_eat_02_spkrTS.wav,8.0,14.0,128000,224000,37061,
zero_length_segment,S_Q_where_did_Claudia_eat_02_spkrTS.xml,sentence-level-word,S_Q_where_did_Claudia_eat_02_spkrTS.wav,14.0,21.0,224000,336000,37061,
zero_length_segment,S_Q_who_killed_who_01_spkrTS.xml,sentence-level-word,S_Q_who_killed_who_01_spkrTS.wav,23.0,27.0,368000,432000,26336,
zero_length_segment,S_Q_who_killed_who_01_spkrTS.xml,sentence-level-word,S_Q_who_killed_who_01_spkrTS.wav,15.0,23.0,240000,368000,26336,
zero_length_segment,S_Q_who_killed_who_01_spkrTS.xml,sentence-level-word,S_Q_who_killed_who_01_spkrTS.wav,13.0,15.0,208000,240000,26336,
zero_length_segment,S_Q_who_killed_who_01_spkrTS.xml,sentence-level-word,S_Q_who_killed_who_01_spkrTS.wav,7.0,13.0,112000,208000,26336,
zero_length_segment,S_Q_who_killed_who_02_spkrTS.xml,sentence-level-word,S_Q_who_killed_who_02_spkrTS.wav,23.0,27.0,368000,432000,30831,
zero_length_segment,S_Q_who_killed_who_02_spkrTS.xml,sentence-level-word,S_Q_who_killed_who_02_spkrTS.wav,14.0,17.0,224000,272000,30831,
zero_length_segment,S_Q_who_killed_who_02_spkrTS.xml,sentence-level-word,S_Q_who_killed_who_02_spkrTS.wav,6.0,14.0,96000,224000,30831,
zero_length_segment,S_Q_who_killed_who_02_spkrTS.xml,sentence-level-word,S_Q_who_killed_who_02_spkrTS.wav,17.0,23.0,272000,368000,30831,
zero_length_segment,S_Q_who_read_a_book_02_spkrJS.xml,sentence-level-word,S_Q_who_read_a_book_02_spkrJS.wav,15.0,17.0,240000,272000,36637,
zero_length_segment,S_Q_who_read_a_book_02_spkrJS.xml,sentence-level-word,S_Q_who_read_a_book_02_spkrJS.wav,6.0,15.0,96000,240000,36637,
zero_length_segment,S_Q_who_read_a_book_02_spkrJS.xml,sentence-level-word,S_Q_who_read_a_book_02_spkrJS.wav,17.0,26.0,272000,416000,36637,
zero_length_segment,S_STV_there_is_nothing_01_02_03_TS.xml,sentence-level-word,S_STV_there_is_nothing_01_02_03_TS.wav,10.0,16.0,160000,256000,68028,
zero_length_segment,S_STV_there_is_nothing_01_02_03_TS.xml,sentence-level-word,S_STV_there_is_nothing_01_02_03_TS.wav,7.0,10.0,112000,160000,68028,
zero_length_segment,S_TEMP_2nd_sg_inf_arrive_early_01_02_03_spkrTS.xml,sentence-level-word,S_TEMP_2nd_sg_inf_arrive_early_01_02_03_spkrTS.wav,10.0,17.0,160000,272000,65993,
zero_length_segment,S_TEMP_2nd_sg_inf_arrive_early_01_02_03_spkrTS.xml,sentence-level-word,S_TEMP_2nd_sg_inf_arrive_early_01_02_03_spkrTS.wav,7.0,10.0,112000,160000,65993,
zero_length_segment,S_TEMP_SML_arrive_1st_pl_01_02_03_spkrTS.xml,sentence-level-word,S_TEMP_SML_arrive_1st_pl_01_02_03_spkrTS.wav,9.0,13.0,144000,208000,67390,
zero_length_segment,S_TEMP_leave_1st_sg_now_01_02_spkrTS.xml,sentence-level-word,S_TEMP_leave_1st_sg_now_01_02_spkrTS.wav,15.0,20.0,240000,320000,87653,
zero_length_segment,S_TEMP_leave_1st_sg_now_01_02_spkrTS.xml,sentence-level-word,S_TEMP_leave_1st_sg_now_01_02_spkrTS.wav,9.0,15.0,144000,240000,87653,
zero_length_segment,S_be-unhappy_worried_1s_01_02_TS.xml,sentence-level-word,S_be-unhappy_worried_1s_01_02_TS.wav,14.0,40.0,224000,640000,66038,
zero_length_segment,S_be-unhappy_worried_1s_01_02_TS.xml,sentence-level-word,S_be-unhappy_worried_1s_01_02_TS.wav,31.0,41.0,496000,656000,66038,
zero_length_segment,S_be-unhappy_worried_1s_01_02_TS.xml,sentence-level-word,S_be-unhappy_worried_1s_01_02_TS.wav,20.0,31.0,320000,496000,66038,
zero_length_segment,S_boil_3pl_form_f_the_meat_01_02_TS.xml,sentence-level-word,S_boil_3pl_form_f_the_meat_01_02_TS.wav,6.0,9.0,96000,144000,48199,
zero_length_segment,S_boil_3pl_form_f_the_meat_01_02_TS.xml,sentence-level-word,S_boil_3pl_form_f_the_meat_01_02_TS.wav,9.0,16.0,144000,256000,48199,
zero_length_segment,S_chop_1s_yams_today_01_02_JS.xml,sentence-level-word,S_chop_1s_yams_today_01_02_JS.wav,15.0,43.0,240000,688000,63241,
zero_length_segment,S_chop_1s_yams_today_01_02_JS.xml,sentence-level-word,S_chop_1s_yams_today_01_02_JS.wav,8.0,15.0,128000,240000,63241,
zero_length_segment,S_chop_1s_yams_today_01_02_JS.xml,sentence-level-word,S_chop_1s_yams_today_01_02_JS.wav,21.0,28.0,336000,448000,63241,
zero_length_segment,S_chop_1s_yams_today_01_02_JS.xml,sentence-level-word,S_chop_1s_yams_today_01_02_JS.wav,28.0,35.0,448000,560000,63241,
zero_length_segment,S_chop_1s_yams_today_01_02_JS.xml,sentence-level-word,S_chop_1s_yams_today_01_02_JS.wav,35.0,44.0,560000,704000,63241,
zero_length_segment,S_chop_1st_sg_Fut_yams_01_spkrJS.xml,sentence-level-word,S_chop_1st_sg_Fut_yams_01_spkrJS.wav,11.0,20.0,176000,320000,20620,
zero_length_segment,S_chop_1st_sg_Fut_yams_01_spkrJS.xml,sentence-level-word,S_chop_1st_sg_Fut_yams_01_spkrJS.wav,4.0,11.0,64000,176000,20620,
zero_length_segment,S_climb_CMPL_the_little_kid_LOC_on_the_rock_01_02_03_TS.xml,sentence-level-word,S_climb_CMPL_the_little_kid_LOC_on_the_rock_01_02_03_TS.wav,16.0,19.0,256000,304000,128438,
zero_length_segment,S_climb_CMPL_the_little_kid_LOC_on_the_rock_01_02_03_TS.xml,sentence-level-word,S_climb_CMPL_the_little_kid_LOC_on_the_rock_01_02_03_TS.wav,19.0,71.0,304000,1136000,128438,
zero_length_segment,S_climb_CMPL_the_little_kid_LOC_on_the_rock_01_02_03_TS.xml,sentence-level-word,S_climb_CMPL_the_little_kid_LOC_on_the_rock_01_02_03_TS.wav,37.0,40.0,592000,640000,128438,
zero_length_segment,S_climb_CMPL_the_little_kid_LOC_on_the_rock_01_02_03_TS.xml,sentence-level-word,S_climb_CMPL_the_little_kid_LOC_on_the_rock_01_02_03_TS.wav,22.0,25.0,352000,400000,128438,
zero_length_segment,S_climb_CMPL_the_little_kid_LOC_on_the_rock_01_02_03_TS.xml,sentence-level-word,S_climb_CMPL_the_little_kid_LOC_on_the_rock_01_02_03_TS.wav,28.0,37.0,448000,592000,128438,
zero_length_segment,S_climb_CMPL_the_little_kid_LOC_on_the_rock_01_02_03_TS.xml,sentence-level-word,S_climb_CMPL_the_little_kid_LOC_on_the_rock_01_02_03_TS.wav,40.0,72.0,640000,1152000,128438,
zero_length_segment,S_climb_CMPL_the_little_kid_LOC_on_the_rock_01_02_03_TS.xml,sentence-level-word,S_climb_CMPL_the_little_kid_LOC_on_the_rock_01_02_03_TS.wav,25.0,28.0,400000,448000,128438,
zero_length_segment,S_climb_CMPL_the_little_kid_LOC_on_the_rock_01_02_03_TS.xml,sentence-level-word,S_climb_CMPL_the_little_kid_LOC_on_the_rock_01_02_03_TS.wav,46.0,49.0,736000,784000,128438,
zero_length_segment,S_climb_CMPL_the_little_kid_LOC_on_the_rock_01_02_03_TS.xml,sentence-level-word,S_climb_CMPL_the_little_kid_LOC_on_the_rock_01_02_03_TS.wav,58.0,61.0,928000,976000,128438,
zero_length_segment,S_climb_CMPL_the_little_kid_LOC_on_the_rock_01_02_03_TS.xml,sentence-level-word,S_climb_CMPL_the_little_kid_LOC_on_the_rock_01_02_03_TS.wav,43.0,46.0,688000,736000,128438,
zero_length_segment,S_climb_CMPL_the_little_kid_LOC_on_the_rock_01_02_03_TS.xml,sentence-level-word,S_climb_CMPL_the_little_kid_LOC_on_the_rock_01_02_03_TS.wav,49.0,58.0,784000,928000,128438,
zero_length_segment,S_climb_CMPL_the_little_kid_LOC_on_the_rock_01_02_03_TS.xml,sentence-level-word,S_climb_CMPL_the_little_kid_LOC_on_the_rock_01_02_03_TS.wav,61.0,73.0,976000,1168000,128438,
zero_length_segment,S_cockroach_beLOC_under_the_table_01_02_03_TS.xml,sentence-level-word,S_cockroach_beLOC_under_the_table_01_02_03_TS.wav,24.0,106.0,384000,1696000,176160,
zero_length_segment,S_cockroach_beLOC_under_the_table_01_02_03_TS.xml,sentence-level-word,S_cockroach_beLOC_under_the_table_01_02_03_TS.wav,16.0,24.0,256000,384000,176160,
zero_length_segment,S_cockroach_beLOC_under_the_table_01_02_03_TS.xml,sentence-level-word,S_cockroach_beLOC_under_the_table_01_02_03_TS.wav,13.0,16.0,208000,256000,176160,
zero_length_segment,S_cockroach_beLOC_under_the_table_01_02_03_TS.xml,sentence-level-word,S_cockroach_beLOC_under_the_table_01_02_03_TS.wav,34.0,41.0,544000,656000,176160,
zero_length_segment,S_cockroach_beLOC_under_the_table_01_02_03_TS.xml,sentence-level-word,S_cockroach_beLOC_under_the_table_01_02_03_TS.wav,50.0,60.0,800000,960000,176160,
zero_length_segment,S_cockroach_beLOC_under_the_table_01_02_03_TS.xml,sentence-level-word,S_cockroach_beLOC_under_the_table_01_02_03_TS.wav,41.0,47.0,656000,752000,176160,
zero_length_segment,S_cockroach_beLOC_under_the_table_01_02_03_TS.xml,sentence-level-word,S_cockroach_beLOC_under_the_table_01_02_03_TS.wav,47.0,50.0,752000,800000,176160,
zero_length_segment,S_cockroach_beLOC_under_the_table_01_02_03_TS.xml,sentence-level-word,S_cockroach_beLOC_under_the_table_01_02_03_TS.wav,60.0,107.0,960000,1712000,176160,
zero_length_segment,S_cockroach_beLOC_under_the_table_01_02_03_TS.xml,sentence-level-word,S_cockroach_beLOC_under_the_table_01_02_03_TS.wav,70.0,76.0,1120000,1216000,176160,
zero_length_segment,S_cockroach_beLOC_under_the_table_01_02_03_TS.xml,sentence-level-word,S_cockroach_beLOC_under_the_table_01_02_03_TS.wav,76.0,82.0,1216000,1312000,176160,
zero_length_segment,S_cockroach_beLOC_under_the_table_01_02_03_TS.xml,sentence-level-word,S_cockroach_beLOC_under_the_table_01_02_03_TS.wav,85.0,93.0,1360000,1488000,176160,
zero_length_segment,S_cockroach_beLOC_under_the_table_01_02_03_TS.xml,sentence-level-word,S_cockroach_beLOC_under_the_table_01_02_03_TS.wav,82.0,85.0,1312000,1360000,176160,
zero_length_segment,S_cockroach_beLOC_under_the_table_01_02_03_TS.xml,sentence-level-word,S_cockroach_beLOC_under_the_table_01_02_03_TS.wav,93.0,108.0,1488000,1728000,176160,
zero_length_segment,S_cross-3sinf_the_river_tomorrow_01_02_03_TS.xml,sentence-level-word,S_cross-3sinf_the_river_tomorrow_01_02_03_TS.wav,24.0,28.0,384000,448000,135590,
zero_length_segment,S_cross-3sinf_the_river_tomorrow_01_02_03_TS.xml,sentence-level-word,S_cross-3sinf_the_river_tomorrow_01_02_03_TS.wav,15.0,21.0,240000,336000,135590,
zero_length_segment,S_cross-3sinf_the_river_tomorrow_01_02_03_TS.xml,sentence-level-word,S_cross-3sinf_the_river_tomorrow_01_02_03_TS.wav,21.0,24.0,336000,384000,135590,
zero_length_segment,S_cross-3sinf_the_river_tomorrow_01_02_03_TS.xml,sentence-level-word,S_cross-3sinf_the_river_tomorrow_01_02_03_TS.wav,13.0,15.0,208000,240000,135590,
zero_length_segment,S_cross-3sinf_the_river_yesterday_01_02_03_TS.xml,sentence-level-word,S_cross-3sinf_the_river_yesterday_01_02_03_TS.wav,12.0,18.0,192000,288000,139948,
zero_length_segment,S_cross-3sinf_the_river_yesterday_01_02_03_TS.xml,sentence-level-word,S_cross-3sinf_the_river_yesterday_01_02_03_TS.wav,21.0,32.0,336000,512000,139948,
zero_length_segment,S_cross-3sinf_the_river_yesterday_01_02_03_TS.xml,sentence-level-word,S_cross-3sinf_the_river_yesterday_01_02_03_TS.wav,9.0,12.0,144000,192000,139948,
zero_length_segment,S_cross-3sinf_the_river_yesterday_01_02_03_TS.xml,sentence-level-word,S_cross-3sinf_the_river_yesterday_01_02_03_TS.wav,18.0,21.0,288000,336000,139948,
zero_length_segment,S_cross_3s_inf_the_river_everyday_01_02_TS.xml,sentence-level-word,S_cross_3s_inf_the_river_everyday_01_02_TS.wav,16.0,19.0,256000,304000,82403,
zero_length_segment,S_cross_3s_inf_the_river_everyday_01_02_TS.xml,sentence-level-word,S_cross_3s_inf_the_river_everyday_01_02_TS.wav,7.0,10.0,112000,160000,82403,
zero_length_segment,S_cross_3s_inf_the_river_everyday_01_02_TS.xml,sentence-level-word,S_cross_3s_inf_the_river_everyday_01_02_TS.wav,10.0,16.0,160000,256000,82403,
zero_length_segment,S_cross_3s_inf_the_river_everyday_01_02_TS.xml,sentence-level-word,S_cross_3s_inf_the_river_everyday_01_02_TS.wav,19.0,30.0,304000,480000,82403,
zero_length_segment,S_eat_1s_FUT_beans_tomorrow_01_02_03_TS.xml,sentence-level-word,S_eat_1s_FUT_beans_tomorrow_01_02_03_TS.wav,18.0,22.0,288000,352000,96859,
zero_length_segment,S_eat_1s_FUT_beans_tomorrow_01_02_03_TS.xml,sentence-level-word,S_eat_1s_FUT_beans_tomorrow_01_02_03_TS.wav,11.0,18.0,176000,288000,96859,
zero_length_segment,S_eat_1s_tortillas_COMPL_01_JS.xml,sentence-level-word,S_eat_1s_tortillas_COMPL_01_JS.wav,7.0,11.0,112000,176000,26023,
zero_length_segment,S_eat_1s_tortillas_IMP_01_02_JS.xml,sentence-level-word,S_eat_1s_tortillas_IMP_01_02_JS.wav,11.0,15.0,176000,240000,58753,
zero_length_segment,S_eat_1st_sg_FUT_NEG_breakfast_ADV_sunday_02_spkrTS.xml,sentence-level-word,S_eat_1st_sg_FUT_NEG_breakfast_ADV_sunday_02_spkrTS.wav,12.0,15.0,192000,240000,25676,
zero_length_segment,S_eat_1st_sg_FUT_NEG_breakfast_ADV_sunday_02_spkrTS.xml,sentence-level-word,S_eat_1st_sg_FUT_NEG_breakfast_ADV_sunday_02_spkrTS.wav,15.0,26.0,240000,416000,25676,
zero_length_segment,S_eat_1st_sg_FUT_NEG_breakfast_ADV_sunday_02_spkrTS.xml,sentence-level-word,S_eat_1st_sg_FUT_NEG_breakfast_ADV_sunday_02_spkrTS.wav,4.0,12.0,64000,192000,25676,
zero_length_segment,S_eat_3s_inf_IMP_when_the_phone_rang_01_TS.xml,sentence-level-word,S_eat_3s_inf_IMP_when_the_phone_rang_01_TS.wav,15.0,21.0,240000,336000,36679,
zero_length_segment,S_eat_3s_inf_IMP_when_the_phone_rang_01_TS.xml,sentence-level-word,S_eat_3s_inf_IMP_when_the_phone_rang_01_TS.wav,21.0,34.0,336000,544000,36679,
zero_length_segment,S_eat_3s_inf_IMP_when_the_phone_rang_01_TS.xml,sentence-level-word,S_eat_3s_inf_IMP_when_the_phone_rang_01_TS.wav,13.0,15.0,208000,240000,36679,
zero_length_segment,S_eat_3s_inf_IMP_when_the_phone_rang_01_TS.xml,sentence-level-word,S_eat_3s_inf_IMP_when_the_phone_rang_01_TS.wav,10.0,13.0,160000,208000,36679,
zero_length_segment,S_eat_3s_inf_salt_02_JS.xml,sentence-level-word,S_eat_3s_inf_salt_02_JS.wav,6.0,10.0,96000,160000,18124,
zero_length_segment,S_eat_CMPL_1s_this_tortilla_not_that_one_01_02_03_TS.xml,sentence-level-word,S_eat_CMPL_1s_this_tortilla_not_that_one_01_02_03_TS.wav,23.0,31.0,368000,496000,133190,
zero_length_segment,S_eat_CMPL_1s_this_tortilla_not_that_one_01_02_03_TS.xml,sentence-level-word,S_eat_CMPL_1s_this_tortilla_not_that_one_01_02_03_TS.wav,16.0,23.0,256000,368000,133190,
zero_length_segment,S_eat_CMPL_1s_this_tortilla_not_that_one_01_02_03_TS.xml,sentence-level-word,S_eat_CMPL_1s_this_tortilla_not_that_one_01_02_03_TS.wav,13.0,16.0,208000,256000,133190,
zero_length_segment,S_eat_CMPL_1s_this_tortilla_not_that_one_01_02_03_TS.xml,sentence-level-word,S_eat_CMPL_1s_this_tortilla_not_that_one_01_02_03_TS.wav,10.0,13.0,160000,208000,133190,
zero_length_segment,S_eat_breakfast_1pl_excl_everyday_01_02_03_TS.xml,sentence-level-word,S_eat_breakfast_1pl_excl_everyday_01_02_03_TS.wav,13.0,21.0,208000,336000,94097,
zero_length_segment,S_eat_breakfast_1pl_excl_everyday_01_02_03_TS.xml,sentence-level-word,S_eat_breakfast_1pl_excl_everyday_01_02_03_TS.wav,10.0,13.0,160000,208000,94097,
zero_length_segment,S_eat_breakfast_1pl_incl_everyday_01_02_TS.xml,sentence-level-word,S_eat_breakfast_1pl_incl_everyday_01_02_TS.wav,13.0,21.0,208000,336000,66779,
zero_length_segment,S_eat_breakfast_1pl_incl_everyday_01_02_TS.xml,sentence-level-word,S_eat_breakfast_1pl_incl_everyday_01_02_TS.wav,10.0,13.0,160000,208000,66779,
zero_length_segment,S_eat_breakfast_1s_everyday_01_02_TS.xml,sentence-level-word,S_eat_breakfast_1s_everyday_01_02_TS.wav,11.0,18.0,176000,288000,52746,
zero_length_segment,S_eat_breakfast_1s_everyday_01_02_TS.xml,sentence-level-word,S_eat_breakfast_1s_everyday_01_02_TS.wav,9.0,11.0,144000,176000,52746,
zero_length_segment,S_eat_breakfast_2s_form_everyday_TS_01_02.xml,sentence-level-word,S_eat_breakfast_2s_form_everyday_TS_01_02.wav,12.0,21.0,192000,336000,71174,
zero_length_segment,S_eat_breakfast_2s_form_everyday_TS_01_02.xml,sentence-level-word,S_eat_breakfast_2s_form_everyday_TS_01_02.wav,9.0,12.0,144000,192000,71174,
zero_length_segment,S_eat_breakfast_2s_inf_everyday_TS_01_02.xml,sentence-level-word,S_eat_breakfast_2s_inf_everyday_TS_01_02.wav,10.0,18.0,160000,288000,67583,
zero_length_segment,S_eat_breakfast_3pl_f_all_everyday_01_TS.xml,sentence-level-word,S_eat_breakfast_3pl_f_all_everyday_01_TS.wav,22.0,31.0,352000,496000,28856,
zero_length_segment,S_eat_breakfast_3pl_f_all_everyday_01_TS.xml,sentence-level-word,S_eat_breakfast_3pl_f_all_everyday_01_TS.wav,7.0,14.0,112000,224000,28856,
zero_length_segment,S_eat_breakfast_3pl_f_all_everyday_01_TS.xml,sentence-level-word,S_eat_breakfast_3pl_f_all_everyday_01_TS.wav,14.0,22.0,224000,352000,28856,
zero_length_segment,S_eat_breakfast_3pl_inf_everyday_01_TS.xml,sentence-level-word,S_eat_breakfast_3pl_inf_everyday_01_TS.wav,11.0,19.0,176000,304000,31420,
zero_length_segment,S_eat_breakfast_3pl_inf_everyday_01_TS.xml,sentence-level-word,S_eat_breakfast_3pl_inf_everyday_01_TS.wav,8.0,11.0,128000,176000,31420,
zero_length_segment,S_eat_breakfast_3s_inf_everyday_TS_01_02.xml,sentence-level-word,S_eat_breakfast_3s_inf_everyday_TS_01_02.wav,10.0,18.0,160000,288000,45140,
zero_length_segment,S_everyone_went_3rd_pl_form_home_01_02_03_spkrTS.xml,sentence-level-word,S_everyone_went_3rd_pl_form_home_01_02_03_spkrTS.wav,11.0,28.0,176000,448000,85797,
zero_length_segment,S_everyone_went_3rd_pl_form_home_01_02_03_spkrTS.xml,sentence-level-word,S_everyone_went_3rd_pl_form_home_01_02_03_spkrTS.wav,8.0,11.0,128000,176000,85797,
zero_length_segment,S_fish_swim_PRES_in_water_01_02_TS.xml,sentence-level-word,S_fish_swim_PRES_in_water_01_02_TS.wav,16.0,19.0,256000,304000,71244,
zero_length_segment,S_fish_swim_PRES_in_water_01_02_TS.xml,sentence-level-word,S_fish_swim_PRES_in_water_01_02_TS.wav,13.0,16.0,208000,256000,71244,
zero_length_segment,S_fish_swim_PRES_in_water_01_02_TS.xml,sentence-level-word,S_fish_swim_PRES_in_water_01_02_TS.wav,7.0,13.0,112000,208000,71244,
zero_length_segment,S_fish_swim_PRES_in_water_01_02_TS.xml,sentence-level-word,S_fish_swim_PRES_in_water_01_02_TS.wav,19.0,48.0,304000,768000,71244,
zero_length_segment,S_fish_swim_PRES_in_water_01_02_TS.xml,sentence-level-word,S_fish_swim_PRES_in_water_01_02_TS.wav,24.0,30.0,384000,480000,71244,
zero_length_segment,S_fish_swim_PRES_in_water_01_02_TS.xml,sentence-level-word,S_fish_swim_PRES_in_water_01_02_TS.wav,30.0,36.0,480000,576000,71244,
zero_length_segment,S_fish_swim_PRES_in_water_01_02_TS.xml,sentence-level-word,S_fish_swim_PRES_in_water_01_02_TS.wav,41.0,49.0,656000,784000,71244,
zero_length_segment,S_fish_swim_PRES_in_water_01_02_TS.xml,sentence-level-word,S_fish_swim_PRES_in_water_01_02_TS.wav,36.0,39.0,576000,624000,71244,
zero_length_segment,S_fish_swim_PRES_in_water_01_02_TS.xml,sentence-level-word,S_fish_swim_PRES_in_water_01_02_TS.wav,39.0,41.0,624000,656000,71244,
zero_length_segment,S_fly_beLOC_table_01_02_03_TS.xml,sentence-level-word,S_fly_beLOC_table_01_02_03_TS.wav,21.0,105.0,336000,1680000,206464,
zero_length_segment,S_fly_beLOC_table_01_02_03_TS.xml,sentence-level-word,S_fly_beLOC_table_01_02_03_TS.wav,19.0,21.0,304000,336000,206464,
zero_length_segment,S_fly_beLOC_table_01_02_03_TS.xml,sentence-level-word,S_fly_beLOC_table_01_02_03_TS.wav,31.0,36.0,496000,576000,206464,
zero_length_segment,S_fly_beLOC_table_01_02_03_TS.xml,sentence-level-word,S_fly_beLOC_table_01_02_03_TS.wav,38.0,47.0,608000,752000,206464,
zero_length_segment,S_fly_beLOC_table_01_02_03_TS.xml,sentence-level-word,S_fly_beLOC_table_01_02_03_TS.wav,50.0,106.0,800000,1696000,206464,
zero_length_segment,S_fly_beLOC_table_01_02_03_TS.xml,sentence-level-word,S_fly_beLOC_table_01_02_03_TS.wav,47.0,50.0,752000,800000,206464,
zero_length_segment,S_fly_beLOC_table_01_02_03_TS.xml,sentence-level-word,S_fly_beLOC_table_01_02_03_TS.wav,28.0,31.0,448000,496000,206464,
zero_length_segment,S_fly_beLOC_table_01_02_03_TS.xml,sentence-level-word,S_fly_beLOC_table_01_02_03_TS.wav,36.0,38.0,576000,608000,206464,
zero_length_segment,S_fly_beLOC_table_01_02_03_TS.xml,sentence-level-word,S_fly_beLOC_table_01_02_03_TS.wav,72.0,81.0,1152000,1296000,206464,
zero_length_segment,S_fly_beLOC_table_01_02_03_TS.xml,sentence-level-word,S_fly_beLOC_table_01_02_03_TS.wav,81.0,83.0,1296000,1328000,206464,
zero_length_segment,S_fly_beLOC_table_01_02_03_TS.xml,sentence-level-word,S_fly_beLOC_table_01_02_03_TS.wav,62.0,68.0,992000,1088000,206464,
zero_length_segment,S_fly_beLOC_table_01_02_03_TS.xml,sentence-level-word,S_fly_beLOC_table_01_02_03_TS.wav,68.0,72.0,1088000,1152000,206464,
zero_length_segment,S_fly_beLOC_table_01_02_03_TS.xml,sentence-level-word,S_fly_beLOC_table_01_02_03_TS.wav,83.0,107.0,1328000,1712000,206464,
zero_length_segment,S_fly_beLOC_table_01_02_03_TS.xml,sentence-level-word,S_fly_beLOC_table_01_02_03_TS.wav,59.0,62.0,944000,992000,206464,
zero_length_segment,S_friend_1st_sg_LOC_outside_01_02_03_spkrTS.xml,sentence-level-word,S_friend_1st_sg_LOC_outside_01_02_03_spkrTS.wav,16.0,19.0,256000,304000,92635,
zero_length_segment,S_friend_1st_sg_LOC_outside_01_02_03_spkrTS.xml,sentence-level-word,S_friend_1st_sg_LOC_outside_01_02_03_spkrTS.wav,6.0,10.0,96000,160000,92635,
zero_length_segment,S_friend_1st_sg_LOC_outside_01_02_03_spkrTS.xml,sentence-level-word,S_friend_1st_sg_LOC_outside_01_02_03_spkrTS.wav,10.0,16.0,160000,256000,92635,
zero_length_segment,S_friend_1st_sg_LOC_outside_01_02_03_spkrTS.xml,sentence-level-word,S_friend_1st_sg_LOC_outside_01_02_03_spkrTS.wav,19.0,23.0,304000,368000,92635,
zero_length_segment,S_frog_LOC_bottom_of_the_basket_01_02_TS.xml,sentence-level-word,S_frog_LOC_bottom_of_the_basket_01_02_TS.wav,13.0,19.0,208000,304000,77974,
zero_length_segment,S_frog_LOC_bottom_of_the_basket_01_02_TS.xml,sentence-level-word,S_frog_LOC_bottom_of_the_basket_01_02_TS.wav,11.0,13.0,176000,208000,77974,
zero_length_segment,S_frog_LOC_bottom_of_the_basket_01_02_TS.xml,sentence-level-word,S_frog_LOC_bottom_of_the_basket_01_02_TS.wav,7.0,11.0,112000,176000,77974,
zero_length_segment,S_frog_LOC_bottom_of_the_basket_01_02_TS.xml,sentence-level-word,S_frog_LOC_bottom_of_the_basket_01_02_TS.wav,19.0,49.0,304000,784000,77974,
zero_length_segment,S_frog_LOC_bottom_of_the_basket_01_02_TS.xml,sentence-level-word,S_frog_LOC_bottom_of_the_basket_01_02_TS.wav,22.0,29.0,352000,464000,77974,
zero_length_segment,S_frog_LOC_bottom_of_the_basket_01_02_TS.xml,sentence-level-word,S_frog_LOC_bottom_of_the_basket_01_02_TS.wav,33.0,36.0,528000,576000,77974,
zero_length_segment,S_frog_LOC_bottom_of_the_basket_01_02_TS.xml,sentence-level-word,S_frog_LOC_bottom_of_the_basket_01_02_TS.wav,41.0,50.0,656000,800000,77974,
zero_length_segment,S_frog_LOC_bottom_of_the_basket_01_02_TS.xml,sentence-level-word,S_frog_LOC_bottom_of_the_basket_01_02_TS.wav,29.0,33.0,464000,528000,77974,
zero_length_segment,S_frog_LOC_bottom_of_the_basket_01_02_TS.xml,sentence-level-word,S_frog_LOC_bottom_of_the_basket_01_02_TS.wav,36.0,41.0,576000,656000,77974,
zero_length_segment,S_frog_LOC_middle_of_the_basket_01_02_TS.xml,sentence-level-word,S_frog_LOC_middle_of_the_basket_01_02_TS.wav,20.0,49.0,320000,784000,50327,
zero_length_segment,S_frog_LOC_middle_of_the_basket_01_02_TS.xml,sentence-level-word,S_frog_LOC_middle_of_the_basket_01_02_TS.wav,11.0,14.0,176000,224000,50327,
zero_length_segment,S_frog_LOC_middle_of_the_basket_01_02_TS.xml,sentence-level-word,S_frog_LOC_middle_of_the_basket_01_02_TS.wav,7.0,11.0,112000,176000,50327,
zero_length_segment,S_frog_LOC_middle_of_the_basket_01_02_TS.xml,sentence-level-word,S_frog_LOC_middle_of_the_basket_01_02_TS.wav,14.0,20.0,224000,320000,50327,
zero_length_segment,S_frog_LOC_middle_of_the_basket_01_02_TS.xml,sentence-level-word,S_frog_LOC_middle_of_the_basket_01_02_TS.wav,23.0,29.0,368000,464000,50327,
zero_length_segment,S_frog_LOC_middle_of_the_basket_01_02_TS.xml,sentence-level-word,S_frog_LOC_middle_of_the_basket_01_02_TS.wav,43.0,50.0,688000,800000,50327,
zero_length_segment,S_frog_LOC_middle_of_the_basket_01_02_TS.xml,sentence-level-word,S_frog_LOC_middle_of_the_basket_01_02_TS.wav,33.0,36.0,528000,576000,50327,
zero_length_segment,S_frog_LOC_middle_of_the_basket_01_02_TS.xml,sentence-level-word,S_frog_LOC_middle_of_the_basket_01_02_TS.wav,29.0,33.0,464000,528000,50327,
zero_length_segment,S_frog_LOC_middle_of_the_basket_01_02_TS.xml,sentence-level-word,S_frog_LOC_middle_of_the_basket_01_02_TS.wav,36.0,43.0,576000,688000,50327,
zero_length_segment,S_frog_LOC_top_of_the_basket_01_02_TS.xml,sentence-level-word,S_frog_LOC_top_of_the_basket_01_02_TS.wav,24.0,57.0,384000,912000,58302,
zero_length_segment,S_frog_LOC_top_of_the_basket_01_02_TS.xml,sentence-level-word,S_frog_LOC_top_of_the_basket_01_02_TS.wav,15.0,18.0,240000,288000,58302,
zero_length_segment,S_frog_LOC_top_of_the_basket_01_02_TS.xml,sentence-level-word,S_frog_LOC_top_of_the_basket_01_02_TS.wav,11.0,15.0,176000,240000,58302,
zero_length_segment,S_frog_LOC_top_of_the_basket_01_02_TS.xml,sentence-level-word,S_frog_LOC_top_of_the_basket_01_02_TS.wav,18.0,24.0,288000,384000,58302,
zero_length_segment,S_frog_LOC_top_of_the_basket_01_02_TS.xml,sentence-level-word,S_frog_LOC_top_of_the_basket_01_02_TS.wav,43.0,50.0,688000,800000,58302,
zero_length_segment,S_frog_LOC_top_of_the_basket_01_02_TS.xml,sentence-level-word,S_frog_LOC_top_of_the_basket_01_02_TS.wav,50.0,58.0,800000,928000,58302,
zero_length_segment,S_frog_LOC_top_of_the_basket_01_02_TS.xml,sentence-level-word,S_frog_LOC_top_of_the_basket_01_02_TS.wav,27.0,36.0,432000,576000,58302,
zero_length_segment,S_frog_LOC_top_of_the_basket_01_02_TS.xml,sentence-level-word,S_frog_LOC_top_of_the_basket_01_02_TS.wav,36.0,40.0,576000,640000,58302,
zero_length_segment,S_frog_LOC_top_of_the_basket_01_02_TS.xml,sentence-level-word,S_frog_LOC_top_of_the_basket_01_02_TS.wav,40.0,43.0,640000,688000,58302,
zero_length_segment,S_give_2s_inf_FUT_02_JS.xml,sentence-level-word,S_give_2s_inf_FUT_02_JS.wav,3.0,10.0,48000,160000,14932,
zero_length_segment,S_give_2s_inf_FUT_02_JS.xml,sentence-level-word,S_give_2s_inf_FUT_02_JS.wav,1.0,3.0,16000,48000,14932,
zero_length_segment,S_grandmother-1s_loves_grandfather-1s_very_much_01_02_TS.xml,sentence-level-word,S_grandmother-1s_loves_grandfather-1s_very_much_01_02_TS.wav,22.0,28.0,352000,448000,96705,
zero_length_segment,S_grandmother-1s_loves_grandfather-1s_very_much_01_02_TS.xml,sentence-level-word,S_grandmother-1s_loves_grandfather-1s_very_much_01_02_TS.wav,11.0,14.0,176000,224000,96705,
zero_length_segment,S_grandmother-1s_loves_grandfather-1s_very_much_01_02_TS.xml,sentence-level-word,S_grandmother-1s_loves_grandfather-1s_very_much_01_02_TS.wav,28.0,40.0,448000,640000,96705,
zero_length_segment,S_grandmother-1s_loves_grandfather-1s_very_much_01_02_TS.xml,sentence-level-word,S_grandmother-1s_loves_grandfather-1s_very_much_01_02_TS.wav,14.0,22.0,224000,352000,96705,
zero_length_segment,S_house_LOC_middle_of_the_hill_01_spkrTS.xml,sentence-level-word,S_house_LOC_middle_of_the_hill_01_spkrTS.wav,12.0,15.0,192000,240000,30607,
zero_length_segment,S_house_LOC_middle_of_the_hill_01_spkrTS.xml,sentence-level-word,S_house_LOC_middle_of_the_hill_01_spkrTS.wav,15.0,19.0,240000,304000,30607,
zero_length_segment,S_house_LOC_middle_of_the_hill_01_spkrTS.xml,sentence-level-word,S_house_LOC_middle_of_the_hill_01_spkrTS.wav,7.0,12.0,112000,192000,30607,
zero_length_segment,S_house_LOC_middle_of_the_hill_01_spkrTS.xml,sentence-level-word,S_house_LOC_middle_of_the_hill_01_spkrTS.wav,19.0,27.0,304000,432000,30607,
zero_length_segment,S_house_LOC_top_of_the_hill_01_02_TS.xml,sentence-level-word,S_house_LOC_top_of_the_hill_01_02_TS.wav,20.0,52.0,320000,832000,65339,
zero_length_segment,S_house_LOC_top_of_the_hill_01_02_TS.xml,sentence-level-word,S_house_LOC_top_of_the_hill_01_02_TS.wav,16.0,20.0,256000,320000,65339,
zero_length_segment,S_house_LOC_top_of_the_hill_01_02_TS.xml,sentence-level-word,S_house_LOC_top_of_the_hill_01_02_TS.wav,13.0,16.0,208000,256000,65339,
zero_length_segment,S_house_LOC_top_of_the_hill_01_02_TS.xml,sentence-level-word,S_house_LOC_top_of_the_hill_01_02_TS.wav,7.0,13.0,112000,208000,65339,
zero_length_segment,S_house_LOC_top_of_the_hill_01_02_TS.xml,sentence-level-word,S_house_LOC_top_of_the_hill_01_02_TS.wav,43.0,53.0,688000,848000,65339,
zero_length_segment,S_house_LOC_top_of_the_hill_01_02_TS.xml,sentence-level-word,S_house_LOC_top_of_the_hill_01_02_TS.wav,31.0,36.0,496000,576000,65339,
zero_length_segment,S_house_LOC_top_of_the_hill_01_02_TS.xml,sentence-level-word,S_house_LOC_top_of_the_hill_01_02_TS.wav,26.0,31.0,416000,496000,65339,
zero_length_segment,S_house_LOC_top_of_the_hill_01_02_TS.xml,sentence-level-word,S_house_LOC_top_of_the_hill_01_02_TS.wav,36.0,39.0,576000,624000,65339,
zero_length_segment,S_house_LOC_top_of_the_hill_01_02_TS.xml,sentence-level-word,S_house_LOC_top_of_the_hill_01_02_TS.wav,39.0,43.0,624000,688000,65339,
zero_length_segment,S_it_is_hailing_01_02_JS.xml,sentence-level-word,S_it_is_hailing_01_02_JS.wav,4.0,13.0,64000,208000,36072,
zero_length_segment,S_it_is_hailing_01_02_JS.xml,sentence-level-word,S_it_is_hailing_01_02_JS.wav,6.0,9.0,96000,144000,36072,
zero_length_segment,S_it_is_hailing_01_02_JS.xml,sentence-level-word,S_it_is_hailing_01_02_JS.wav,9.0,14.0,144000,224000,36072,
zero_length_segment,S_it_rained_yesterday_01_spkrTS.xml,sentence-level-word,S_it_rained_yesterday_01_spkrTS.wav,13.0,22.0,208000,352000,33760,
zero_length_segment,S_it_rained_yesterday_01_spkrTS.xml,sentence-level-word,S_it_rained_yesterday_01_spkrTS.wav,4.0,7.0,64000,112000,33760,
zero_length_segment,S_it_rained_yesterday_01_spkrTS.xml,sentence-level-word,S_it_rained_yesterday_01_spkrTS.wav,7.0,13.0,112000,208000,33760,
zero_length_segment,S_jump_1st_sg_COMPL_on_the_bed_01_spkrTS.xml,sentence-level-word,S_jump_1st_sg_COMPL_on_the_bed_01_spkrTS.wav,11.0,18.0,176000,288000,20290,
zero_length_segment,S_jump_1st_sg_COMPL_on_the_bed_01_spkrTS.xml,sentence-level-word,S_jump_1st_sg_COMPL_on_the_bed_01_spkrTS.wav,8.0,11.0,128000,176000,20290,
zero_length_segment,S_jump_1st_sg_FUT_DIR_over_there-CONJ_then_V_pee_1st_sg_FUT_02_spkrJS.xml,sentence-level-word,S_jump_1st_sg_FUT_DIR_over_there-CONJ_then_V_pee_1st_sg_FUT_02_spkrJS.wav,24.0,27.0,384000,432000,47873,
zero_length_segment,S_jump_1st_sg_FUT_DIR_over_there-CONJ_then_V_pee_1st_sg_FUT_02_spkrJS.xml,sentence-level-word,S_jump_1st_sg_FUT_DIR_over_there-CONJ_then_V_pee_1st_sg_FUT_02_spkrJS.wav,3.0,10.0,48000,160000,47873,
zero_length_segment,S_jump_1st_sg_FUT_DIR_over_there-CONJ_then_V_pee_1st_sg_FUT_02_spkrJS.xml,sentence-level-word,S_jump_1st_sg_FUT_DIR_over_there-CONJ_then_V_pee_1st_sg_FUT_02_spkrJS.wav,27.0,35.0,432000,560000,47873,
zero_length_segment,S_jump_1st_sg_FUT_DIR_over_there-CONJ_then_V_pee_1st_sg_FUT_02_spkrJS.xml,sentence-level-word,S_jump_1st_sg_FUT_DIR_over_there-CONJ_then_V_pee_1st_sg_FUT_02_spkrJS.wav,18.0,24.0,288000,384000,47873,
zero_length_segment,S_jump_1st_sg_FUT_DIR_over_there-CONJ_then_V_pee_1st_sg_FUT_02_spkrJS.xml,sentence-level-word,S_jump_1st_sg_FUT_DIR_over_there-CONJ_then_V_pee_1st_sg_FUT_02_spkrJS.wav,10.0,18.0,160000,288000,47873,
zero_length_segment,S_jump_1st_sg_FUT_on_the_bed_02_spkrTS.xml,sentence-level-word,S_jump_1st_sg_FUT_on_the_bed_02_spkrTS.wav,12.0,18.0,192000,288000,20624,
zero_length_segment,S_jump_1st_sg_FUT_on_the_bed_02_spkrTS.xml,sentence-level-word,S_jump_1st_sg_FUT_on_the_bed_02_spkrTS.wav,4.0,9.0,64000,144000,20624,
zero_length_segment,S_jump_1st_sg_FUT_on_the_bed_02_spkrTS.xml,sentence-level-word,S_jump_1st_sg_FUT_on_the_bed_02_spkrTS.wav,9.0,12.0,144000,192000,20624,
zero_length_segment,S_jump_1st_sg_on_the_bed_01_spkrTS.xml,sentence-level-word,S_jump_1st_sg_on_the_bed_01_spkrTS.wav,11.0,18.0,176000,288000,25700,
zero_length_segment,S_jump_1st_sg_on_the_bed_01_spkrTS.xml,sentence-level-word,S_jump_1st_sg_on_the_bed_01_spkrTS.wav,8.0,11.0,128000,176000,25700,
zero_length_segment,S_lion_eats_squirrel_01_spkrJS.xml,sentence-level-word,S_lion_eats_squirrel_01_spkrJS.wav,17.0,27.0,272000,432000,43302,
zero_length_segment,S_lion_eats_squirrel_01_spkrJS.xml,sentence-level-word,S_lion_eats_squirrel_01_spkrJS.wav,8.0,17.0,128000,272000,43302,
zero_length_segment,S_live_1s_at_home_still_01_02_TS.xml,sentence-level-word,S_live_1s_at_home_still_01_02_TS.wav,6.0,29.0,96000,464000,58388,
zero_length_segment,S_live_1s_at_home_still_01_02_TS.xml,sentence-level-word,S_live_1s_at_home_still_01_02_TS.wav,4.0,6.0,64000,96000,58388,
zero_length_segment,S_live_1s_at_home_still_01_02_TS.xml,sentence-level-word,S_live_1s_at_home_still_01_02_TS.wav,12.0,15.0,192000,240000,58388,
zero_length_segment,S_live_1s_at_home_still_01_02_TS.xml,sentence-level-word,S_live_1s_at_home_still_01_02_TS.wav,15.0,17.0,240000,272000,58388,
zero_length_segment,S_live_1s_at_home_still_01_02_TS.xml,sentence-level-word,S_live_1s_at_home_still_01_02_TS.wav,17.0,30.0,272000,480000,58388,
zero_length_segment,S_live_at_home_1s_FUT_until_married_1s_01_02_TS.xml,sentence-level-word,S_live_at_home_1s_FUT_until_married_1s_01_02_TS.wav,21.0,29.0,336000,464000,83489,
zero_length_segment,S_live_at_home_1s_FUT_until_married_1s_01_02_TS.xml,sentence-level-word,S_live_at_home_1s_FUT_until_married_1s_01_02_TS.wav,13.0,17.0,208000,272000,83489,
zero_length_segment,S_live_at_home_1s_FUT_until_married_1s_01_02_TS.xml,sentence-level-word,S_live_at_home_1s_FUT_until_married_1s_01_02_TS.wav,7.0,13.0,112000,208000,83489,
zero_length_segment,S_live_at_home_1s_FUT_until_married_1s_01_02_TS.xml,sentence-level-word,S_live_at_home_1s_FUT_until_married_1s_01_02_TS.wav,17.0,19.0,272000,304000,83489,
zero_length_segment,S_live_at_home_1s_FUT_until_married_1s_01_02_TS.xml,sentence-level-word,S_live_at_home_1s_FUT_until_married_1s_01_02_TS.wav,19.0,21.0,304000,336000,83489,
zero_length_segment,S_load_2nd_sg_inf_wood_LOC_on_the_donkey_01_02_03_TS.xml,sentence-level-word,S_load_2nd_sg_inf_wood_LOC_on_the_donkey_01_02_03_TS.wav,37.0,70.0,592000,1120000,114809,
zero_length_segment,S_load_2nd_sg_inf_wood_LOC_on_the_donkey_01_02_03_TS.xml,sentence-level-word,S_load_2nd_sg_inf_wood_LOC_on_the_donkey_01_02_03_TS.wav,22.0,25.0,352000,400000,114809,
zero_length_segment,S_load_2nd_sg_inf_wood_LOC_on_the_donkey_01_02_03_TS.xml,sentence-level-word,S_load_2nd_sg_inf_wood_LOC_on_the_donkey_01_02_03_TS.wav,31.0,37.0,496000,592000,114809,
zero_length_segment,S_load_2nd_sg_inf_wood_LOC_on_the_donkey_01_02_03_TS.xml,sentence-level-word,S_load_2nd_sg_inf_wood_LOC_on_the_donkey_01_02_03_TS.wav,25.0,31.0,400000,496000,114809,
zero_length_segment,S_load_2nd_sg_inf_wood_LOC_on_the_donkey_01_02_03_TS.xml,sentence-level-word,S_load_2nd_sg_inf_wood_LOC_on_the_donkey_01_02_03_TS.wav,46.0,52.0,736000,832000,114809,
zero_length_segment,S_load_2nd_sg_inf_wood_LOC_on_the_donkey_01_02_03_TS.xml,sentence-level-word,S_load_2nd_sg_inf_wood_LOC_on_the_donkey_01_02_03_TS.wav,58.0,71.0,928000,1136000,114809,
zero_length_segment,S_load_2nd_sg_inf_wood_LOC_on_the_donkey_01_02_03_TS.xml,sentence-level-word,S_load_2nd_sg_inf_wood_LOC_on_the_donkey_01_02_03_TS.wav,52.0,58.0,832000,928000,114809,
zero_length_segment,S_load_2nd_sg_inf_wood_LOC_on_the_donkey_01_02_03_TS.xml,sentence-level-word,S_load_2nd_sg_inf_wood_LOC_on_the_donkey_01_02_03_TS.wav,43.0,46.0,688000,736000,114809,
zero_length_segment,S_look_into_my_eyes_01_02_03_TS.xml,sentence-level-word,S_look_into_my_eyes_01_02_03_TS.wav,10.0,58.0,160000,928000,99038,
zero_length_segment,S_look_into_my_eyes_01_02_03_TS.xml,sentence-level-word,S_look_into_my_eyes_01_02_03_TS.wav,19.0,21.0,304000,336000,99038,
zero_length_segment,S_look_into_my_eyes_01_02_03_TS.xml,sentence-level-word,S_look_into_my_eyes_01_02_03_TS.wav,28.0,59.0,448000,944000,99038,
zero_length_segment,S_look_into_my_eyes_01_02_03_TS.xml,sentence-level-word,S_look_into_my_eyes_01_02_03_TS.wav,21.0,28.0,336000,448000,99038,
zero_length_segment,S_look_into_my_eyes_01_02_03_TS.xml,sentence-level-word,S_look_into_my_eyes_01_02_03_TS.wav,37.0,41.0,592000,656000,99038,
zero_length_segment,S_look_into_my_eyes_01_02_03_TS.xml,sentence-level-word,S_look_into_my_eyes_01_02_03_TS.wav,45.0,60.0,720000,960000,99038,
zero_length_segment,S_look_into_my_eyes_01_02_03_TS.xml,sentence-level-word,S_look_into_my_eyes_01_02_03_TS.wav,41.0,45.0,656000,720000,99038,
zero_length_segment,S_mother_1pl_name_is_Herminia_01_TS.xml,sentence-level-word,S_mother_1pl_name_is_Herminia_01_TS.wav,10.0,16.0,160000,256000,46674,
zero_length_segment,S_mother_1pl_name_is_Herminia_01_TS.xml,sentence-level-word,S_mother_1pl_name_is_Herminia_01_TS.wav,16.0,29.0,256000,464000,46674,
zero_length_segment,S_mother_1pl_name_is_Herminia_01_TS.xml,sentence-level-word,S_mother_1pl_name_is_Herminia_01_TS.wav,4.0,10.0,64000,160000,46674,
zero_length_segment,S_mother_aunts_1s_sew_clothes_01_02_TS.xml,sentence-level-word,S_mother_aunts_1s_sew_clothes_01_02_TS.wav,22.0,25.0,352000,400000,108773,
zero_length_segment,S_mother_aunts_1s_sew_clothes_01_02_TS.xml,sentence-level-word,S_mother_aunts_1s_sew_clothes_01_02_TS.wav,13.0,19.0,208000,304000,108773,
zero_length_segment,S_mother_aunts_1s_sew_clothes_01_02_TS.xml,sentence-level-word,S_mother_aunts_1s_sew_clothes_01_02_TS.wav,33.0,42.0,528000,672000,108773,
zero_length_segment,S_mother_aunts_1s_sew_clothes_01_02_TS.xml,sentence-level-word,S_mother_aunts_1s_sew_clothes_01_02_TS.wav,19.0,22.0,304000,352000,108773,
zero_length_segment,S_mother_aunts_1s_sew_clothes_01_02_TS.xml,sentence-level-word,S_mother_aunts_1s_sew_clothes_01_02_TS.wav,30.0,33.0,480000,528000,108773,
zero_length_segment,S_mother_aunts_1s_sew_clothes_01_02_TS.xml,sentence-level-word,S_mother_aunts_1s_sew_clothes_01_02_TS.wav,7.0,10.0,112000,160000,108773,
zero_length_segment,S_mother_aunts_1s_sew_clothes_01_02_TS.xml,sentence-level-word,S_mother_aunts_1s_sew_clothes_01_02_TS.wav,10.0,13.0,160000,208000,108773,
zero_length_segment,S_mother_aunts_1s_sew_clothes_01_02_TS.xml,sentence-level-word,S_mother_aunts_1s_sew_clothes_01_02_TS.wav,25.0,30.0,400000,480000,108773,
zero_length_segment,S_my_car_broke_down_01_spkrJS.xml,sentence-level-word,S_my_car_broke_down_01_spkrJS.wav,13.0,17.0,208000,272000,20459,
zero_length_segment,S_my_car_broke_down_01_spkrJS.xml,sentence-level-word,S_my_car_broke_down_01_spkrJS.wav,8.0,13.0,128000,208000,20459,
zero_length_segment,S_my_car_broke_down_03_spkrJS.xml,sentence-level-word,S_my_car_broke_down_03_spkrJS.wav,8.0,14.0,128000,224000,23915,
zero_length_segment,S_my_car_broke_down_03_spkrJS.xml,sentence-level-word,S_my_car_broke_down_03_spkrJS.wav,14.0,19.0,224000,304000,23915,
zero_length_segment,S_my_siblings_are_older_than_I_02_TS.xml,sentence-level-word,S_my_siblings_are_older_than_I_02_TS.wav,21.0,27.0,336000,432000,49363,
zero_length_segment,S_my_siblings_are_older_than_I_02_TS.xml,sentence-level-word,S_my_siblings_are_older_than_I_02_TS.wav,13.0,18.0,208000,288000,49363,
zero_length_segment,S_my_siblings_are_older_than_I_02_TS.xml,sentence-level-word,S_my_siblings_are_older_than_I_02_TS.wav,7.0,10.0,112000,160000,49363,
zero_length_segment,S_my_siblings_are_older_than_I_02_TS.xml,sentence-level-word,S_my_siblings_are_older_than_I_02_TS.wav,18.0,21.0,288000,336000,49363,
zero_length_segment,S_my_siblings_are_older_than_I_02_TS.xml,sentence-level-word,S_my_siblings_are_older_than_I_02_TS.wav,10.0,13.0,160000,208000,49363,
zero_length_segment,S_my_siblings_do_not_live_at_home_02_spkrTS.xml,sentence-level-word,S_my_siblings_do_not_live_at_home_02_spkrTS.wav,16.0,18.0,256000,288000,35763,
zero_length_segment,S_my_siblings_do_not_live_at_home_02_spkrTS.xml,sentence-level-word,S_my_siblings_do_not_live_at_home_02_spkrTS.wav,21.0,29.0,336000,464000,35763,
zero_length_segment,S_my_siblings_do_not_live_at_home_02_spkrTS.xml,sentence-level-word,S_my_siblings_do_not_live_at_home_02_spkrTS.wav,5.0,8.0,80000,128000,35763,
zero_length_segment,S_my_siblings_do_not_live_at_home_02_spkrTS.xml,sentence-level-word,S_my_siblings_do_not_live_at_home_02_spkrTS.wav,11.0,16.0,176000,256000,35763,
zero_length_segment,S_my_siblings_do_not_live_at_home_02_spkrTS.xml,sentence-level-word,S_my_siblings_do_not_live_at_home_02_spkrTS.wav,8.0,11.0,128000,176000,35763,
zero_length_segment,S_my_siblings_do_not_live_at_home_02_spkrTS.xml,sentence-level-word,S_my_siblings_do_not_live_at_home_02_spkrTS.wav,18.0,21.0,288000,336000,35763,
zero_length_segment,S_nine_husbands_eat_salt_05_spkrJS.xml,sentence-level-word,S_nine_husbands_eat_salt_05_spkrJS.wav,3.0,5.0,48000,80000,37439,
zero_length_segment,S_nine_husbands_eat_salt_05_spkrJS.xml,sentence-level-word,S_nine_husbands_eat_salt_05_spkrJS.wav,11.0,17.0,176000,272000,37439,
zero_length_segment,S_nine_husbands_eat_salt_05_spkrJS.xml,sentence-level-word,S_nine_husbands_eat_salt_05_spkrJS.wav,5.0,11.0,80000,176000,37439,
zero_length_segment,S_run_1s_CMPL_yesterday_01_02_TS.xml,sentence-level-word,S_run_1s_CMPL_yesterday_01_02_TS.wav,6.0,33.0,96000,528000,69910,
zero_length_segment,S_run_1s_CMPL_yesterday_01_02_TS.xml,sentence-level-word,S_run_1s_CMPL_yesterday_01_02_TS.wav,15.0,21.0,240000,336000,69910,
zero_length_segment,S_run_1s_CMPL_yesterday_01_02_TS.xml,sentence-level-word,S_run_1s_CMPL_yesterday_01_02_TS.wav,21.0,34.0,336000,544000,69910,
zero_length_segment,S_run_1s_HAB_everyday_01_02_03_TS.xml,sentence-level-word,S_run_1s_HAB_everyday_01_02_03_TS.wav,7.0,40.0,112000,640000,74830,
zero_length_segment,S_run_1s_HAB_everyday_01_02_03_TS.xml,sentence-level-word,S_run_1s_HAB_everyday_01_02_03_TS.wav,14.0,19.0,224000,304000,74830,
zero_length_segment,S_run_1s_HAB_everyday_01_02_03_TS.xml,sentence-level-word,S_run_1s_HAB_everyday_01_02_03_TS.wav,19.0,41.0,304000,656000,74830,
zero_length_segment,S_run_1s_HAB_everyday_01_02_03_TS.xml,sentence-level-word,S_run_1s_HAB_everyday_01_02_03_TS.wav,30.0,42.0,480000,672000,74830,
zero_length_segment,S_run_1s_HAB_everyday_01_02_03_TS.xml,sentence-level-word,S_run_1s_HAB_everyday_01_02_03_TS.wav,25.0,30.0,400000,480000,74830,
zero_length_segment,S_see_1s_you_2s-inf_01_02_TS.xml,sentence-level-word,S_see_1s_you_2s-inf_01_02_TS.wav,8.0,12.0,128000,192000,33533,
zero_length_segment,S_she-grandmother_is_still_beautifull_01_02_TS.xml,sentence-level-word,S_she-grandmother_is_still_beautifull_01_02_TS.wav,6.0,12.0,96000,192000,65947,
zero_length_segment,S_siblings_1s_are_older_and_they_dont_live_at_home_01_02_03_TS.xml,sentence-level-word,S_siblings_1s_are_older_and_they_dont_live_at_home_01_02_03_TS.wav,23.0,26.0,368000,416000,224476,
zero_length_segment,S_siblings_1s_are_older_and_they_dont_live_at_home_01_02_03_TS.xml,sentence-level-word,S_siblings_1s_are_older_and_they_dont_live_at_home_01_02_03_TS.wav,16.0,19.0,256000,304000,224476,
zero_length_segment,S_siblings_1s_are_older_and_they_dont_live_at_home_01_02_03_TS.xml,sentence-level-word,S_siblings_1s_are_older_and_they_dont_live_at_home_01_02_03_TS.wav,26.0,28.0,416000,448000,224476,
zero_length_segment,S_siblings_1s_are_older_and_they_dont_live_at_home_01_02_03_TS.xml,sentence-level-word,S_siblings_1s_are_older_and_they_dont_live_at_home_01_02_03_TS.wav,28.0,38.0,448000,608000,224476,
zero_length_segment,S_siblings_1s_are_older_and_they_dont_live_at_home_01_02_03_TS.xml,sentence-level-word,S_siblings_1s_are_older_and_they_dont_live_at_home_01_02_03_TS.wav,19.0,23.0,304000,368000,224476,
zero_length_segment,S_someone_told_me_your_2s_inf_car_broke_down_01_JS.xml,sentence-level-word,S_someone_told_me_your_2s_inf_car_broke_down_01_JS.wav,16.0,19.0,256000,304000,48966,
zero_length_segment,S_someone_told_me_your_2s_inf_car_broke_down_01_JS.xml,sentence-level-word,S_someone_told_me_your_2s_inf_car_broke_down_01_JS.wav,13.0,16.0,208000,256000,48966,
zero_length_segment,S_someone_told_me_your_2s_inf_car_broke_down_01_JS.xml,sentence-level-word,S_someone_told_me_your_2s_inf_car_broke_down_01_JS.wav,26.0,32.0,416000,512000,48966,
zero_length_segment,S_someone_told_me_your_2s_inf_car_broke_down_01_JS.xml,sentence-level-word,S_someone_told_me_your_2s_inf_car_broke_down_01_JS.wav,10.0,13.0,160000,208000,48966,
zero_length_segment,S_someone_told_me_your_2s_inf_car_broke_down_01_JS.xml,sentence-level-word,S_someone_told_me_your_2s_inf_car_broke_down_01_JS.wav,32.0,36.0,512000,576000,48966,
zero_length_segment,S_someone_told_me_your_2s_inf_car_broke_down_01_JS.xml,sentence-level-word,S_someone_told_me_your_2s_inf_car_broke_down_01_JS.wav,19.0,26.0,304000,416000,48966,
zero_length_segment,S_someone_told_you_2s_inf_your_2s_inf_car_broke_down_JS.xml,sentence-level-word,S_someone_told_you_2s_inf_your_2s_inf_car_broke_down_JS.wav,16.0,19.0,256000,304000,50291,
zero_length_segment,S_someone_told_you_2s_inf_your_2s_inf_car_broke_down_JS.xml,sentence-level-word,S_someone_told_you_2s_inf_your_2s_inf_car_broke_down_JS.wav,13.0,16.0,208000,256000,50291,
zero_length_segment,S_someone_told_you_2s_inf_your_2s_inf_car_broke_down_JS.xml,sentence-level-word,S_someone_told_you_2s_inf_your_2s_inf_car_broke_down_JS.wav,26.0,32.0,416000,512000,50291,
zero_length_segment,S_someone_told_you_2s_inf_your_2s_inf_car_broke_down_JS.xml,sentence-level-word,S_someone_told_you_2s_inf_your_2s_inf_car_broke_down_JS.wav,10.0,13.0,160000,208000,50291,
zero_length_segment,S_someone_told_you_2s_inf_your_2s_inf_car_broke_down_JS.xml,sentence-level-word,S_someone_told_you_2s_inf_your_2s_inf_car_broke_down_JS.wav,32.0,37.0,512000,592000,50291,
zero_length_segment,S_someone_told_you_2s_inf_your_2s_inf_car_broke_down_JS.xml,sentence-level-word,S_someone_told_you_2s_inf_your_2s_inf_car_broke_down_JS.wav,19.0,26.0,304000,416000,50291,
zero_length_segment,S_someone_told_you_3pl_inf_your_2s_inf_car_broke_down_JS.xml,sentence-level-word,S_someone_told_you_3pl_inf_your_2s_inf_car_broke_down_JS.wav,24.0,30.0,384000,480000,55871,
zero_length_segment,S_someone_told_you_3pl_inf_your_2s_inf_car_broke_down_JS.xml,sentence-level-word,S_someone_told_you_3pl_inf_your_2s_inf_car_broke_down_JS.wav,15.0,21.0,240000,336000,55871,
zero_length_segment,S_someone_told_you_3pl_inf_your_2s_inf_car_broke_down_JS.xml,sentence-level-word,S_someone_told_you_3pl_inf_your_2s_inf_car_broke_down_JS.wav,21.0,24.0,336000,384000,55871,
zero_length_segment,S_someone_told_you_3pl_inf_your_2s_inf_car_broke_down_JS.xml,sentence-level-word,S_someone_told_you_3pl_inf_your_2s_inf_car_broke_down_JS.wav,13.0,15.0,208000,240000,55871,
zero_length_segment,S_someone_told_you_3pl_inf_your_2s_inf_car_broke_down_JS.xml,sentence-level-word,S_someone_told_you_3pl_inf_your_2s_inf_car_broke_down_JS.wav,30.0,36.0,480000,576000,55871,
zero_length_segment,S_someone_told_you_3pl_inf_your_2s_inf_car_broke_down_JS.xml,sentence-level-word,S_someone_told_you_3pl_inf_your_2s_inf_car_broke_down_JS.wav,36.0,40.0,576000,640000,55871,
zero_length_segment,S_someone_told_you_3pl_inf_your_2s_inf_car_broke_down_JS.xml,sentence-level-word,S_someone_told_you_3pl_inf_your_2s_inf_car_broke_down_JS.wav,10.0,13.0,160000,208000,55871,
zero_length_segment,S_speak_1s_on_behalf_of_Pedro_01_02_03_TS.xml,sentence-level-word,S_speak_1s_on_behalf_of_Pedro_01_02_03_TS.wav,14.0,67.0,224000,1072000,152123,
zero_length_segment,S_speak_1s_on_behalf_of_Pedro_01_02_03_TS.xml,sentence-level-word,S_speak_1s_on_behalf_of_Pedro_01_02_03_TS.wav,30.0,35.0,480000,560000,152123,
zero_length_segment,S_speak_1s_on_behalf_of_Pedro_01_02_03_TS.xml,sentence-level-word,S_speak_1s_on_behalf_of_Pedro_01_02_03_TS.wav,27.0,30.0,432000,480000,152123,
zero_length_segment,S_speak_1s_on_behalf_of_Pedro_01_02_03_TS.xml,sentence-level-word,S_speak_1s_on_behalf_of_Pedro_01_02_03_TS.wav,21.0,27.0,336000,432000,152123,
zero_length_segment,S_speak_1s_on_behalf_of_Pedro_01_02_03_TS.xml,sentence-level-word,S_speak_1s_on_behalf_of_Pedro_01_02_03_TS.wav,35.0,68.0,560000,1088000,152123,
zero_length_segment,S_speak_1s_on_behalf_of_Pedro_01_02_03_TS.xml,sentence-level-word,S_speak_1s_on_behalf_of_Pedro_01_02_03_TS.wav,46.0,49.0,736000,784000,152123,
zero_length_segment,S_speak_1s_on_behalf_of_Pedro_01_02_03_TS.xml,sentence-level-word,S_speak_1s_on_behalf_of_Pedro_01_02_03_TS.wav,40.0,46.0,640000,736000,152123,
zero_length_segment,S_speak_1s_on_behalf_of_Pedro_01_02_03_TS.xml,sentence-level-word,S_speak_1s_on_behalf_of_Pedro_01_02_03_TS.wav,49.0,52.0,784000,832000,152123,
zero_length_segment,S_speak_1s_on_behalf_of_Pedro_01_02_03_TS.xml,sentence-level-word,S_speak_1s_on_behalf_of_Pedro_01_02_03_TS.wav,52.0,69.0,832000,1104000,152123,
zero_length_segment,S_stand_in_back_of_the_house_01_02_TS.xml,sentence-level-word,S_stand_in_back_of_the_house_01_02_TS.wav,13.0,19.0,208000,304000,61122,
zero_length_segment,S_stand_in_back_of_the_house_01_02_TS.xml,sentence-level-word,S_stand_in_back_of_the_house_01_02_TS.wav,4.0,7.0,64000,112000,61122,
zero_length_segment,S_stand_in_back_of_the_house_01_02_TS.xml,sentence-level-word,S_stand_in_back_of_the_house_01_02_TS.wav,7.0,13.0,112000,208000,61122,
zero_length_segment,S_stand_in_back_of_the_house_01_02_TS.xml,sentence-level-word,S_stand_in_back_of_the_house_01_02_TS.wav,19.0,44.0,304000,704000,61122,
zero_length_segment,S_stand_in_back_of_the_house_01_02_TS.xml,sentence-level-word,S_stand_in_back_of_the_house_01_02_TS.wav,22.0,25.0,352000,400000,61122,
zero_length_segment,S_stand_in_back_of_the_house_01_02_TS.xml,sentence-level-word,S_stand_in_back_of_the_house_01_02_TS.wav,33.0,39.0,528000,624000,61122,
zero_length_segment,S_stand_in_back_of_the_house_01_02_TS.xml,sentence-level-word,S_stand_in_back_of_the_house_01_02_TS.wav,28.0,33.0,448000,528000,61122,
zero_length_segment,S_stand_in_back_of_the_house_01_02_TS.xml,sentence-level-word,S_stand_in_back_of_the_house_01_02_TS.wav,39.0,45.0,624000,720000,61122,
zero_length_segment,S_stand_in_back_of_the_house_01_02_TS.xml,sentence-level-word,S_stand_in_back_of_the_house_01_02_TS.wav,25.0,28.0,400000,448000,61122,
zero_length_segment,S_stand_in_front_of_the_house_01_02_03_TS.xml,sentence-level-word,S_stand_in_front_of_the_house_01_02_03_TS.wav,15.0,39.0,240000,624000,63484,
zero_length_segment,S_stand_in_front_of_the_house_01_02_03_TS.xml,sentence-level-word,S_stand_in_front_of_the_house_01_02_03_TS.wav,4.0,7.0,64000,112000,63484,
zero_length_segment,S_stand_in_front_of_the_house_01_02_03_TS.xml,sentence-level-word,S_stand_in_front_of_the_house_01_02_03_TS.wav,7.0,10.0,112000,160000,63484,
zero_length_segment,S_stand_in_front_of_the_house_01_02_03_TS.xml,sentence-level-word,S_stand_in_front_of_the_house_01_02_03_TS.wav,10.0,15.0,160000,240000,63484,
zero_length_segment,S_stand_in_front_of_the_house_01_02_03_TS.xml,sentence-level-word,S_stand_in_front_of_the_house_01_02_03_TS.wav,24.0,27.0,384000,432000,63484,
zero_length_segment,S_stand_in_front_of_the_house_01_02_03_TS.xml,sentence-level-word,S_stand_in_front_of_the_house_01_02_03_TS.wav,21.0,24.0,336000,384000,63484,
zero_length_segment,S_stand_in_front_of_the_house_01_02_03_TS.xml,sentence-level-word,S_stand_in_front_of_the_house_01_02_03_TS.wav,33.0,40.0,528000,640000,63484,
zero_length_segment,S_stand_in_front_of_the_house_01_02_03_TS.xml,sentence-level-word,S_stand_in_front_of_the_house_01_02_03_TS.wav,27.0,33.0,432000,528000,63484,
zero_length_segment,S_stand_in_front_of_the_house_01_02_03_TS.xml,sentence-level-word,S_stand_in_front_of_the_house_01_02_03_TS.wav,18.0,21.0,288000,336000,63484,
zero_length_segment,S_stand_on_the_side_of_the_house_02_TS.xml,sentence-level-word,S_stand_on_the_side_of_the_house_02_TS.wav,16.0,20.0,256000,320000,28476,
zero_length_segment,S_stand_on_the_side_of_the_house_02_TS.xml,sentence-level-word,S_stand_on_the_side_of_the_house_02_TS.wav,4.0,7.0,64000,112000,28476,
zero_length_segment,S_stand_on_the_side_of_the_house_02_TS.xml,sentence-level-word,S_stand_on_the_side_of_the_house_02_TS.wav,7.0,10.0,112000,160000,28476,
zero_length_segment,S_stand_on_the_side_of_the_house_02_TS.xml,sentence-level-word,S_stand_on_the_side_of_the_house_02_TS.wav,10.0,16.0,160000,256000,28476,
zero_length_segment,S_stay_at_FUT_home_tomorrow_1s_01_02_03_TS.xml,sentence-level-word,S_stay_at_FUT_home_tomorrow_1s_01_02_03_TS.wav,7.0,14.0,112000,224000,107416,
zero_length_segment,S_stay_at_FUT_home_tomorrow_1s_01_02_03_TS.xml,sentence-level-word,S_stay_at_FUT_home_tomorrow_1s_01_02_03_TS.wav,21.0,26.0,336000,416000,107416,
zero_length_segment,S_stay_at_FUT_home_tomorrow_1s_01_02_03_TS.xml,sentence-level-word,S_stay_at_FUT_home_tomorrow_1s_01_02_03_TS.wav,14.0,21.0,224000,336000,107416,
zero_length_segment,S_stay_at_FUT_home_tomorrow_3s_inf_01_02_03_TS.xml,sentence-level-word,S_stay_at_FUT_home_tomorrow_3s_inf_01_02_03_TS.wav,12.0,18.0,192000,288000,95331,
zero_length_segment,S_stay_at_FUT_home_tomorrow_3s_inf_01_02_03_TS.xml,sentence-level-word,S_stay_at_FUT_home_tomorrow_3s_inf_01_02_03_TS.wav,18.0,23.0,288000,368000,95331,
zero_length_segment,S_stay_at_PRES_home_today_1s_01_02_03_TS.xml,sentence-level-word,S_stay_at_PRES_home_today_1s_01_02_03_TS.wav,15.0,26.0,240000,416000,109270,
zero_length_segment,S_stay_at_PRES_home_today_1s_01_02_03_TS.xml,sentence-level-word,S_stay_at_PRES_home_today_1s_01_02_03_TS.wav,9.0,15.0,144000,240000,109270,
zero_length_segment,S_stay_at_PST_home_the_other_day_1s_01_02_03_TS.xml,sentence-level-word,S_stay_at_PST_home_the_other_day_1s_01_02_03_TS.wav,11.0,17.0,176000,272000,105113,
zero_length_segment,S_stay_at_PST_home_the_other_day_1s_01_02_03_TS.xml,sentence-level-word,S_stay_at_PST_home_the_other_day_1s_01_02_03_TS.wav,7.0,11.0,112000,176000,105113,
zero_length_segment,S_stay_at_PST_home_the_other_day_1s_01_02_03_TS.xml,sentence-level-word,S_stay_at_PST_home_the_other_day_1s_01_02_03_TS.wav,17.0,26.0,272000,416000,105113,
zero_length_segment,S_stay_at_PST_the_other_day_3s_inf_01_02_03_TS.xml,sentence-level-word,S_stay_at_PST_the_other_day_3s_inf_01_02_03_TS.wav,11.0,15.0,176000,240000,117594,
zero_length_segment,S_stay_at_PST_the_other_day_3s_inf_01_02_03_TS.xml,sentence-level-word,S_stay_at_PST_the_other_day_3s_inf_01_02_03_TS.wav,15.0,26.0,240000,416000,117594,
zero_length_segment,S_that_beautiful_woman_eats_chicken_1st_pl_01_spkrJS.xml,sentence-level-word,S_that_beautiful_woman_eats_chicken_1st_pl_01_spkrJS.wav,24.0,30.0,384000,480000,57024,
zero_length_segment,S_that_beautiful_woman_eats_chicken_1st_pl_01_spkrJS.xml,sentence-level-word,S_that_beautiful_woman_eats_chicken_1st_pl_01_spkrJS.wav,16.0,21.0,256000,336000,57024,
zero_length_segment,S_that_beautiful_woman_eats_chicken_1st_pl_01_spkrJS.xml,sentence-level-word,S_that_beautiful_woman_eats_chicken_1st_pl_01_spkrJS.wav,21.0,24.0,336000,384000,57024,
zero_length_segment,S_that_beautiful_woman_eats_chicken_1st_pl_01_spkrJS.xml,sentence-level-word,S_that_beautiful_woman_eats_chicken_1st_pl_01_spkrJS.wav,7.0,10.0,112000,160000,57024,
zero_length_segment,S_that_beautiful_woman_eats_chicken_1st_pl_01_spkrJS.xml,sentence-level-word,S_that_beautiful_woman_eats_chicken_1st_pl_01_spkrJS.wav,10.0,16.0,160000,256000,57024,
zero_length_segment,S_that_beautiful_woman_eats_chicken_1st_sg_01_spkrJS.xml,sentence-level-word,S_that_beautiful_woman_eats_chicken_1st_sg_01_spkrJS.wav,12.0,18.0,192000,288000,62670,
zero_length_segment,S_that_beautiful_woman_eats_chicken_1st_sg_01_spkrJS.xml,sentence-level-word,S_that_beautiful_woman_eats_chicken_1st_sg_01_spkrJS.wav,23.0,31.0,368000,496000,62670,
zero_length_segment,S_that_beautiful_woman_eats_chicken_1st_sg_01_spkrJS.xml,sentence-level-word,S_that_beautiful_woman_eats_chicken_1st_sg_01_spkrJS.wav,7.0,12.0,112000,192000,62670,
zero_length_segment,S_that_beautiful_woman_eats_chicken_1st_sg_01_spkrJS.xml,sentence-level-word,S_that_beautiful_woman_eats_chicken_1st_sg_01_spkrJS.wav,18.0,23.0,288000,368000,62670,
zero_length_segment,S_that_beautiful_woman_eats_the_chicken_02_JS.xml,sentence-level-word,S_that_beautiful_woman_eats_the_chicken_02_JS.wav,23.0,31.0,368000,496000,56571,
zero_length_segment,S_that_beautiful_woman_eats_the_chicken_02_JS.xml,sentence-level-word,S_that_beautiful_woman_eats_the_chicken_02_JS.wav,13.0,18.0,208000,288000,56571,
zero_length_segment,S_that_beautiful_woman_eats_the_chicken_02_JS.xml,sentence-level-word,S_that_beautiful_woman_eats_the_chicken_02_JS.wav,7.0,13.0,112000,208000,56571,
zero_length_segment,S_that_beautiful_woman_eats_the_chicken_02_JS.xml,sentence-level-word,S_that_beautiful_woman_eats_the_chicken_02_JS.wav,18.0,23.0,288000,368000,56571,
zero_length_segment,S_the-that_priest_hit_1st_sg_01_JS.xml,sentence-level-word,S_the-that_priest_hit_1st_sg_01_JS.wav,20.0,24.0,320000,384000,37385,
zero_length_segment,S_the-that_priest_hit_1st_sg_01_JS.xml,sentence-level-word,S_the-that_priest_hit_1st_sg_01_JS.wav,10.0,20.0,160000,320000,37385,
zero_length_segment,S_the-that_priest_hit_1st_sg_01_JS.xml,sentence-level-word,S_the-that_priest_hit_1st_sg_01_JS.wav,7.0,10.0,112000,160000,37385,
zero_length_segment,S_the_bat_fly_COMPL_get_up_out_of_COMPL_the_cave_01_02_TS.xml,sentence-level-word,S_the_bat_fly_COMPL_get_up_out_of_COMPL_the_cave_01_02_TS.wav,23.0,31.0,368000,496000,117546,
zero_length_segment,S_the_bat_fly_COMPL_get_up_out_of_COMPL_the_cave_01_02_TS.xml,sentence-level-word,S_the_bat_fly_COMPL_get_up_out_of_COMPL_the_cave_01_02_TS.wav,34.0,42.0,544000,672000,117546,
zero_length_segment,S_the_bat_fly_COMPL_get_up_out_of_COMPL_the_cave_01_02_TS.xml,sentence-level-word,S_the_bat_fly_COMPL_get_up_out_of_COMPL_the_cave_01_02_TS.wav,20.0,23.0,320000,368000,117546,
zero_length_segment,S_the_bat_fly_COMPL_get_up_out_of_COMPL_the_cave_01_02_TS.xml,sentence-level-word,S_the_bat_fly_COMPL_get_up_out_of_COMPL_the_cave_01_02_TS.wav,31.0,34.0,496000,544000,117546,
zero_length_segment,S_the_bat_fly_COMPL_get_up_out_of_COMPL_the_cave_01_02_TS.xml,sentence-level-word,S_the_bat_fly_COMPL_get_up_out_of_COMPL_the_cave_01_02_TS.wav,8.0,17.0,128000,272000,117546,
zero_length_segment,S_the_bat_fly_COMPL_get_up_out_of_COMPL_the_cave_01_02_TS.xml,sentence-level-word,S_the_bat_fly_COMPL_get_up_out_of_COMPL_the_cave_01_02_TS.wav,17.0,20.0,272000,320000,117546,
zero_length_segment,S_the_bat_fly_COMPL_to_the_cave_enter_COMPL_02_03_TS.xml,sentence-level-word,S_the_bat_fly_COMPL_to_the_cave_enter_COMPL_02_03_TS.wav,22.0,25.0,352000,400000,108247,
zero_length_segment,S_the_bat_fly_COMPL_to_the_cave_enter_COMPL_02_03_TS.xml,sentence-level-word,S_the_bat_fly_COMPL_to_the_cave_enter_COMPL_02_03_TS.wav,16.0,19.0,256000,304000,108247,
zero_length_segment,S_the_bat_fly_COMPL_to_the_cave_enter_COMPL_02_03_TS.xml,sentence-level-word,S_the_bat_fly_COMPL_to_the_cave_enter_COMPL_02_03_TS.wav,19.0,22.0,304000,352000,108247,
zero_length_segment,S_the_bat_fly_COMPL_to_the_cave_enter_COMPL_02_03_TS.xml,sentence-level-word,S_the_bat_fly_COMPL_to_the_cave_enter_COMPL_02_03_TS.wav,7.0,16.0,112000,256000,108247,
zero_length_segment,S_the_bat_fly_COMPL_to_the_cave_enter_COMPL_02_03_TS.xml,sentence-level-word,S_the_bat_fly_COMPL_to_the_cave_enter_COMPL_02_03_TS.wav,28.0,35.0,448000,560000,108247,
zero_length_segment,S_the_bat_fly_COMPL_to_the_cave_enter_COMPL_02_03_TS.xml,sentence-level-word,S_the_bat_fly_COMPL_to_the_cave_enter_COMPL_02_03_TS.wav,25.0,28.0,400000,448000,108247,
zero_length_segment,S_the_bat_fly_FUT_into_the_cave_01_02_03_TS.xml,sentence-level-word,S_the_bat_fly_FUT_into_the_cave_01_02_03_TS.wav,30.0,38.0,480000,608000,127608,
zero_length_segment,S_the_bat_fly_FUT_into_the_cave_01_02_03_TS.xml,sentence-level-word,S_the_bat_fly_FUT_into_the_cave_01_02_03_TS.wav,27.0,30.0,432000,480000,127608,
zero_length_segment,S_the_bat_fly_FUT_into_the_cave_01_02_03_TS.xml,sentence-level-word,S_the_bat_fly_FUT_into_the_cave_01_02_03_TS.wav,11.0,17.0,176000,272000,127608,
zero_length_segment,S_the_bat_fly_FUT_into_the_cave_01_02_03_TS.xml,sentence-level-word,S_the_bat_fly_FUT_into_the_cave_01_02_03_TS.wav,17.0,19.0,272000,304000,127608,
zero_length_segment,S_the_bat_fly_FUT_into_the_cave_01_02_03_TS.xml,sentence-level-word,S_the_bat_fly_FUT_into_the_cave_01_02_03_TS.wav,19.0,27.0,304000,432000,127608,
zero_length_segment,S_the_bat_fly_FUT_out_of_the_cave_01_02_TS.xml,sentence-level-word,S_the_bat_fly_FUT_out_of_the_cave_01_02_TS.wav,24.0,27.0,384000,432000,92056,
zero_length_segment,S_the_bat_fly_FUT_out_of_the_cave_01_02_TS.xml,sentence-level-word,S_the_bat_fly_FUT_out_of_the_cave_01_02_TS.wav,21.0,24.0,336000,384000,92056,
zero_length_segment,S_the_bat_fly_FUT_out_of_the_cave_01_02_TS.xml,sentence-level-word,S_the_bat_fly_FUT_out_of_the_cave_01_02_TS.wav,27.0,37.0,432000,592000,92056,
zero_length_segment,S_the_bat_fly_FUT_out_of_the_cave_01_02_TS.xml,sentence-level-word,S_the_bat_fly_FUT_out_of_the_cave_01_02_TS.wav,11.0,19.0,176000,304000,92056,
zero_length_segment,S_the_bat_fly_FUT_out_of_the_cave_01_02_TS.xml,sentence-level-word,S_the_bat_fly_FUT_out_of_the_cave_01_02_TS.wav,19.0,21.0,304000,336000,92056,
zero_length_segment,S_the_bee_is_flying_around_the_tree_01_02_03_TS.xml,sentence-level-word,S_the_bee_is_flying_around_the_tree_01_02_03_TS.wav,16.0,19.0,256000,304000,156834,
zero_length_segment,S_the_bee_is_flying_around_the_tree_01_02_03_TS.xml,sentence-level-word,S_the_bee_is_flying_around_the_tree_01_02_03_TS.wav,13.0,16.0,208000,256000,156834,
zero_length_segment,S_the_bee_is_flying_around_the_tree_01_02_03_TS.xml,sentence-level-word,S_the_bee_is_flying_around_the_tree_01_02_03_TS.wav,19.0,80.0,304000,1280000,156834,
zero_length_segment,S_the_bee_is_flying_around_the_tree_01_02_03_TS.xml,sentence-level-word,S_the_bee_is_flying_around_the_tree_01_02_03_TS.wav,26.0,32.0,416000,512000,156834,
zero_length_segment,S_the_bee_is_flying_around_the_tree_01_02_03_TS.xml,sentence-level-word,S_the_bee_is_flying_around_the_tree_01_02_03_TS.wav,38.0,41.0,608000,656000,156834,
zero_length_segment,S_the_bee_is_flying_around_the_tree_01_02_03_TS.xml,sentence-level-word,S_the_bee_is_flying_around_the_tree_01_02_03_TS.wav,44.0,81.0,704000,1296000,156834,
zero_length_segment,S_the_bee_is_flying_around_the_tree_01_02_03_TS.xml,sentence-level-word,S_the_bee_is_flying_around_the_tree_01_02_03_TS.wav,41.0,44.0,656000,704000,156834,
zero_length_segment,S_the_bee_is_flying_around_the_tree_01_02_03_TS.xml,sentence-level-word,S_the_bee_is_flying_around_the_tree_01_02_03_TS.wav,32.0,38.0,512000,608000,156834,
zero_length_segment,S_the_bee_is_flying_around_the_tree_01_02_03_TS.xml,sentence-level-word,S_the_bee_is_flying_around_the_tree_01_02_03_TS.wav,58.0,64.0,928000,1024000,156834,
zero_length_segment,S_the_bee_is_flying_around_the_tree_01_02_03_TS.xml,sentence-level-word,S_the_bee_is_flying_around_the_tree_01_02_03_TS.wav,70.0,82.0,1120000,1312000,156834,
zero_length_segment,S_the_bee_is_flying_around_the_tree_01_02_03_TS.xml,sentence-level-word,S_the_bee_is_flying_around_the_tree_01_02_03_TS.wav,51.0,58.0,816000,928000,156834,
zero_length_segment,S_the_bee_is_flying_around_the_tree_01_02_03_TS.xml,sentence-level-word,S_the_bee_is_flying_around_the_tree_01_02_03_TS.wav,64.0,67.0,1024000,1072000,156834,
zero_length_segment,S_the_bee_is_flying_around_the_tree_01_02_03_TS.xml,sentence-level-word,S_the_bee_is_flying_around_the_tree_01_02_03_TS.wav,67.0,70.0,1072000,1120000,156834,
zero_length_segment,S_the_crow_is_flying_high_01_02_03_TS.xml,sentence-level-word,S_the_crow_is_flying_high_01_02_03_TS.wav,23.0,28.0,368000,448000,112900,
zero_length_segment,S_the_crow_is_flying_high_01_02_03_TS.xml,sentence-level-word,S_the_crow_is_flying_high_01_02_03_TS.wav,14.0,23.0,224000,368000,112900,
zero_length_segment,S_the_dog_is_walking_towards_the_kids_01_02_spkrTS.xml,sentence-level-word,S_the_dog_is_walking_towards_the_kids_01_02_spkrTS.wav,22.0,26.0,352000,416000,107366,
zero_length_segment,S_the_dog_is_walking_towards_the_kids_01_02_spkrTS.xml,sentence-level-word,S_the_dog_is_walking_towards_the_kids_01_02_spkrTS.wav,26.0,70.0,416000,1120000,107366,
zero_length_segment,S_the_dog_is_walking_towards_the_kids_01_02_spkrTS.xml,sentence-level-word,S_the_dog_is_walking_towards_the_kids_01_02_spkrTS.wav,11.0,14.0,176000,224000,107366,
zero_length_segment,S_the_dog_is_walking_towards_the_kids_01_02_spkrTS.xml,sentence-level-word,S_the_dog_is_walking_towards_the_kids_01_02_spkrTS.wav,14.0,18.0,224000,288000,107366,
zero_length_segment,S_the_dog_is_walking_towards_the_kids_01_02_spkrTS.xml,sentence-level-word,S_the_dog_is_walking_towards_the_kids_01_02_spkrTS.wav,18.0,22.0,288000,352000,107366,
zero_length_segment,S_the_dog_is_walking_towards_the_kids_01_02_spkrTS.xml,sentence-level-word,S_the_dog_is_walking_towards_the_kids_01_02_spkrTS.wav,37.0,42.0,592000,672000,107366,
zero_length_segment,S_the_dog_is_walking_towards_the_kids_01_02_spkrTS.xml,sentence-level-word,S_the_dog_is_walking_towards_the_kids_01_02_spkrTS.wav,45.0,51.0,720000,816000,107366,
zero_length_segment,S_the_dog_is_walking_towards_the_kids_01_02_spkrTS.xml,sentence-level-word,S_the_dog_is_walking_towards_the_kids_01_02_spkrTS.wav,51.0,56.0,816000,896000,107366,
zero_length_segment,S_the_dog_is_walking_towards_the_kids_01_02_spkrTS.xml,sentence-level-word,S_the_dog_is_walking_towards_the_kids_01_02_spkrTS.wav,56.0,61.0,896000,976000,107366,
zero_length_segment,S_the_dog_is_walking_towards_the_kids_01_02_spkrTS.xml,sentence-level-word,S_the_dog_is_walking_towards_the_kids_01_02_spkrTS.wav,42.0,45.0,672000,720000,107366,
zero_length_segment,S_the_dog_is_walking_towards_the_kids_01_02_spkrTS.xml,sentence-level-word,S_the_dog_is_walking_towards_the_kids_01_02_spkrTS.wav,32.0,37.0,512000,592000,107366,
zero_length_segment,S_the_dog_is_walking_towards_the_kids_01_02_spkrTS.xml,sentence-level-word,S_the_dog_is_walking_towards_the_kids_01_02_spkrTS.wav,61.0,71.0,976000,1136000,107366,
zero_length_segment,S_the_dogs_are_walking_away_from_eachother_01_02_03_spkrTS.xml,sentence-level-word,S_the_dogs_are_walking_away_from_eachother_01_02_03_spkrTS.wav,23.0,28.0,368000,448000,111343,
zero_length_segment,S_the_dogs_are_walking_away_from_eachother_01_02_03_spkrTS.xml,sentence-level-word,S_the_dogs_are_walking_away_from_eachother_01_02_03_spkrTS.wav,11.0,17.0,176000,272000,111343,
zero_length_segment,S_the_dogs_are_walking_away_from_eachother_01_02_03_spkrTS.xml,sentence-level-word,S_the_dogs_are_walking_away_from_eachother_01_02_03_spkrTS.wav,17.0,23.0,272000,368000,111343,
zero_length_segment,S_the_hawk_fly_COMPL_in_front_of_1s_01_02_03_TS.xml,sentence-level-word,S_the_hawk_fly_COMPL_in_front_of_1s_01_02_03_TS.wav,17.0,54.0,272000,864000,99977,
zero_length_segment,S_the_hawk_fly_COMPL_in_front_of_1s_01_02_03_TS.xml,sentence-level-word,S_the_hawk_fly_COMPL_in_front_of_1s_01_02_03_TS.wav,8.0,14.0,128000,224000,99977,
zero_length_segment,S_the_hawk_fly_COMPL_in_front_of_1s_01_02_03_TS.xml,sentence-level-word,S_the_hawk_fly_COMPL_in_front_of_1s_01_02_03_TS.wav,14.0,17.0,224000,272000,99977,
zero_length_segment,S_the_hawk_fly_COMPL_infront_of_3s_inf_01_02_03_TS.xml,sentence-level-word,S_the_hawk_fly_COMPL_infront_of_3s_inf_01_02_03_TS.wav,9.0,14.0,144000,224000,90456,
zero_length_segment,S_the_hawk_fly_COMPL_infront_of_3s_inf_01_02_03_TS.xml,sentence-level-word,S_the_hawk_fly_COMPL_infront_of_3s_inf_01_02_03_TS.wav,17.0,67.0,272000,1072000,90456,
zero_length_segment,S_the_hawk_fly_COMPL_infront_of_3s_inf_01_02_03_TS.xml,sentence-level-word,S_the_hawk_fly_COMPL_infront_of_3s_inf_01_02_03_TS.wav,14.0,17.0,224000,272000,90456,
zero_length_segment,S_the_hawk_fly_COMPL_infront_of_3s_inf_01_02_03_TS.xml,sentence-level-word,S_the_hawk_fly_COMPL_infront_of_3s_inf_01_02_03_TS.wav,38.0,68.0,608000,1088000,90456,
zero_length_segment,S_the_hawk_fly_COMPL_infront_of_3s_inf_01_02_03_TS.xml,sentence-level-word,S_the_hawk_fly_COMPL_infront_of_3s_inf_01_02_03_TS.wav,22.0,29.0,352000,464000,90456,
zero_length_segment,S_the_hawk_fly_COMPL_infront_of_3s_inf_01_02_03_TS.xml,sentence-level-word,S_the_hawk_fly_COMPL_infront_of_3s_inf_01_02_03_TS.wav,29.0,35.0,464000,560000,90456,
zero_length_segment,S_the_hawk_fly_COMPL_infront_of_3s_inf_01_02_03_TS.xml,sentence-level-word,S_the_hawk_fly_COMPL_infront_of_3s_inf_01_02_03_TS.wav,35.0,38.0,560000,608000,90456,
zero_length_segment,S_the_hawk_fly_COMPL_infront_of_3s_inf_01_02_03_TS.xml,sentence-level-word,S_the_hawk_fly_COMPL_infront_of_3s_inf_01_02_03_TS.wav,43.0,50.0,688000,800000,90456,
zero_length_segment,S_the_hawk_fly_COMPL_infront_of_3s_inf_01_02_03_TS.xml,sentence-level-word,S_the_hawk_fly_COMPL_infront_of_3s_inf_01_02_03_TS.wav,50.0,56.0,800000,896000,90456,
zero_length_segment,S_the_hawk_fly_COMPL_infront_of_3s_inf_01_02_03_TS.xml,sentence-level-word,S_the_hawk_fly_COMPL_infront_of_3s_inf_01_02_03_TS.wav,59.0,69.0,944000,1104000,90456,
zero_length_segment,S_the_hawk_fly_COMPL_infront_of_3s_inf_01_02_03_TS.xml,sentence-level-word,S_the_hawk_fly_COMPL_infront_of_3s_inf_01_02_03_TS.wav,56.0,59.0,896000,944000,90456,
zero_length_segment,S_the_house_is_on_the_bottom_of_the_hill_01_02.xml,sentence-level-word,S_the_house_is_on_the_bottom_of_the_hill_01_02.wav,15.0,19.0,240000,304000,69192,
zero_length_segment,S_the_house_is_on_the_bottom_of_the_hill_01_02.xml,sentence-level-word,S_the_house_is_on_the_bottom_of_the_hill_01_02.wav,13.0,15.0,208000,240000,69192,
zero_length_segment,S_the_house_is_on_the_bottom_of_the_hill_01_02.xml,sentence-level-word,S_the_house_is_on_the_bottom_of_the_hill_01_02.wav,7.0,13.0,112000,208000,69192,
zero_length_segment,S_the_house_is_on_the_bottom_of_the_hill_01_02.xml,sentence-level-word,S_the_house_is_on_the_bottom_of_the_hill_01_02.wav,19.0,52.0,304000,832000,69192,
zero_length_segment,S_the_house_is_on_the_bottom_of_the_hill_01_02.xml,sentence-level-word,S_the_house_is_on_the_bottom_of_the_hill_01_02.wav,37.0,40.0,592000,640000,69192,
zero_length_segment,S_the_house_is_on_the_bottom_of_the_hill_01_02.xml,sentence-level-word,S_the_house_is_on_the_bottom_of_the_hill_01_02.wav,31.0,37.0,496000,592000,69192,
zero_length_segment,S_the_house_is_on_the_bottom_of_the_hill_01_02.xml,sentence-level-word,S_the_house_is_on_the_bottom_of_the_hill_01_02.wav,44.0,53.0,704000,848000,69192,
zero_length_segment,S_the_house_is_on_the_bottom_of_the_hill_01_02.xml,sentence-level-word,S_the_house_is_on_the_bottom_of_the_hill_01_02.wav,40.0,44.0,640000,704000,69192,
zero_length_segment,S_the_house_is_on_the_bottom_of_the_hill_01_02.xml,sentence-level-word,S_the_house_is_on_the_bottom_of_the_hill_01_02.wav,25.0,31.0,400000,496000,69192,
zero_length_segment,S_the_little_kid_put_the_cat_up_in_the_tree_01_02_spkrTS.xml,sentence-level-word,S_the_little_kid_put_the_cat_up_in_the_tree_01_02_spkrTS.wav,23.0,61.0,368000,976000,111181,
zero_length_segment,S_the_little_kid_put_the_cat_up_in_the_tree_01_02_spkrTS.xml,sentence-level-word,S_the_little_kid_put_the_cat_up_in_the_tree_01_02_spkrTS.wav,20.0,23.0,320000,368000,111181,
zero_length_segment,S_the_little_kid_put_the_cat_up_in_the_tree_01_02_spkrTS.xml,sentence-level-word,S_the_little_kid_put_the_cat_up_in_the_tree_01_02_spkrTS.wav,13.0,14.0,208000,224000,111181,
zero_length_segment,S_the_little_kid_put_the_cat_up_in_the_tree_01_02_spkrTS.xml,sentence-level-word,S_the_little_kid_put_the_cat_up_in_the_tree_01_02_spkrTS.wav,14.0,20.0,224000,320000,111181,
zero_length_segment,S_the_little_kid_put_the_cat_up_in_the_tree_01_02_spkrTS.xml,sentence-level-word,S_the_little_kid_put_the_cat_up_in_the_tree_01_02_spkrTS.wav,43.0,48.0,688000,768000,111181,
zero_length_segment,S_the_little_kid_put_the_cat_up_in_the_tree_01_02_spkrTS.xml,sentence-level-word,S_the_little_kid_put_the_cat_up_in_the_tree_01_02_spkrTS.wav,33.0,41.0,528000,656000,111181,
zero_length_segment,S_the_little_kid_put_the_cat_up_in_the_tree_01_02_spkrTS.xml,sentence-level-word,S_the_little_kid_put_the_cat_up_in_the_tree_01_02_spkrTS.wav,51.0,62.0,816000,992000,111181,
zero_length_segment,S_the_little_kid_put_the_cat_up_in_the_tree_01_02_spkrTS.xml,sentence-level-word,S_the_little_kid_put_the_cat_up_in_the_tree_01_02_spkrTS.wav,30.0,33.0,480000,528000,111181,
zero_length_segment,S_the_little_kid_put_the_cat_up_in_the_tree_01_02_spkrTS.xml,sentence-level-word,S_the_little_kid_put_the_cat_up_in_the_tree_01_02_spkrTS.wav,41.0,43.0,656000,688000,111181,
zero_length_segment,S_the_little_kid_put_the_cat_up_in_the_tree_01_02_spkrTS.xml,sentence-level-word,S_the_little_kid_put_the_cat_up_in_the_tree_01_02_spkrTS.wav,48.0,51.0,768000,816000,111181,
zero_length_segment,S_the_lizard_beLOC_in_the_boys_hand_01_02_03_TS.xml,sentence-level-word,S_the_lizard_beLOC_in_the_boys_hand_01_02_03_TS.wav,23.0,30.0,368000,480000,188267,
zero_length_segment,S_the_lizard_beLOC_in_the_boys_hand_01_02_03_TS.xml,sentence-level-word,S_the_lizard_beLOC_in_the_boys_hand_01_02_03_TS.wav,30.0,36.0,480000,576000,188267,
zero_length_segment,S_the_lizard_beLOC_in_the_boys_hand_01_02_03_TS.xml,sentence-level-word,S_the_lizard_beLOC_in_the_boys_hand_01_02_03_TS.wav,36.0,117.0,576000,1872000,188267,
zero_length_segment,S_the_lizard_beLOC_in_the_boys_hand_01_02_03_TS.xml,sentence-level-word,S_the_lizard_beLOC_in_the_boys_hand_01_02_03_TS.wav,19.0,23.0,304000,368000,188267,
zero_length_segment,S_the_lizard_beLOC_in_the_boys_hand_01_02_03_TS.xml,sentence-level-word,S_the_lizard_beLOC_in_the_boys_hand_01_02_03_TS.wav,65.0,71.0,1040000,1136000,188267,
zero_length_segment,S_the_lizard_beLOC_in_the_boys_hand_01_02_03_TS.xml,sentence-level-word,S_the_lizard_beLOC_in_the_boys_hand_01_02_03_TS.wav,57.0,60.0,912000,960000,188267,
zero_length_segment,S_the_lizard_beLOC_in_the_boys_hand_01_02_03_TS.xml,sentence-level-word,S_the_lizard_beLOC_in_the_boys_hand_01_02_03_TS.wav,71.0,118.0,1136000,1888000,188267,
zero_length_segment,S_the_lizard_beLOC_in_the_boys_hand_01_02_03_TS.xml,sentence-level-word,S_the_lizard_beLOC_in_the_boys_hand_01_02_03_TS.wav,39.0,49.0,624000,784000,188267,
zero_length_segment,S_the_lizard_beLOC_in_the_boys_hand_01_02_03_TS.xml,sentence-level-word,S_the_lizard_beLOC_in_the_boys_hand_01_02_03_TS.wav,49.0,57.0,784000,912000,188267,
zero_length_segment,S_the_lizard_beLOC_in_the_boys_hand_01_02_03_TS.xml,sentence-level-word,S_the_lizard_beLOC_in_the_boys_hand_01_02_03_TS.wav,60.0,65.0,960000,1040000,188267,
zero_length_segment,S_the_lizard_beLOC_in_the_boys_hand_01_02_03_TS.xml,sentence-level-word,S_the_lizard_beLOC_in_the_boys_hand_01_02_03_TS.wav,108.0,119.0,1728000,1904000,188267,
zero_length_segment,S_the_lizard_beLOC_in_the_boys_hand_01_02_03_TS.xml,sentence-level-word,S_the_lizard_beLOC_in_the_boys_hand_01_02_03_TS.wav,98.0,102.0,1568000,1632000,188267,
zero_length_segment,S_the_lizard_beLOC_in_the_boys_hand_01_02_03_TS.xml,sentence-level-word,S_the_lizard_beLOC_in_the_boys_hand_01_02_03_TS.wav,74.0,84.0,1184000,1344000,188267,
zero_length_segment,S_the_lizard_beLOC_in_the_boys_hand_01_02_03_TS.xml,sentence-level-word,S_the_lizard_beLOC_in_the_boys_hand_01_02_03_TS.wav,84.0,95.0,1344000,1520000,188267,
zero_length_segment,S_the_lizard_beLOC_in_the_boys_hand_01_02_03_TS.xml,sentence-level-word,S_the_lizard_beLOC_in_the_boys_hand_01_02_03_TS.wav,95.0,98.0,1520000,1568000,188267,
zero_length_segment,S_the_lizard_beLOC_in_the_boys_hand_01_02_03_TS.xml,sentence-level-word,S_the_lizard_beLOC_in_the_boys_hand_01_02_03_TS.wav,102.0,108.0,1632000,1728000,188267,
zero_length_segment,S_the_owl_fly_COMPL_into_the_tree_01_02_03_TS.xml,sentence-level-word,S_the_owl_fly_COMPL_into_the_tree_01_02_03_TS.wav,16.0,19.0,256000,304000,125855,
zero_length_segment,S_the_owl_fly_COMPL_into_the_tree_01_02_03_TS.xml,sentence-level-word,S_the_owl_fly_COMPL_into_the_tree_01_02_03_TS.wav,13.0,16.0,208000,256000,125855,
zero_length_segment,S_the_owl_fly_COMPL_into_the_tree_01_02_03_TS.xml,sentence-level-word,S_the_owl_fly_COMPL_into_the_tree_01_02_03_TS.wav,19.0,29.0,304000,464000,125855,
zero_length_segment,S_the_red_and_yellow_bird_sings_01_spkrJS.xml,sentence-level-word,S_the_red_and_yellow_bird_sings_01_spkrJS.wav,13.0,17.0,208000,272000,62373,
zero_length_segment,S_the_red_and_yellow_bird_sings_01_spkrJS.xml,sentence-level-word,S_the_red_and_yellow_bird_sings_01_spkrJS.wav,4.0,10.0,64000,160000,62373,
zero_length_segment,S_the_red_and_yellow_bird_sings_01_spkrJS.xml,sentence-level-word,S_the_red_and_yellow_bird_sings_01_spkrJS.wav,10.0,13.0,160000,208000,62373,
zero_length_segment,S_the_red_and_yellow_bird_sings_01_spkrJS.xml,sentence-level-word,S_the_red_and_yellow_bird_sings_01_spkrJS.wav,17.0,27.0,272000,432000,62373,
zero_length_segment,S_the_squirrel_eats_the_lion_02_spkrJS.xml,sentence-level-word,S_the_squirrel_eats_the_lion_02_spkrJS.wav,17.0,28.0,272000,448000,42404,
zero_length_segment,S_the_squirrel_eats_the_lion_02_spkrJS.xml,sentence-level-word,S_the_squirrel_eats_the_lion_02_spkrJS.wav,8.0,17.0,128000,272000,42404,
zero_length_segment,S_the_sun_shines_today_01_02_JS.xml,sentence-level-word,S_the_sun_shines_today_01_02_JS.wav,15.0,47.0,240000,752000,85555,
zero_length_segment,S_the_sun_shines_today_01_02_JS.xml,sentence-level-word,S_the_sun_shines_today_01_02_JS.wav,36.0,48.0,576000,768000,85555,
zero_length_segment,S_the_sun_shines_today_01_02_JS.xml,sentence-level-word,S_the_sun_shines_today_01_02_JS.wav,26.0,36.0,416000,576000,85555,
zero_length_segment,S_the_sun_shines_today_01_02_JS.xml,sentence-level-word,S_the_sun_shines_today_01_02_JS.wav,21.0,26.0,336000,416000,85555,
zero_length_segment,S_the_swallow_fly_away_COMPL_because_he_saw_a_vulcher_01_02_03_TS.xml,sentence-level-word,S_the_swallow_fly_away_COMPL_because_he_saw_a_vulcher_01_02_03_TS.wav,24.0,27.0,384000,432000,186043,
zero_length_segment,S_the_swallow_fly_away_COMPL_because_he_saw_a_vulcher_01_02_03_TS.xml,sentence-level-word,S_the_swallow_fly_away_COMPL_because_he_saw_a_vulcher_01_02_03_TS.wav,38.0,49.0,608000,784000,186043,
zero_length_segment,S_the_swallow_fly_away_COMPL_because_he_saw_a_vulcher_01_02_03_TS.xml,sentence-level-word,S_the_swallow_fly_away_COMPL_because_he_saw_a_vulcher_01_02_03_TS.wav,27.0,29.0,432000,464000,186043,
zero_length_segment,S_the_swallow_fly_away_COMPL_because_he_saw_a_vulcher_01_02_03_TS.xml,sentence-level-word,S_the_swallow_fly_away_COMPL_because_he_saw_a_vulcher_01_02_03_TS.wav,29.0,38.0,464000,608000,186043,
zero_length_segment,S_the_swallow_fly_away_COMPL_because_he_saw_a_vulcher_01_02_03_TS.xml,sentence-level-word,S_the_swallow_fly_away_COMPL_because_he_saw_a_vulcher_01_02_03_TS.wav,14.0,24.0,224000,384000,186043,
zero_length_segment,S_the_tree_LOC_DIST_01_02_spkrTS.xml,sentence-level-word,S_the_tree_LOC_DIST_01_02_spkrTS.wav,6.0,9.0,96000,144000,53882,
zero_length_segment,S_the_tree_LOC_DIST_01_02_spkrTS.xml,sentence-level-word,S_the_tree_LOC_DIST_01_02_spkrTS.wav,9.0,32.0,144000,512000,53882,
zero_length_segment,S_the_tree_LOC_DIST_from_me_01_02_03_spkrTS.xml,sentence-level-word,S_the_tree_LOC_DIST_from_me_01_02_03_spkrTS.wav,23.0,27.0,368000,432000,113288,
zero_length_segment,S_the_tree_LOC_DIST_from_me_01_02_03_spkrTS.xml,sentence-level-word,S_the_tree_LOC_DIST_from_me_01_02_03_spkrTS.wav,16.0,19.0,256000,304000,113288,
zero_length_segment,S_the_tree_LOC_DIST_from_me_01_02_03_spkrTS.xml,sentence-level-word,S_the_tree_LOC_DIST_from_me_01_02_03_spkrTS.wav,9.0,16.0,144000,256000,113288,
zero_length_segment,S_the_tree_LOC_DIST_from_me_01_02_03_spkrTS.xml,sentence-level-word,S_the_tree_LOC_DIST_from_me_01_02_03_spkrTS.wav,19.0,23.0,304000,368000,113288,
zero_length_segment,S_the_tree_LOC_PROX_01_02_03_spkrTS.xml,sentence-level-word,S_the_tree_LOC_PROX_01_02_03_spkrTS.wav,12.0,59.0,192000,944000,71678,
zero_length_segment,S_the_tree_LOC_PROX_01_02_03_spkrTS.xml,sentence-level-word,S_the_tree_LOC_PROX_01_02_03_spkrTS.wav,8.0,12.0,128000,192000,71678,
zero_length_segment,S_the_tree_LOC_PROX_01_02_03_spkrTS.xml,sentence-level-word,S_the_tree_LOC_PROX_01_02_03_spkrTS.wav,21.0,28.0,336000,448000,71678,
zero_length_segment,S_the_tree_LOC_PROX_01_02_03_spkrTS.xml,sentence-level-word,S_the_tree_LOC_PROX_01_02_03_spkrTS.wav,28.0,32.0,448000,512000,71678,
zero_length_segment,S_the_tree_LOC_PROX_01_02_03_spkrTS.xml,sentence-level-word,S_the_tree_LOC_PROX_01_02_03_spkrTS.wav,32.0,60.0,512000,960000,71678,
zero_length_segment,S_the_tree_LOC_PROX_01_02_03_spkrTS.xml,sentence-level-word,S_the_tree_LOC_PROX_01_02_03_spkrTS.wav,46.0,50.0,736000,800000,71678,
zero_length_segment,S_the_tree_LOC_PROX_01_02_03_spkrTS.xml,sentence-level-word,S_the_tree_LOC_PROX_01_02_03_spkrTS.wav,41.0,46.0,656000,736000,71678,
zero_length_segment,S_the_tree_LOC_PROX_01_02_03_spkrTS.xml,sentence-level-word,S_the_tree_LOC_PROX_01_02_03_spkrTS.wav,50.0,61.0,800000,976000,71678,
zero_length_segment,S_the_tree_LOC_PROX_me_01_02_03_spkrTS.xml,sentence-level-word,S_the_tree_LOC_PROX_me_01_02_03_spkrTS.wav,20.0,81.0,320000,1296000,103873,
zero_length_segment,S_the_tree_LOC_PROX_me_01_02_03_spkrTS.xml,sentence-level-word,S_the_tree_LOC_PROX_me_01_02_03_spkrTS.wav,9.0,14.0,144000,224000,103873,
zero_length_segment,S_the_tree_LOC_PROX_me_01_02_03_spkrTS.xml,sentence-level-word,S_the_tree_LOC_PROX_me_01_02_03_spkrTS.wav,14.0,17.0,224000,272000,103873,
zero_length_segment,S_the_tree_LOC_PROX_me_01_02_03_spkrTS.xml,sentence-level-word,S_the_tree_LOC_PROX_me_01_02_03_spkrTS.wav,17.0,20.0,272000,320000,103873,
zero_length_segment,S_the_tree_LOC_PROX_me_01_02_03_spkrTS.xml,sentence-level-word,S_the_tree_LOC_PROX_me_01_02_03_spkrTS.wav,22.0,27.0,352000,432000,103873,
zero_length_segment,S_the_tree_LOC_PROX_me_01_02_03_spkrTS.xml,sentence-level-word,S_the_tree_LOC_PROX_me_01_02_03_spkrTS.wav,45.0,82.0,720000,1312000,103873,
zero_length_segment,S_the_tree_LOC_PROX_me_01_02_03_spkrTS.xml,sentence-level-word,S_the_tree_LOC_PROX_me_01_02_03_spkrTS.wav,31.0,38.0,496000,608000,103873,
zero_length_segment,S_the_tree_LOC_PROX_me_01_02_03_spkrTS.xml,sentence-level-word,S_the_tree_LOC_PROX_me_01_02_03_spkrTS.wav,38.0,41.0,608000,656000,103873,
zero_length_segment,S_the_tree_LOC_PROX_me_01_02_03_spkrTS.xml,sentence-level-word,S_the_tree_LOC_PROX_me_01_02_03_spkrTS.wav,27.0,31.0,432000,496000,103873,
zero_length_segment,S_the_tree_LOC_PROX_me_01_02_03_spkrTS.xml,sentence-level-word,S_the_tree_LOC_PROX_me_01_02_03_spkrTS.wav,41.0,45.0,656000,720000,103873,
zero_length_segment,S_the_tree_LOC_PROX_me_01_02_03_spkrTS.xml,sentence-level-word,S_the_tree_LOC_PROX_me_01_02_03_spkrTS.wav,72.0,83.0,1152000,1328000,103873,
zero_length_segment,S_the_tree_LOC_PROX_me_01_02_03_spkrTS.xml,sentence-level-word,S_the_tree_LOC_PROX_me_01_02_03_spkrTS.wav,58.0,65.0,928000,1040000,103873,
zero_length_segment,S_the_tree_LOC_PROX_me_01_02_03_spkrTS.xml,sentence-level-word,S_the_tree_LOC_PROX_me_01_02_03_spkrTS.wav,65.0,68.0,1040000,1088000,103873,
zero_length_segment,S_the_tree_LOC_PROX_me_01_02_03_spkrTS.xml,sentence-level-word,S_the_tree_LOC_PROX_me_01_02_03_spkrTS.wav,48.0,54.0,768000,864000,103873,
zero_length_segment,S_the_tree_LOC_PROX_me_01_02_03_spkrTS.xml,sentence-level-word,S_the_tree_LOC_PROX_me_01_02_03_spkrTS.wav,54.0,58.0,864000,928000,103873,
zero_length_segment,S_the_tree_LOC_PROX_me_01_02_03_spkrTS.xml,sentence-level-word,S_the_tree_LOC_PROX_me_01_02_03_spkrTS.wav,68.0,72.0,1088000,1152000,103873,
zero_length_segment,S_the_vase_has_some_water_01_TS.xml,sentence-level-word,S_the_vase_has_some_water_01_TS.wav,11.0,16.0,176000,256000,16581,
zero_length_segment,S_the_vase_has_some_water_01_TS.xml,sentence-level-word,S_the_vase_has_some_water_01_TS.wav,7.0,11.0,112000,176000,16581,
zero_length_segment,S_the_vase_is_empty_01_02_TS.xml,sentence-level-word,S_the_vase_is_empty_01_02_TS.wav,15.0,20.0,240000,320000,44656,
zero_length_segment,S_the_vase_is_empty_01_02_TS.xml,sentence-level-word,S_the_vase_is_empty_01_02_TS.wav,4.0,9.0,64000,144000,44656,
zero_length_segment,S_the_vase_is_empty_01_02_TS.xml,sentence-level-word,S_the_vase_is_empty_01_02_TS.wav,9.0,15.0,144000,240000,44656,
zero_length_segment,S_the_woodpecker_fly_COMPL_in_front_of_3s_01_02_03_TS.xml,sentence-level-word,S_the_woodpecker_fly_COMPL_in_front_of_3s_01_02_03_TS.wav,17.0,70.0,272000,1120000,109503,
zero_length_segment,S_the_woodpecker_fly_COMPL_in_front_of_3s_01_02_03_TS.xml,sentence-level-word,S_the_woodpecker_fly_COMPL_in_front_of_3s_01_02_03_TS.wav,8.0,14.0,128000,224000,109503,
zero_length_segment,S_the_woodpecker_fly_COMPL_in_front_of_3s_01_02_03_TS.xml,sentence-level-word,S_the_woodpecker_fly_COMPL_in_front_of_3s_01_02_03_TS.wav,14.0,17.0,224000,272000,109503,
zero_length_segment,S_the_woodpecker_fly_COMPL_in_front_of_3s_01_02_03_TS.xml,sentence-level-word,S_the_woodpecker_fly_COMPL_in_front_of_3s_01_02_03_TS.wav,38.0,71.0,608000,1136000,109503,
zero_length_segment,S_the_woodpecker_fly_COMPL_in_front_of_3s_01_02_03_TS.xml,sentence-level-word,S_the_woodpecker_fly_COMPL_in_front_of_3s_01_02_03_TS.wav,22.0,29.0,352000,464000,109503,
zero_length_segment,S_the_woodpecker_fly_COMPL_in_front_of_3s_01_02_03_TS.xml,sentence-level-word,S_the_woodpecker_fly_COMPL_in_front_of_3s_01_02_03_TS.wav,29.0,35.0,464000,560000,109503,
zero_length_segment,S_the_woodpecker_fly_COMPL_in_front_of_3s_01_02_03_TS.xml,sentence-level-word,S_the_woodpecker_fly_COMPL_in_front_of_3s_01_02_03_TS.wav,35.0,38.0,560000,608000,109503,
zero_length_segment,S_the_woodpecker_fly_COMPL_in_front_of_3s_01_02_03_TS.xml,sentence-level-word,S_the_woodpecker_fly_COMPL_in_front_of_3s_01_02_03_TS.wav,43.0,50.0,688000,800000,109503,
zero_length_segment,S_the_woodpecker_fly_COMPL_in_front_of_3s_01_02_03_TS.xml,sentence-level-word,S_the_woodpecker_fly_COMPL_in_front_of_3s_01_02_03_TS.wav,50.0,56.0,800000,896000,109503,
zero_length_segment,S_the_woodpecker_fly_COMPL_in_front_of_3s_01_02_03_TS.xml,sentence-level-word,S_the_woodpecker_fly_COMPL_in_front_of_3s_01_02_03_TS.wav,59.0,72.0,944000,1152000,109503,
zero_length_segment,S_the_woodpecker_fly_COMPL_in_front_of_3s_01_02_03_TS.xml,sentence-level-word,S_the_woodpecker_fly_COMPL_in_front_of_3s_01_02_03_TS.wav,56.0,59.0,896000,944000,109503,
zero_length_segment,S_the_woodpecker_fly_COMPL_over_1s_01_02_03_TS.xml,sentence-level-word,S_the_woodpecker_fly_COMPL_over_1s_01_02_03_TS.wav,17.0,71.0,272000,1136000,121994,
zero_length_segment,S_the_woodpecker_fly_COMPL_over_1s_01_02_03_TS.xml,sentence-level-word,S_the_woodpecker_fly_COMPL_over_1s_01_02_03_TS.wav,8.0,14.0,128000,224000,121994,
zero_length_segment,S_the_woodpecker_fly_COMPL_over_1s_01_02_03_TS.xml,sentence-level-word,S_the_woodpecker_fly_COMPL_over_1s_01_02_03_TS.wav,14.0,17.0,224000,272000,121994,
zero_length_segment,S_the_woodpecker_fly_COMPL_over_1s_01_02_03_TS.xml,sentence-level-word,S_the_woodpecker_fly_COMPL_over_1s_01_02_03_TS.wav,36.0,39.0,576000,624000,121994,
zero_length_segment,S_the_woodpecker_fly_COMPL_over_1s_01_02_03_TS.xml,sentence-level-word,S_the_woodpecker_fly_COMPL_over_1s_01_02_03_TS.wav,23.0,30.0,368000,480000,121994,
zero_length_segment,S_the_woodpecker_fly_COMPL_over_1s_01_02_03_TS.xml,sentence-level-word,S_the_woodpecker_fly_COMPL_over_1s_01_02_03_TS.wav,30.0,36.0,480000,576000,121994,
zero_length_segment,S_the_woodpecker_fly_COMPL_over_1s_01_02_03_TS.xml,sentence-level-word,S_the_woodpecker_fly_COMPL_over_1s_01_02_03_TS.wav,39.0,72.0,624000,1152000,121994,
zero_length_segment,S_the_woodpecker_fly_COMPL_over_1s_01_02_03_TS.xml,sentence-level-word,S_the_woodpecker_fly_COMPL_over_1s_01_02_03_TS.wav,45.0,52.0,720000,832000,121994,
zero_length_segment,S_the_woodpecker_fly_COMPL_over_1s_01_02_03_TS.xml,sentence-level-word,S_the_woodpecker_fly_COMPL_over_1s_01_02_03_TS.wav,57.0,60.0,912000,960000,121994,
zero_length_segment,S_the_woodpecker_fly_COMPL_over_1s_01_02_03_TS.xml,sentence-level-word,S_the_woodpecker_fly_COMPL_over_1s_01_02_03_TS.wav,60.0,73.0,960000,1168000,121994,
zero_length_segment,S_the_woodpecker_fly_COMPL_over_1s_01_02_03_TS.xml,sentence-level-word,S_the_woodpecker_fly_COMPL_over_1s_01_02_03_TS.wav,52.0,57.0,832000,912000,121994,
zero_length_segment,S_the_woodpecker_fly_COMPL_over_the_field_01_02_03_04_TS.xml,sentence-level-word,S_the_woodpecker_fly_COMPL_over_the_field_01_02_03_04_TS.wav,15.0,18.0,240000,288000,163481,
zero_length_segment,S_the_woodpecker_fly_COMPL_over_the_field_01_02_03_04_TS.xml,sentence-level-word,S_the_woodpecker_fly_COMPL_over_the_field_01_02_03_04_TS.wav,13.0,15.0,208000,240000,163481,
zero_length_segment,S_the_woodpecker_fly_COMPL_over_the_field_01_02_03_04_TS.xml,sentence-level-word,S_the_woodpecker_fly_COMPL_over_the_field_01_02_03_04_TS.wav,18.0,97.0,288000,1552000,163481,
zero_length_segment,S_the_woodpecker_fly_COMPL_over_the_field_01_02_03_04_TS.xml,sentence-level-word,S_the_woodpecker_fly_COMPL_over_the_field_01_02_03_04_TS.wav,22.0,29.0,352000,464000,163481,
zero_length_segment,S_the_woodpecker_fly_COMPL_over_the_field_01_02_03_04_TS.xml,sentence-level-word,S_the_woodpecker_fly_COMPL_over_the_field_01_02_03_04_TS.wav,34.0,36.0,544000,576000,163481,
zero_length_segment,S_the_woodpecker_fly_COMPL_over_the_field_01_02_03_04_TS.xml,sentence-level-word,S_the_woodpecker_fly_COMPL_over_the_field_01_02_03_04_TS.wav,29.0,34.0,464000,544000,163481,
zero_length_segment,S_the_woodpecker_fly_COMPL_over_the_field_01_02_03_04_TS.xml,sentence-level-word,S_the_woodpecker_fly_COMPL_over_the_field_01_02_03_04_TS.wav,36.0,39.0,576000,624000,163481,
zero_length_segment,S_the_woodpecker_fly_COMPL_over_the_field_01_02_03_04_TS.xml,sentence-level-word,S_the_woodpecker_fly_COMPL_over_the_field_01_02_03_04_TS.wav,39.0,98.0,624000,1568000,163481,
zero_length_segment,S_the_woodpecker_fly_COMPL_over_the_field_01_02_03_04_TS.xml,sentence-level-word,S_the_woodpecker_fly_COMPL_over_the_field_01_02_03_04_TS.wav,58.0,61.0,928000,976000,163481,
zero_length_segment,S_the_woodpecker_fly_COMPL_over_the_field_01_02_03_04_TS.xml,sentence-level-word,S_the_woodpecker_fly_COMPL_over_the_field_01_02_03_04_TS.wav,45.0,52.0,720000,832000,163481,
zero_length_segment,S_the_woodpecker_fly_COMPL_over_the_field_01_02_03_04_TS.xml,sentence-level-word,S_the_woodpecker_fly_COMPL_over_the_field_01_02_03_04_TS.wav,52.0,58.0,832000,928000,163481,
zero_length_segment,S_the_woodpecker_fly_COMPL_over_the_field_01_02_03_04_TS.xml,sentence-level-word,S_the_woodpecker_fly_COMPL_over_the_field_01_02_03_04_TS.wav,64.0,99.0,1024000,1584000,163481,
zero_length_segment,S_the_woodpecker_fly_COMPL_over_the_field_01_02_03_04_TS.xml,sentence-level-word,S_the_woodpecker_fly_COMPL_over_the_field_01_02_03_04_TS.wav,61.0,64.0,976000,1024000,163481,
zero_length_segment,S_the_woodpecker_fly_COMPL_over_the_field_01_02_03_04_TS.xml,sentence-level-word,S_the_woodpecker_fly_COMPL_over_the_field_01_02_03_04_TS.wav,80.0,83.0,1280000,1328000,163481,
zero_length_segment,S_the_woodpecker_fly_COMPL_over_the_field_01_02_03_04_TS.xml,sentence-level-word,S_the_woodpecker_fly_COMPL_over_the_field_01_02_03_04_TS.wav,74.0,80.0,1184000,1280000,163481,
zero_length_segment,S_the_woodpecker_fly_COMPL_over_the_field_01_02_03_04_TS.xml,sentence-level-word,S_the_woodpecker_fly_COMPL_over_the_field_01_02_03_04_TS.wav,68.0,74.0,1088000,1184000,163481,
zero_length_segment,S_the_woodpecker_fly_COMPL_over_the_field_01_02_03_04_TS.xml,sentence-level-word,S_the_woodpecker_fly_COMPL_over_the_field_01_02_03_04_TS.wav,83.0,86.0,1328000,1376000,163481,
zero_length_segment,S_the_woodpecker_fly_COMPL_over_the_field_01_02_03_04_TS.xml,sentence-level-word,S_the_woodpecker_fly_COMPL_over_the_field_01_02_03_04_TS.wav,86.0,100.0,1376000,1600000,163481,
zero_length_segment,S_there_is_an_ant_beLOC_on_my_leg_03_TS.xml,sentence-level-word,S_there_is_an_ant_beLOC_on_my_leg_03_TS.wav,12.0,17.0,192000,272000,39023,
zero_length_segment,S_there_is_an_ant_beLOC_on_my_leg_03_TS.xml,sentence-level-word,S_there_is_an_ant_beLOC_on_my_leg_03_TS.wav,3.0,10.0,48000,160000,39023,
zero_length_segment,S_there_is_an_ant_beLOC_on_my_leg_03_TS.xml,sentence-level-word,S_there_is_an_ant_beLOC_on_my_leg_03_TS.wav,20.0,26.0,320000,416000,39023,
zero_length_segment,S_there_is_an_ant_beLOC_on_my_leg_03_TS.xml,sentence-level-word,S_there_is_an_ant_beLOC_on_my_leg_03_TS.wav,10.0,12.0,160000,192000,39023,
zero_length_segment,S_there_is_an_ant_beLOC_on_my_leg_03_TS.xml,sentence-level-word,S_there_is_an_ant_beLOC_on_my_leg_03_TS.wav,17.0,20.0,272000,320000,39023,
zero_length_segment,S_they_both_got_3rd_pl_inf_home_at_the_same_time_01_02_03spkrTS.xml,sentence-level-word,S_they_both_got_3rd_pl_inf_home_at_the_same_time_01_02_03spkrTS.wav,9.0,13.0,144000,208000,66100,
zero_length_segment,S_they_f_sew_clothes_very_well_01_spkrTS.xml,sentence-level-word,S_they_f_sew_clothes_very_well_01_spkrTS.wav,22.0,31.0,352000,496000,31423,
zero_length_segment,S_they_f_sew_clothes_very_well_01_spkrTS.xml,sentence-level-word,S_they_f_sew_clothes_very_well_01_spkrTS.wav,13.0,19.0,208000,304000,31423,
zero_length_segment,S_they_f_sew_clothes_very_well_01_spkrTS.xml,sentence-level-word,S_they_f_sew_clothes_very_well_01_spkrTS.wav,6.0,13.0,96000,208000,31423,
zero_length_segment,S_they_f_sew_clothes_very_well_01_spkrTS.xml,sentence-level-word,S_they_f_sew_clothes_very_well_01_spkrTS.wav,19.0,22.0,304000,352000,31423,
zero_length_segment,S_throw_3s_form_m_IMP_ball_DIR_1s_01_02_TS.xml,sentence-level-word,S_throw_3s_form_m_IMP_ball_DIR_1s_01_02_TS.wav,17.0,44.0,272000,704000,69377,
zero_length_segment,S_throw_3s_form_m_IMP_ball_DIR_1s_01_02_TS.xml,sentence-level-word,S_throw_3s_form_m_IMP_ball_DIR_1s_01_02_TS.wav,8.0,17.0,128000,272000,69377,
zero_length_segment,S_throw_3s_form_m_IMP_ball_DIR_1s_01_02_TS.xml,sentence-level-word,S_throw_3s_form_m_IMP_ball_DIR_1s_01_02_TS.wav,36.0,45.0,576000,720000,69377,
zero_length_segment,S_throw_3s_form_m_IMP_ball_DIR_1s_01_02_TS.xml,sentence-level-word,S_throw_3s_form_m_IMP_ball_DIR_1s_01_02_TS.wav,19.0,22.0,304000,352000,69377,
zero_length_segment,S_throw_3s_form_m_IMP_ball_DIR_1s_01_02_TS.xml,sentence-level-word,S_throw_3s_form_m_IMP_ball_DIR_1s_01_02_TS.wav,22.0,27.0,352000,432000,69377,
zero_length_segment,S_throw_3s_form_m_IMP_ball_DIR_1s_01_02_TS.xml,sentence-level-word,S_throw_3s_form_m_IMP_ball_DIR_1s_01_02_TS.wav,27.0,36.0,432000,576000,69377,
zero_length_segment,S_tree_LOC_PROX_01_02_03_TS.xml,sentence-level-word,S_tree_LOC_PROX_01_02_03_TS.wav,12.0,57.0,192000,912000,62039,
zero_length_segment,S_tree_LOC_PROX_01_02_03_TS.xml,sentence-level-word,S_tree_LOC_PROX_01_02_03_TS.wav,8.0,12.0,128000,192000,62039,
zero_length_segment,S_tree_LOC_PROX_01_02_03_TS.xml,sentence-level-word,S_tree_LOC_PROX_01_02_03_TS.wav,19.0,25.0,304000,400000,62039,
zero_length_segment,S_tree_LOC_PROX_01_02_03_TS.xml,sentence-level-word,S_tree_LOC_PROX_01_02_03_TS.wav,29.0,58.0,464000,928000,62039,
zero_length_segment,S_tree_LOC_PROX_01_02_03_TS.xml,sentence-level-word,S_tree_LOC_PROX_01_02_03_TS.wav,25.0,29.0,400000,464000,62039,
zero_length_segment,S_tree_LOC_PROX_01_02_03_TS.xml,sentence-level-word,S_tree_LOC_PROX_01_02_03_TS.wav,41.0,44.0,656000,704000,62039,
zero_length_segment,S_tree_LOC_PROX_01_02_03_TS.xml,sentence-level-word,S_tree_LOC_PROX_01_02_03_TS.wav,44.0,59.0,704000,944000,62039,
zero_length_segment,S_tree_LOC_PROX_01_02_03_TS.xml,sentence-level-word,S_tree_LOC_PROX_01_02_03_TS.wav,35.0,41.0,560000,656000,62039,
zero_length_segment,S_want_1st_sg_it_to_rain_tomorrow_03_spkrTS.xml,sentence-level-word,S_want_1st_sg_it_to_rain_tomorrow_03_spkrTS.wav,16.0,19.0,256000,304000,62007,
zero_length_segment,S_want_1st_sg_it_to_rain_tomorrow_03_spkrTS.xml,sentence-level-word,S_want_1st_sg_it_to_rain_tomorrow_03_spkrTS.wav,13.0,16.0,208000,256000,62007,
zero_length_segment,S_want_1st_sg_it_to_rain_tomorrow_03_spkrTS.xml,sentence-level-word,S_want_1st_sg_it_to_rain_tomorrow_03_spkrTS.wav,28.0,36.0,448000,576000,62007,
zero_length_segment,S_want_1st_sg_it_to_rain_tomorrow_03_spkrTS.xml,sentence-level-word,S_want_1st_sg_it_to_rain_tomorrow_03_spkrTS.wav,10.0,13.0,160000,208000,62007,
zero_length_segment,S_want_1st_sg_it_to_rain_tomorrow_03_spkrTS.xml,sentence-level-word,S_want_1st_sg_it_to_rain_tomorrow_03_spkrTS.wav,19.0,28.0,304000,448000,62007,
zero_length_segment,S_wash_1st_sg_FUT_NEG_dog_1st_sg_01_02_TS.xml,sentence-level-word,S_wash_1st_sg_FUT_NEG_dog_1st_sg_01_02_TS.wav,10.0,16.0,160000,256000,54807,
zero_length_segment,S_wash_1st_sg_FUT_NEG_dog_1st_sg_01_02_TS.xml,sentence-level-word,S_wash_1st_sg_FUT_NEG_dog_1st_sg_01_02_TS.wav,16.0,21.0,256000,336000,54807,
zero_length_segment,S_wash_1st_sg_FUT_NEG_dog_1st_sg_01_02_TS.xml,sentence-level-word,S_wash_1st_sg_FUT_NEG_dog_1st_sg_01_02_TS.wav,4.0,10.0,64000,160000,54807,
zero_length_segment,S_wash_1st_sg_FUT_dog_1st_sg_01_02_TS.xml,sentence-level-word,S_wash_1st_sg_FUT_dog_1st_sg_01_02_TS.wav,10.0,14.0,160000,224000,52704,
zero_length_segment,S_wash_1st_sg_FUT_dog_1st_sg_01_02_TS.xml,sentence-level-word,S_wash_1st_sg_FUT_dog_1st_sg_01_02_TS.wav,4.0,10.0,64000,160000,52704,
zero_length_segment,S_wash_1st_sg_FUT_dog_1st_sg_01_02_TS.xml,sentence-level-word,S_wash_1st_sg_FUT_dog_1st_sg_01_02_TS.wav,14.0,18.0,224000,288000,52704,
zero_length_segment,S_we_ate_rice_and_beans_for_breakfast_last_saturday_01_02_TS.xml,sentence-level-word,S_we_ate_rice_and_beans_for_breakfast_last_saturday_01_02_TS.wav,24.0,31.0,384000,496000,138746,
zero_length_segment,S_we_ate_rice_and_beans_for_breakfast_last_saturday_01_02_TS.xml,sentence-level-word,S_we_ate_rice_and_beans_for_breakfast_last_saturday_01_02_TS.wav,15.0,21.0,240000,336000,138746,
zero_length_segment,S_we_ate_rice_and_beans_for_breakfast_last_saturday_01_02_TS.xml,sentence-level-word,S_we_ate_rice_and_beans_for_breakfast_last_saturday_01_02_TS.wav,21.0,24.0,336000,384000,138746,
zero_length_segment,S_we_ate_rice_and_beans_for_breakfast_last_saturday_01_02_TS.xml,sentence-level-word,S_we_ate_rice_and_beans_for_breakfast_last_saturday_01_02_TS.wav,31.0,42.0,496000,672000,138746,
zero_length_segment,S_we_ate_rice_and_beans_for_breakfast_last_saturday_01_02_TS.xml,sentence-level-word,S_we_ate_rice_and_beans_for_breakfast_last_saturday_01_02_TS.wav,13.0,15.0,208000,240000,138746,
zero_length_segment,S_we_studied_alot_01_02_TS.xml,sentence-level-word,S_we_studied_alot_01_02_TS.wav,13.0,17.0,208000,272000,49749,
zero_length_segment,S_we_studied_alot_01_02_TS.xml,sentence-level-word,S_we_studied_alot_01_02_TS.wav,8.0,13.0,128000,208000,49749,
zero_length_segment,S_who_wants_to_blow_01_JS.xml,sentence-level-word,S_who_wants_to_blow_01_JS.wav,12.0,21.0,192000,336000,24312,
zero_length_segment,S_who_wants_to_blow_01_JS.xml,sentence-level-word,S_who_wants_to_blow_01_JS.wav,6.0,12.0,96000,192000,24312,
zero_length_segment,S_woman-COP-beautiful_01_02_03_JS.xml,sentence-level-word,S_woman-COP-beautiful_01_02_03_JS.wav,9.0,14.0,144000,224000,104113,
zero_length_segment,S_woman-COP-beautiful_01_02_03_JS.xml,sentence-level-word,S_woman-COP-beautiful_01_02_03_JS.wav,14.0,50.0,224000,800000,104113,
zero_length_segment,S_woman-COP-beautiful_01_02_03_JS.xml,sentence-level-word,S_woman-COP-beautiful_01_02_03_JS.wav,19.0,22.0,304000,352000,104113,
zero_length_segment,S_woman-COP-beautiful_01_02_03_JS.xml,sentence-level-word,S_woman-COP-beautiful_01_02_03_JS.wav,22.0,27.0,352000,432000,104113,
zero_length_segment,S_woman-COP-beautiful_01_02_03_JS.xml,sentence-level-word,S_woman-COP-beautiful_01_02_03_JS.wav,16.0,19.0,256000,304000,104113,
zero_length_segment,S_woman-COP-beautiful_01_02_03_JS.xml,sentence-level-word,S_woman-COP-beautiful_01_02_03_JS.wav,27.0,51.0,432000,816000,104113,
zero_length_segment,S_woman-COP-beautiful_01_02_03_JS.xml,sentence-level-word,S_woman-COP-beautiful_01_02_03_JS.wav,36.0,38.0,576000,608000,104113,
zero_length_segment,S_woman-COP-beautiful_01_02_03_JS.xml,sentence-level-word,S_woman-COP-beautiful_01_02_03_JS.wav,38.0,44.0,608000,704000,104113,
zero_length_segment,S_woman-COP-beautiful_01_02_03_JS.xml,sentence-level-word,S_woman-COP-beautiful_01_02_03_JS.wav,44.0,52.0,704000,832000,104113,
zero_length_segment,S_woman-COP-beautiful_01_02_03_JS.xml,sentence-level-word,S_woman-COP-beautiful_01_02_03_JS.wav,30.0,36.0,480000,576000,104113,
zero_length_segment,S_work_1st_sg_instead_of_Maria_01_02_03_TS.xml,sentence-level-word,S_work_1st_sg_instead_of_Maria_01_02_03_TS.wav,18.0,59.0,288000,944000,138539,
zero_length_segment,S_work_1st_sg_instead_of_Maria_01_02_03_TS.xml,sentence-level-word,S_work_1st_sg_instead_of_Maria_01_02_03_TS.wav,11.0,18.0,176000,288000,138539,
zero_length_segment,S_work_1st_sg_instead_of_Maria_01_02_03_TS.xml,sentence-level-word,S_work_1st_sg_instead_of_Maria_01_02_03_TS.wav,34.0,60.0,544000,960000,138539,
zero_length_segment,S_work_1st_sg_instead_of_Maria_01_02_03_TS.xml,sentence-level-word,S_work_1st_sg_instead_of_Maria_01_02_03_TS.wav,20.0,25.0,320000,400000,138539,
zero_length_segment,S_work_1st_sg_instead_of_Maria_01_02_03_TS.xml,sentence-level-word,S_work_1st_sg_instead_of_Maria_01_02_03_TS.wav,28.0,34.0,448000,544000,138539,
zero_length_segment,S_work_1st_sg_instead_of_Maria_01_02_03_TS.xml,sentence-level-word,S_work_1st_sg_instead_of_Maria_01_02_03_TS.wav,25.0,28.0,400000,448000,138539,
zero_length_segment,S_work_1st_sg_instead_of_Maria_01_02_03_TS.xml,sentence-level-word,S_work_1st_sg_instead_of_Maria_01_02_03_TS.wav,37.0,42.0,592000,672000,138539,
zero_length_segment,S_work_1st_sg_instead_of_Maria_01_02_03_TS.xml,sentence-level-word,S_work_1st_sg_instead_of_Maria_01_02_03_TS.wav,42.0,45.0,672000,720000,138539,
zero_length_segment,S_work_1st_sg_instead_of_Maria_01_02_03_TS.xml,sentence-level-word,S_work_1st_sg_instead_of_Maria_01_02_03_TS.wav,45.0,52.0,720000,832000,138539,
zero_length_segment,S_work_1st_sg_instead_of_Maria_01_02_03_TS.xml,sentence-level-word,S_work_1st_sg_instead_of_Maria_01_02_03_TS.wav,52.0,61.0,832000,976000,138539,
zero_length_segment,S_you_2s_inf_smell_bad_01_02_03_spkrTS.xml,sentence-level-word,S_you_2s_inf_smell_bad_01_02_03_spkrTS.wav,8.0,15.0,128000,240000,65588,
zero_length_segment,S_you_2s_inf_smell_good_01_02_03_spkrTS.xml,sentence-level-word,S_you_2s_inf_smell_good_01_02_03_spkrTS.wav,7.0,16.0,112000,256000,58346,
zero_length_segment,V_CMND_sit_down_in_back_of_me_01_02_03_spkrTS.xml,sentence-level-word,V_CMND_sit_down_in_back_of_me_01_02_03_spkrTS.wav,8.0,44.0,128000,704000,69766,
zero_length_segment,V_CMND_sit_down_in_back_of_me_01_02_03_spkrTS.xml,sentence-level-word,V_CMND_sit_down_in_back_of_me_01_02_03_spkrTS.wav,22.0,45.0,352000,720000,69766,
zero_length_segment,V_CMND_sit_down_in_back_of_me_01_02_03_spkrTS.xml,sentence-level-word,V_CMND_sit_down_in_back_of_me_01_02_03_spkrTS.wav,14.0,22.0,224000,352000,69766,
zero_length_segment,V_CMND_sit_down_in_back_of_me_01_02_03_spkrTS.xml,sentence-level-word,V_CMND_sit_down_in_back_of_me_01_02_03_spkrTS.wav,27.0,35.0,432000,560000,69766,
zero_length_segment,V_CMND_sit_down_in_back_of_me_01_02_03_spkrTS.xml,sentence-level-word,V_CMND_sit_down_in_back_of_me_01_02_03_spkrTS.wav,35.0,46.0,560000,736000,69766,
zero_length_segment,V_CMND_sit_down_in_front_of_me_01_02_03_spkrTS.xml,sentence-level-word,V_CMND_sit_down_in_front_of_me_01_02_03_spkrTS.wav,10.0,40.0,160000,640000,70606,
zero_length_segment,V_CMND_sit_down_in_front_of_me_01_02_03_spkrTS.xml,sentence-level-word,V_CMND_sit_down_in_front_of_me_01_02_03_spkrTS.wav,13.0,23.0,208000,368000,70606,
zero_length_segment,V_CMND_sit_down_in_front_of_me_01_02_03_spkrTS.xml,sentence-level-word,V_CMND_sit_down_in_front_of_me_01_02_03_spkrTS.wav,23.0,41.0,368000,656000,70606,
zero_length_segment,V_CMND_sit_down_in_front_of_me_01_02_03_spkrTS.xml,sentence-level-word,V_CMND_sit_down_in_front_of_me_01_02_03_spkrTS.wav,26.0,34.0,416000,544000,70606,
zero_length_segment,V_CMND_sit_down_in_front_of_me_01_02_03_spkrTS.xml,sentence-level-word,V_CMND_sit_down_in_front_of_me_01_02_03_spkrTS.wav,34.0,42.0,544000,672000,70606,
zero_length_segment,V_CMND_sit_down_next_to_me_01_02_spkrTS.xml,sentence-level-word,V_CMND_sit_down_next_to_me_01_02_spkrTS.wav,11.0,28.0,176000,448000,48752,
zero_length_segment,V_CMND_sit_down_next_to_me_01_02_spkrTS.xml,sentence-level-word,V_CMND_sit_down_next_to_me_01_02_spkrTS.wav,4.0,11.0,64000,176000,48752,
zero_length_segment,V_CMND_sit_down_next_to_me_01_02_spkrTS.xml,sentence-level-word,V_CMND_sit_down_next_to_me_01_02_spkrTS.wav,23.0,29.0,368000,464000,48752,
zero_length_segment,V_CMND_sit_down_next_to_me_01_02_spkrTS.xml,sentence-level-word,V_CMND_sit_down_next_to_me_01_02_spkrTS.wav,17.0,23.0,272000,368000,48752,
zero_length_segment,V_CMND_sit_down_next_to_me_01_02_spkrTS.xml,sentence-level-word,V_CMND_sit_down_next_to_me_01_02_spkrTS.wav,14.0,17.0,224000,272000,48752,
zero_length_segment,V_CMND_stand_up_01_02_03_spkrTS.xml,sentence-level-word,V_CMND_stand_up_01_02_03_spkrTS.wav,4.0,24.0,64000,384000,53872,
zero_length_segment,V_CMND_stand_up_01_02_03_spkrTS.xml,sentence-level-word,V_CMND_stand_up_01_02_03_spkrTS.wav,10.0,25.0,160000,400000,53872,
zero_length_segment,V_CMND_stand_up_01_02_03_spkrTS.xml,sentence-level-word,V_CMND_stand_up_01_02_03_spkrTS.wav,7.0,10.0,112000,160000,53872,
zero_length_segment,V_CMND_stand_up_01_02_03_spkrTS.xml,sentence-level-word,V_CMND_stand_up_01_02_03_spkrTS.wav,17.0,26.0,272000,416000,53872,
zero_length_segment,V_CMND_stand_up_01_02_03_spkrTS.xml,sentence-level-word,V_CMND_stand_up_01_02_03_spkrTS.wav,14.0,17.0,224000,272000,53872,
zero_length_segment,V_be_hungry-be_dying_of_hunger_02_JS.xml,sentence-level-word,V_be_hungry-be_dying_of_hunger_02_JS.wav,4.0,11.0,64000,176000,21007,
zero_length_segment,V_give_2nd_sg_inf_FUT_02_spkrJS.xml,sentence-level-word,V_give_2nd_sg_inf_FUT_02_spkrJS.wav,3.0,11.0,48000,176000,12173,
zero_length_segment,V_give_2nd_sg_inf_FUT_02_spkrJS.xml,sentence-level-word,V_give_2nd_sg_inf_FUT_02_spkrJS.wav,1.0,3.0,16000,48000,12173,
zero_length_segment,V_go_2nd_pl_form_01_02_spkrJS.xml,sentence-level-word,V_go_2nd_pl_form_01_02_spkrJS.wav,8.0,15.0,128000,240000,29203,
zero_length_segment,V_go_2nd_pl_inf_01_02_spkrJS.xml,sentence-level-word,V_go_2nd_pl_inf_01_02_spkrJS.wav,8.0,12.0,128000,192000,27059,
zero_length_segment,V_go_2nd_sg_form_01_02_spkrJS.xml,sentence-level-word,V_go_2nd_sg_form_01_02_spkrJS.wav,8.0,12.0,128000,192000,26640,
zero_length_segment,V_go_2nd_sg_inf_FUT_02_spkrJS.xml,sentence-level-word,V_go_2nd_sg_inf_FUT_02_spkrJS.wav,3.0,10.0,48000,160000,13898,
zero_length_segment,V_go_2nd_sg_inf_FUT_02_spkrJS.xml,sentence-level-word,V_go_2nd_sg_inf_FUT_02_spkrJS.wav,1.0,3.0,16000,48000,13898,
zero_length_segment,V_go_3rd_pl_form_all_03_04_JS.xml,sentence-level-word,V_go_3rd_pl_form_all_03_04_JS.wav,4.0,8.0,64000,128000,42340,
zero_length_segment,V_go_3rd_pl_form_all_03_04_JS.xml,sentence-level-word,V_go_3rd_pl_form_all_03_04_JS.wav,8.0,26.0,128000,416000,42340,
zero_length_segment,V_go_3rd_pl_form_all_03_04_JS.xml,sentence-level-word,V_go_3rd_pl_form_all_03_04_JS.wav,12.0,15.0,192000,240000,42340,
zero_length_segment,V_go_3rd_pl_form_all_03_04_JS.xml,sentence-level-word,V_go_3rd_pl_form_all_03_04_JS.wav,15.0,20.0,240000,320000,42340,
zero_length_segment,V_go_3rd_pl_form_all_03_04_JS.xml,sentence-level-word,V_go_3rd_pl_form_all_03_04_JS.wav,20.0,27.0,320000,432000,42340,
zero_length_segment,V_go_3rd_pl_form_all_FUT_02_spkrJS.xml,sentence-level-word,V_go_3rd_pl_form_all_FUT_02_spkrJS.wav,8.0,14.0,128000,224000,19020,
zero_length_segment,V_go_3rd_pl_inf_01_spkrJS.xml,sentence-level-word,V_go_3rd_pl_inf_01_spkrJS.wav,7.0,14.0,112000,224000,18585,
zero_length_segment,V_go_3rd_sg_form_f_FUT_01_spkrJS.xml,sentence-level-word,V_go_3rd_sg_form_f_FUT_01_spkrJS.wav,3.0,10.0,48000,160000,17413,
zero_length_segment,V_go_3s_form_m_FUT_01_02_JS.xml,sentence-level-word,V_go_3s_form_m_FUT_01_02_JS.wav,9.0,13.0,144000,208000,51340,
zero_length_segment,V_jump_3rd_sg_inf_FUT_03_spkrJS.xml,sentence-level-word,V_jump_3rd_sg_inf_FUT_03_spkrJS.wav,3.0,11.0,48000,176000,15097,
zero_length_segment,V_jump_3rd_sg_inf_FUT_03_spkrJS.xml,sentence-level-word,V_jump_3rd_sg_inf_FUT_03_spkrJS.wav,1.0,3.0,16000,48000,15097,
zero_length_segment,V_run_1st_pl_01_02_spkrJS.xml,sentence-level-word,V_run_1st_pl_01_02_spkrJS.wav,7.0,21.0,112000,336000,41293,
zero_length_segment,V_run_1st_pl_01_02_spkrJS.xml,sentence-level-word,V_run_1st_pl_01_02_spkrJS.wav,10.0,16.0,160000,256000,41293,
zero_length_segment,V_run_1st_pl_01_02_spkrJS.xml,sentence-level-word,V_run_1st_pl_01_02_spkrJS.wav,16.0,22.0,256000,352000,41293,
zero_length_segment,V_run_2nd_pl_form_01_02_spkrJS.xml,sentence-level-word,V_run_2nd_pl_form_01_02_spkrJS.wav,6.0,24.0,96000,384000,36547,
zero_length_segment,V_run_2nd_pl_form_01_02_spkrJS.xml,sentence-level-word,V_run_2nd_pl_form_01_02_spkrJS.wav,11.0,17.0,176000,272000,36547,
zero_length_segment,V_run_2nd_pl_form_01_02_spkrJS.xml,sentence-level-word,V_run_2nd_pl_form_01_02_spkrJS.wav,17.0,25.0,272000,400000,36547,
zero_length_segment,V_run_2nd_pl_inf_01_spkrJS.xml,sentence-level-word,V_run_2nd_pl_inf_01_spkrJS.wav,6.0,10.0,96000,160000,19079,
zero_length_segment,V_run_2nd_sg_form_01_spkrJS.xml,sentence-level-word,V_run_2nd_sg_form_01_spkrJS.wav,6.0,10.0,96000,160000,16057,
zero_length_segment,V_run_3rd_pl_form_all_01_02_spkrJS.xml,sentence-level-word,V_run_3rd_pl_form_all_01_02_spkrJS.wav,7.0,24.0,112000,384000,36883,
zero_length_segment,V_run_3rd_pl_form_all_01_02_spkrJS.xml,sentence-level-word,V_run_3rd_pl_form_all_01_02_spkrJS.wav,11.0,16.0,176000,256000,36883,
zero_length_segment,V_run_3rd_pl_form_all_01_02_spkrJS.xml,sentence-level-word,V_run_3rd_pl_form_all_01_02_spkrJS.wav,16.0,25.0,256000,400000,36883,
zero_length_segment,V_run_3rd_pl_inf_01_spkrJS.xml,sentence-level-word,V_run_3rd_pl_inf_01_spkrJS.wav,7.0,12.0,112000,192000,22009,
zero_length_segment,V_run_3rd_sg_form_m_01_02_spkrJS.xml,sentence-level-word,V_run_3rd_sg_form_m_01_02_spkrJS.wav,6.0,18.0,96000,288000,30666,
zero_length_segment,V_run_3rd_sg_form_m_01_02_spkrJS.xml,sentence-level-word,V_run_3rd_sg_form_m_01_02_spkrJS.wav,13.0,19.0,208000,304000,30666,
zero_length_segment,V_run_3rd_sg_form_m_01_02_spkrJS.xml,sentence-level-word,V_run_3rd_sg_form_m_01_02_spkrJS.wav,9.0,13.0,144000,208000,30666,
zero_length_segment,V_sing_3rd_pl_inf_01_spkrJS.xml,sentence-level-word,V_sing_3rd_pl_inf_01_spkrJS.wav,7.0,13.0,112000,208000,19896,
zero_length_segment,V_sleep_1st_sg_01_spkrJS.xml,sentence-level-word,V_sleep_1st_sg_01_spkrJS.wav,8.0,11.0,128000,176000,12712,
zero_length_segment,V_sleep_1st_sg_01_spkrJS.xml,sentence-level-word,V_sleep_1st_sg_01_spkrJS.wav,1.0,8.0,16000,128000,12712,
zero_length_segment,V_sleep_1st_sg_02_spkrJS.xml,sentence-level-word,V_sleep_1st_sg_02_spkrJS.wav,6.0,6.0,96000,96000,12712,
zero_length_segment,V_sleep_1st_sg_02_spkrJS.xml,sentence-level-word,V_sleep_1st_sg_02_spkrJS.wav,1.0,6.0,16000,96000,12712,
zero_length_segment,V_speak_1st_sg_01_spkrTS.xml,sentence-level-word,V_speak_1st_sg_01_spkrTS.wav,7.0,11.0,112000,176000,12146,
zero_length_segment,V_speak_1st_sg_01_spkrTS.xml,sentence-level-word,V_speak_1st_sg_01_spkrTS.wav,1.0,7.0,16000,112000,12146,
zero_length_segment,WH_Q_when_01_spkrTS.xml,sentence-level-word,WH_Q_when_01_spkrTS.wav,2.0,6.0,32000,96000,11157,
zero_length_segment,WH_Q_when_01_spkrTS.xml,sentence-level-word,WH_Q_when_01_spkrTS.wav,6.0,9.0,96000,144000,11157,
zero_length_segment,WH_Q_when_02_spkrTS.xml,sentence-level-word,WH_Q_when_02_spkrTS.wav,2.0,6.0,32000,96000,12435,
zero_length_segment,WH_Q_when_02_spkrTS.xml,sentence-level-word,WH_Q_when_02_spkrTS.wav,6.0,10.0,96000,160000,12435,
zero_length_segment,WH_Q_when_03_spkrTS.xml,sentence-level-word,WH_Q_when_03_spkrTS.wav,2.0,5.0,32000,80000,10050,
zero_length_segment,WH_Q_when_03_spkrTS.xml,sentence-level-word,WH_Q_when_03_spkrTS.wav,5.0,9.0,80000,144000,10050,
zero_length_segment,be_at_home_PRES_1s_01_02_03_TS.xml,sentence-level-word,be_at_home_PRES_1s_01_02_03_TS.wav,16.0,27.0,256000,432000,183883,
zero_length_segment,be_at_home_PST_3s-inf_01_02_03_TS.xml,sentence-level-word,be_at_home_PST_3s-inf_01_02_03_TS.wav,10.0,17.0,160000,272000,117690,
zero_length_segment,be_at_home_PST_3s-inf_01_02_03_TS.xml,sentence-level-word,be_at_home_PST_3s-inf_01_02_03_TS.wav,17.0,30.0,272000,480000,117690,
zero_length_segment,body_part_relations_penis_legs_01_02_TS.xml,sentence-level-word,body_part_relations_penis_legs_01_02_TS.wav,12.0,17.0,192000,272000,110708,
zero_length_segment,body_part_relations_penis_legs_01_02_TS.xml,sentence-level-word,body_part_relations_penis_legs_01_02_TS.wav,23.0,32.0,368000,512000,110708,
zero_length_segment,body_part_relations_penis_legs_01_02_TS.xml,sentence-level-word,body_part_relations_penis_legs_01_02_TS.wav,9.0,12.0,144000,192000,110708,
zero_length_segment,body_part_relations_penis_legs_01_02_TS.xml,sentence-level-word,body_part_relations_penis_legs_01_02_TS.wav,17.0,23.0,272000,368000,110708,
zero_length_segment,s_the_bat_fly_COMPL_enter_COMPL_the_cave_01_02_03_TS.xml,sentence-level-word,s_the_bat_fly_COMPL_enter_COMPL_the_cave_01_02_03_TS.wav,20.0,26.0,320000,416000,128966,
zero_length_segment,s_the_bat_fly_COMPL_enter_COMPL_the_cave_01_02_03_TS.xml,sentence-level-word,s_the_bat_fly_COMPL_enter_COMPL_the_cave_01_02_03_TS.wav,26.0,29.0,416000,464000,128966,
zero_length_segment,s_the_bat_fly_COMPL_enter_COMPL_the_cave_01_02_03_TS.xml,sentence-level-word,s_the_bat_fly_COMPL_enter_COMPL_the_cave_01_02_03_TS.wav,29.0,38.0,464000,608000,128966,
zero_length_segment,s_the_bat_fly_COMPL_enter_COMPL_the_cave_01_02_03_TS.xml,sentence-level-word,s_the_bat_fly_COMPL_enter_COMPL_the_cave_01_02_03_TS.wav,10.0,17.0,160000,272000,128966,
zero_length_segment,s_the_bat_fly_COMPL_enter_COMPL_the_cave_01_02_03_TS.xml,sentence-level-word,s_the_bat_fly_COMPL_enter_COMPL_the_cave_01_02_03_TS.wav,17.0,20.0,272000,320000,128966,
